字目	音节	声调	注释	备注		
做	tso	53			声调符号	
座	tsʰo	31			阴平	44
坐	tsʰo	44			阳平	13
作	tsok	1			上声	31
佐	tso	31			去声	53
左	tso	31			阴入	1
昨	tsʰok	5			阳入	5
嘬	tsot	5	～田螺			
撙	tsun	44				
樽	tsun	44				
遵	tsun	44				
尊	tsun	44				
醉	tsui	53				
罪	tsʰi	31				
最	tsui	53				
嘴	tʂoi	53				
鑽	tsan	53				
纂	tsʰon	53	編～			
組	tsɿ	44				
祖	tsɿ	31				
阻	tsɿ	31				
族	tsʰək	5				
卒	tsut	1				
足	tsiuk	1	～球			
租	tsɿ	44				
奏	tsʰeu	53				
走	tseu	31				
鄒	tseu	44				
縱	tsəŋ	44	～横			
縱	tsiuŋ	31	放～			
粽	tsəŋ	53				
總	tsəŋ	31				
蹤	tsəŋ	44	～影			
鬃	tsəŋ	44	豬～			
綜	tsəŋ	44				
棕	tsəŋ	53				
宗	tsəŋ	44				
牸	tsʰɿ	53	牛～			
字	sɿ	31				
自	tsʰɿ	31				
滓	tsai	31				
紫	tsɿ	31				
梓	tsɿ	31				
姊	tsi	31				
子	tsɿ	31				
資	tsɿ	44				
滋	tsɿ	44				
姿	tsɿ	44				
咨	tsɿ	44				
茲	tsɿ	44				
濁	tsʰək	5				
琢	tʂok	1				
啄	tuk	1	～木鳥			
酌	tʂok	1				
斫	tok	5	～豬肉			
卓	tsok	1				
桌	tsok	1				
捉	tsək	1				
拙	tʂot	1				
准	tʂun	31				
諄	tʂun	44				
諄	ʂun	13				
贅	tʂui	53	累～			
綴	tʂui	53	點～			
墜	tʂui	53				
錐	tʂui	44				
追	tʂui	44				
撞	tsʰoŋ	31				
狀	tsʰoŋ	31				
壯	tsoŋ	53				
裝	tsoŋ	44				
莊	tsoŋ	44				
轉	tʂon	31	～送			
賺	tsʰan	31				
篆	tʂʰon	31				
撰	tsʰon	53	～寫			
磚	tʂon	44				
專	tʂon	44				
抓	tsa	44				
抓	tsau	31	～牙			
鑄	tʂu	53				
築	tʂuk	1				
駐	tʂu	53				
蛀	tʂu	53				
著	tʂʰok	5	附～；做～；做對			
著	tʂok	1	～衫，穿衣			
著	tʂu	53				
祝	tʂuk	1				
柱	tʂʰu	44				
注	tʂu	53				
苧	tʂʰu	44				
住	tʂʰu	31				
助	tsʰɿ	31				
囑	tʂuk	1				
煮	tʂu	31				
主	tʂu	31				
燭	tʂuk	1				
逐	tsʰək	5				
竹	tʂuk	1				
諸	tʂu	44				
豬	tʂu	44				
誅	tʂu	44				
蛛	tʂu	44				
硃	tʂu	44				
株	tʂu	44				
珠	tʂu	44				
帚	tsiu	31				
驟	tsʰeu	31				
皺	tsiu	53				
晝	tsiu	53				
宙	tsʰiu	53				
咒	tsiu	53				
肘	tsiu	31				
軸	tsʰək	5				
謅	tsiu	53				
粥	tʂuk	1				
洲	tsiu	44				
周	tsiu	44				
州	tsiu	44				
舟	tsiu	44				
衆	tʂuŋ	53				
重	uŋ	31	～視			
重	tʂʰuŋ	13	～復			
仲	uŋ	31				
種	tʂuŋ	31	～類			
種	tʂuŋ	53	～樹			
腫	tʂuŋ	31				
塚	tʂuŋ	31				
鐘	tʂuŋ	44				
終	tʂuŋ	44				
盅	tʂuŋ	44				
忠	tʂuŋ	44				
中	tʂuŋ	44				
中	tʂuŋ	53	射～			
質	tʂit	1				
稚	tʂʰi	44	幼～			
智	tʂi	53				
秩	tʂit	1				
致	tʂi	53				
治	tʂʰi	31				
炙	tʂak	1				
炙	kiu	53	針～			
制	tʂi	53				
趾	tʂi	31				
紙	tʂi	31				
指	tʂi	31				
旨	tʂi	31				
止	tʂi	31				
職	tʂit	1				
稙	tʂʰit	5				
殖	tʂʰit	5				
植	tʂʰit	5				
執	tʂip	1				
值	tʂʰit	5				
姪	tʂʰit	5				
直	tʂʰit	5				
織	tʂit	1				
脂	tʂi	44				
肢	tʂi	44				
知	ti	44				
知	tʂi	53	～識			
枝	ki	44	一～花			
枝	tʂi	44				
芝	tʂi	44				
汁	tʂip	1				
只	tʂak	1				
支	tʂi	44				
之	tʂi	44				
證	tʂin	53				
鄭	tʂʰaŋ	31				
症	tʂin	53				
政	tʂin	53				
正	tʂaŋ	44	～月			
正	tʂaŋ	53	行～來			
整	tʂaŋ	31	～東西，修東西			
拯	tʂin	31	～救			
箏	tsaŋ	44				
踭	tsaŋ	44	脚～，脚跟			
睜	tsaŋ	44				
蒸	tʂin	44				
爭	tsaŋ	44				
征	tʂin	44				
鎮	tʂin	31				
震	tʂin	31				
振	tʂin	31				
陣	tʂʰin	31				
圳	tʂun	53	深～，地名			
診	tʂin	44				
疹	tʂin	44				
枕	tʂim	31				
臻	tʂin	44				
榛	tʂin	44				
斟	tʂim	44				
偵	tʂin	44				
針	tʂim	44				
砧	tsem	44	～板			
真	tʂin	44				
貞	tʂin	44				
珍	tʂin	44				
蔗	tʂa	53				
浙	tʂet	1	～江			
褶	tsap	1	百～裙			
者	tʂa	31				
蟄	tʂʰit	5	驚～			
哲	tʂet	1				
折	tsap	1	～疊			
折	tʂet	1	～斷			
遮	tʂa	44				
趙	tʂʰau	31				
罩	tsau	53				
照	tʂau	53				
詔	tʂau	53				
笊	tsau	53	～撈，～籬			
兆	tʂʰau	31				
召	tʂʰau	53				
沼	tʂau	53				
找	koŋ	44				
找	tsau	31				
昭	tʂau	44				
招	tʂau	44				
瘴	tʂoŋ	53	～氣			
賬	tʂoŋ	53				
障	tʂoŋ	53	保～			
脹	tʂoŋ	53				
帳	tʂoŋ	53				
杖	tʂʰoŋ	31				
仗	tʂoŋ	53				
丈	tʂʰoŋ	31				
漲	tʂoŋ	53				
掌	tʂoŋ	31				
樟	tʂoŋ	44				
彰	tʂoŋ	44				
張	tʂoŋ	44				
章	tʂoŋ	44				
蘸	tsiam	31	～糖			
戰	tʂen	53				
綻	tsan	53	破～			
湛	kʰam	44	～紅，地名			
棧	tsʰan	31				
站	tsʰam	31				
占	tʂiam	44	～卜			
占	tʂam	53				
盞	tsan	31	燈～			
斬	tsam	31				
展	tsen	31				
瞻	tʂiam	44				
氈	tʂen	44				
粘	ŋiam	13	～貼			
沾	tʂam	44				
寨	tsʰai	31				
債	tsai	53				
宅	tsʰet	5				
齋	tsai	44				
摘	tsak	1				
榨	tsa	53	～油			
詐	tsa	53				
炸	tsa	53	用油～；～彈			
柵	tsʰap	5	鐵～欄			
乍	tsa	53				
眨	pen	31	～眼			
鍘	tset	1	～刀			
閘	tsʰap	5	～門			
劄	tsat	1				
楂	tsa	44				
渣	tsa	44				
紮	tsat	1				
贈	tsen	53				
鋥	tʂʰaŋ	13	～光			
憎	tsen	44				
賊	tsʰet	5				
澤	tsʰet	5				
擇	tʰok	5	～菜			
擇	tsʰet	5				
責	tsit	1				
則	tset	1				
躁	tsʰau	53				
造	tsʰau	31				
灶	tsau	53				
皂	tsʰau	53				
繰	tsʰiau	44	～衫脚			
澡	tsʰau	53				
棗	tsau	31				
蚤	tsau	31				
早	tsau	31				
鑿	tsʰok	5				
糟	tsau	44	酒～			
遭	tsau	44				
葬	tsoŋ	53				
髒	tsʰoŋ	31				
贓	tsoŋ	44				
灒	tsan	53				
贊	tsan	53				
暫	tsʰiam	31				
撍	tsem	31	～印，蓋印			
簪	tʂam	44				
在	tsʰai	31				
再	tsai	53				
載	tsoi	53	～重			
宰	tsai	31				
栽	tsai	44				
災	tsai	44				
韻	iun	31				
運	ʂu	31				
運	iun	31				
孕	in	31				
允	iun	44	～許			
雲	iun	13				
耘	iun	13				
芸	iun	13				
勻	iun	13				
躍	iok	1				
嶽	ŋok	5				
樂	lok	5				
閲	iet	5				
粵	iet	5				
越	iet	5				
悅	iet	5				
月	ŋiet	5				
約	iok	1				
曰	iet	5				
願	ŋien	31				
院	ien	53				
怨	ien	53				
遠	ien	31				
轅	ien	13				
緣	ien	13				
源	ŋien	13				
圓	ien	13				
園	ien	13				
援	ien	44				
員	ien	13				
原	ŋien	13				
袁	ien	13				
元	ŋien	13				
淵	ien	44				
冤	ien	44				
鬱	iuk	1				
譽	i	53	榮～			
禦	ŋi	31				
豫	i	53				
獄	ŋiuk	5				
預	i	31				
裕	i	53				
喻	i	31				
遇	ŋi	31				
欲	iuk	5				
域	vet	1				
浴	iuk	5				
玉	ŋiuk	5				
語	ŋi	44				
與	i	44				
雨	i	31				
宇	i	44				
漁	ŋ	13				
愚	ŋi	13				
虞	i	13				
榆	i	31				
愉	i	31				
逾	i	31	～期			
魚	ŋ	13				
余	i	13				
汙	vu	44				
於	i	44				
迂	i	44				
鼬	iu	53	黄～			
誘	iu	53				
釉	iu	53				
祐	iu	31				
柚	iu	31				
佑	iu	31				
幼	iu	31				
右	iu	53				
又	iu	53				
酉	iu	31				
有	iu	44				
友	iu	44				
遊	iu	13				
猶	iu	13				
郵	iu	13				
油	iu	13				
由	iu	13				
尤	iu	13				
優	iu	13				
憂	iu	44				
悠	iu	44				
幽	iu	44				
用	iuŋ	31				
踴	iuŋ	31				
蛹	iuŋ	31				
湧	iuŋ	31				
詠	iun	31				
勇	iuŋ	31				
俑	iuŋ	31				
甬	iuŋ	31				
永	iun	44				
臃	iuŋ	44				
壅	iuŋ	44				
擁	iuŋ	31				
雍	iuŋ	44				
傭	iuŋ	31				
庸	iuŋ	13				
喲	io	44				
應	in	44	～當			
應	in	53	～付			
硬	ŋaŋ	31				
映	iaŋ	31				
穎	in	31				
影	iaŋ	31				
贏	iaŋ	13				
瀛	iun	31				
蠅	in	13				
縈	iaŋ	44	～錢，繞			
營	iaŋ	13				
螢	in	13				
瑩	in	13				
塋	in	13				
盈	in	13				
迎	ŋiaŋ	13				
鸚	in	44	～鵡			
鷹	in	44				
纓	in	44				
鶯	in	44				
櫻	in	44	～桃			
嬰	in	44				
英	in	44				
印	in	53				
隱	in	31				
飲	im	31	～酒；～馬			
引	in	31				
尹	in	13				
銀	ŋiun	13				
欽	kʰim	44				
淫	ŋin	13				
吟	ŋin	13				
蔭	im	44	樹～			
陰	im	44				
殷	in	44				
姻	in	44				
洇	ien	44				
音	im	44				
茵	in	44				
因	in	44				
議	ŋi	31				
譯	it	5				
藝	ŋi	31				
翼	it	5	雞			
縊	it	1				
憶	i	53				
毅	ŋi	31				
誼	ŋi	13				
億	i	53				
義	ŋi	31				
意	i	53				
肄	i	31	～業			
逸	it	5				
異	i	31				
益	it	1				
易	it	5	交～			
易	i	53	難～			
抑	it	1	～制			
亦	it	5				
刈	i	53				
蟻	ŋi	44				
椅	i	31				
以	i	44				
已	ki	31				
乙	iet	1				
儀	ŋi	13				
遺	vi	13				
疑	ŋi	13				
移	i	13				
姨	i	13				
夷	i	13				
醫	i	44				
壹	it	1				
依	i	44				
衣	i	44				
伊	i	13				
一	it	1				
一	kau	53	～目			
靨	ŋiap	1				
業	ŋiap	5				
葉	iap	5				
液	it	5				
頁	iap	5				
夜	ia	53				
野	ia	53				
也	ia	44				
爺	ia	13				
噎	it	1				
耶	ia	44				
鷂	iau	53	紙～，風筝			
耀	iau	53				
藥	iok	5				
要	iau	44	～求			
要	iau	53	重～			
舀	iau	31	～水			
咬	ŋau	44				
謡	iau	13				
窰	iau	13				
瑤	iau	13				
搖	iau	13				
堯	ŋiau	13				
姚	iau	13				
肴	ŋau	13				
邀	iau	44				
腰	iau	44				
妖	iau	44				
吆	iau	44	～喝			
樣	ioŋ	31				
烊	ioŋ	13				
癢	ioŋ	44				
養	ioŋ	44				
仰	ŋioŋ	31	～慕			
瘍	ioŋ	13	潰～			
楊	ioŋ	13				
揚	ioŋ	13				
陽	ioŋ	13				
洋	ioŋ	13				
羊	ioŋ	13				
秧	ioŋ	44				
殃	ioŋ	44				
央	ioŋ	44				
釅	ŋiam	13				
艷	iam	31				
驗	ŋiam	31				
諺	ŋien	31				
燕	ien	53				
厭	iam	53				
焰	iam	31				
雁	ŋan	53				
硯	ien	53				
堰	ien	53				
宴	ien	53				
晏	ien	53				
魘	iam	31				
儼	ŋiam	31	～然			
演	ien	44				
眼	ŋan	31				
掩	iam	31				
鹽	iam	13				
巖	ŋam	13				
嚴	ŋiam	13				
顔	ŋan	13				
閻	iam	13				
筵	ien	13				
蜒	tʰin	13				
研	ŋan	44				
沿	ien	13				
炎	iam	13				
言	ŋien	13				
延	ien	13				
閹	iam	44				
醃	iap	1	～肉			
煙	ien	44				
淹	iam	44				
焉	ien	44				
咽	ien	53				
軋	tsat	1				
亞	a	44	～洲			
雅	ŋa	31				
啞	a	31	聾～			
衙	ŋa	13				
芽	ŋa	13				
伢	ŋa	13				
牙	ŋa	13				
壓	ap	1				
鴨	ap	1				
鴉	a	44	～片			
椏	a	44				
押	ap	1				
丫	a	44				
遜	sin	44				
馴	hiun	53				
訊	sin	31				
訓	hiun	53				
殉	sun	13				
迅	sin	31				
尋	tsʰim	13				
循	sun	13				
荀	sun	13				
巡	sun	13				
旬	sun	13				
醺	hiun	44				
曛	hiun	44				
獯	hiun	44				
薰	hiun	44				
熏	hiun	44				
勛	hiun	44				
血	ʂet	1				
雪	set	1				
學	hok	5				
穴	ʂet	5				
薛	set	1				
靴	hio	44				
削	siok	1				
鏇	sen	13				
眩	hien	13				
癬	sen	31	牛皮～			
選	sen	31				
懸	hien	13				
璿	sen	13				
旋	sen	13				
玄	hien	13				
喧	sen	44				
軒	hien	44				
宣	sen	44				
續	siuk	5				
緒	si	31				
蓄	ʂuk	1	儲～			
婿	se	53	～郎，女婿			
絮	si	53				
敘	si	31				
恤	sit	1				
序	si	31				
徐	tsʰi	13				
噓	hi	44				
需	si	44				
墟	hi	44	赴～			
須	si	44				
虛	hi	44				
戌	sut	1				
鏽	siu	53				
繡	siu	53				
嗅	ʂiu	53	～覺			
袖	tsʰiu	31				
秀	siu	53				
宿	siuk	1	～舍			
朽	ʂiu	31				
羞	siu	44				
修	siu	44				
休	ʂiu	44				
熊	iuŋ	13				
雄	hiuŋ	13				
胸	hiuŋ	44				
兄	hiuŋ	44				
凶	hiuŋ	44				
興	ʂin	44	～旺			
興	ʂin	53	高～			
姓	siaŋ	53				
性	siaŋ	53	發～，發脾氣			
幸	hen	31				
杏	hen	31				
醒	siaŋ	31				
型	ʂin	13				
形	ʂin	13				
刑	ʂin	13				
腥	siaŋ	44				
星	sin	44				
信	sin	53				
馨	ʂin	44				
薪	sin	44				
新	sin	44				
欣	hin	44				
辛	sin	44				
心	sim	44				
蟹	hai	31				
瀉	sia	53				
謝	tsʰia	31	姓			
謝	tsʰia	53	多～			
懈	hai	31				
械	hai	53				
屑	set	1	木～			
泄	set	1	～漏			
寫	sia	31				
諧	ai	53	和～			
鞋	hai	13				
斜	sia	13				
脅	hiap	1				
挾	kʰiap	5	～菜			
協	hiap	1				
邪	sia	13				
蠍	ʂet	1				
歇	ʂet	1				
些	sia	44				
效	hau	31	～果			
笑	siau	53				
校	kau	31	～對；上～			
孝	hau	53				
曉	hiau	31	～得，會			
小	siau	31				
淆	ŋau	13				
囂	hiau	44	～張			
銷	siau	44				
霄	siau	44				
硝	siau	44				
宵	siau	44				
消	siau	44				
肖	siau	44				
像	sioŋ	31	文			
像	tsʰioŋ	53	白			
項	hoŋ	31				
象	sioŋ	31				
巷	hoŋ	31				
向	ʂoŋ	53				
響	ʂoŋ	31				
餉	ʂoŋ	31				
想	sioŋ	31				
享	ʂoŋ	31				
詳	sioŋ	13				
翔	sioŋ	13				
祥	sioŋ	13				
瓖	sioŋ	44				
襄	sioŋ	44				
箱	sioŋ	44				
廂	sioŋ	44				
鄉	ʂoŋ	44				
香	ʂoŋ	44				
相	sioŋ	44				
獻	hien	53				
憲	hien	53				
餡	ham	31				
縣	ien	31				
線	sen	53				
羨	sen	31	～慕			
現	hien	31				
陷	ham	31				
莧	han	31	～菜			
限	han	31				
顯	hien	31				
險	hiam	31				
蜆	han	31				
嫻	han	13				
賢	hien	13				
銜	ham	13				
嫌	hiam	13				
閑	han	13				
涎	ien	13				
弦	hien	13				
鮮	sen	44	新～			
鮮	sen	31	～少			
掀	hien	44				
先	sen	44				
仙	sen	44				
嚇	hak	1	恐～			
夏	ha	31				
下	ha	44	底～			
下	ha	31	～降			
霞	ha	13				
轄	kot	1				
睱	ha	13				
暇	ha	13				
遐	ha	13				
狹	hiap	1				
峽	hiap	1				
蝦	ha	13	魚～			
瞎	hat	1	～眼			
戲	hi	53				
細	se	53				
系	he	53				
蟢	hi	31				
喜	hi	31				
洗	se	31				
襲	sip	5				
媳	sit	1				
習	sip	5				
犧	hi	44				
膝	tsʰit	1				
熄	sit	1				
熙	hi	44				
溪	hai	44				
犀	si	44				
稀	hi	44				
惜	sit	1				
烯	ien	13				
悉	sit	1				
息	sit	1				
昔	sit	1				
希	hi	44				
吸	kip	1				
西	si	44				
夕	sit	5				
霧	vu	53				
誤	ŋu	53				
塢	vu	44				
務	vu	53				
悟	ŋu	53				
物	fut	5				
杌	fut	1				
戊	vu	31				
勿	fut	5				
兀	fut	1				
鵡	vu	44				
舞	vu	31				
侮	vu	44				
武	vu	44				
伍	ŋ	31				
午	ŋ	31				
五	ŋ	31				
蜈	ŋ	13				
無	vu	13				
梧	ŋ	13				
唔	m	13				
吳	ŋ	13				
吾	ŋ	13				
誣	mu	13				
烏	vu	44				
屋	vuk	1				
巫	mu	13				
握	vok	1				
臥	ŋo	53				
沃	vok	1				
我	ŋo	44				
蝸	vo	44				
窩	vo	44				
倭	vo	44				
甕	uŋ	53				
翁	uŋ	44				
問	mun	53				
穩	vun	31				
刎	fut	5				
聞	vun	13				
紋	vun	13				
蚊	mun	44				
文	vun	13				
瘟	vun	44				
溫	vun	44				
魏	ŋui	31				
謂	vi	31				
慰	vi	31				
衛	vi	31				
蝟	vi	31				
胃	vi	31				
畏	vi	31				
味	mi	31				
位	vi	31				
未	vi	31				
緯	vi	31				
僞	ŋui	31				
葦	vi	31				
偉	vi	31				
萎	vi	44				
委	vi	44				
尾	mi	44				
維	vi	13				
違	vi	13				
爲	vi	13	作～；～什么			
圍	vi	13				
惟	vi	13				
唯	vi	13				
巍	ŋui	13				
煨	voi	44	～番薯			
微	fi	44				
微	mi	13				
威	vi	44				
危	ŋui	13				
望	moŋ	31	白			
望	moŋ	53				
旺	voŋ	31				
忘	moŋ	13				
妄	moŋ	31				
網	mioŋ	31				
往	voŋ	44				
枉	voŋ	31				
王	voŋ	13				
汪	voŋ	44				
腕	von	31				
萬	van	31				
碗	von	31				
皖	von	31				
晚	van	44				
挽	van	44				
頑	ŋan	13	～皮；～固			
完	van	13				
丸	ien	13	肉～			
灣	van	44				
彎	van	44				
豌	van	44	豆～			
剜	van	44				
外	ŋoi	53				
歪	vai	44				
襪	mat	1				
瓦	ŋa	31				
窪	va	44				
蛙	va	44				
挖	va	44	文			
挖	vet	1	白			
唾	tʰo	31				
拓	tʰok	1				
橢	tʰo	31				
妥	tʰo	31				
駝	tʰo	13				
馱	tʰo	13				
砣	tʰo	13	秤～			
脫	tʰot	1				
拖	tʰo	44				
托	tʰok	1				
臀	tʰun	13				
飩	tʰun	44				
豚	tʰun	13				
囤	tʰun	31				
屯	tʰun	13				
吞	tʰun	44				
蛻	tʰoi	53	～皮			
退	tʰui	53				
腿	tʰui	31				
推	tʰui	44				
團	tʰon	13				
兔	tʰu	53				
吐	tʰu	53				
土	tʰu	31				
圖	tʰu	13				
塗	tʰu	13				
屠	tʰu	13				
途	tʰu	13				
徒	tʰu	13				
突	tʰut	1				
禿	tʰut	5				
透	tʰeu	53				
敨	tʰeu	31	～氣，喘氣			
殕	pʰu	13	生～，發霉			
頭	tʰeu	13				
投	tʰeu	13				
偷	tʰeu	44				
痛	tʰuŋ	53				
統	tʰuŋ	31				
筒	tʰuŋ	13				
桶	tʰuŋ	31				
捅	tʰuŋ	31				
瞳	tʰuŋ	13				
銅	tʰuŋ	13				
童	tʰuŋ	13				
桐	tʰuŋ	13				
同	tʰuŋ	13				
熥	tʰuŋ	44				
通	tʰuŋ	44				
通	ʂu	31				
艇	tʰiaŋ	31				
挺	tʰin	31				
停	tʰin	13				
庭	tʰin	13				
亭	tʰin	13				
廳	tʰiaŋ	44				
聽	tʰaŋ	44	～話			
汀	tʰin	44				
汀	sioŋ	44				
鐵	tʰet	1				
貼	tiap	1	粘～			
貼	tʰiap	1	碑～			
跳	tʰiau	53				
條	tʰiau	13				
挑	tʰiau	44				
腆	tʰen	31	～肚			
填	tʰen	13				
甜	tʰiam	13				
田	tʰen	13				
添	tʰiam	44				
天	tʰen	44				
替	tʰi	53				
剃	tʰai	53				
體	tʰi	31				
題	tʰi	13				
蹄	tʰai	13				
啼	tʰai	13				
提	tʰi	13				
踢	tʰet	1				
梯	tʰoi	44				
剔	tʰit	1				
騰	tʰen	13				
藤	tʰen	13				
謄	tʰen	13				
疼	tʰuŋ	53				
特	tʰit	5				
忒	tʰet	1	～好，太好			
套	tʰau	53				
討	tʰau	31				
淘	tʰau	13	～米			
萄	tʰau	13				
陶	tʰau	13				
桃	tʰau	13				
桃	koŋ	53				
逃	tʰau	13				
濤	tʰau	13				
滔	tʰau	44				
絛	tit	1	～綸			
掏	tʰau	13				
燙	tʰoŋ	31				
趟	tʰoŋ	53	一～			
躺	tʰoŋ	31				
糖	tʰoŋ	13				
塘	tʰoŋ	13				
棠	tʰoŋ	13				
堂	tʰoŋ	13				
唐	tʰoŋ	13				
嘡	tʰoŋ	13				
湯	tʰoŋ	44				
歎	tʰan	53				
碳	tʰan	53				
探	tʰam	53	偵～			
炭	tʰan	53				
毯	tʰan	31				
坦	tʰan	31				
譚	tʰam	13				
檀	tʰan	13				
壇	tʰan	13				
潭	tʰam	13				
談	tʰam	13				
痰	tʰam	13				
癱	tʰan	44				
灘	tʰan	44				
灘	tsun	31				
攤	tʰan	44				
貪	tʰam	44				
坍	tan	44				
泰	tʰai	53				
太	tʰai	53				
臺	tʰoi	13	～球			
苔	tʰoi	13	舌～			
抬	tʰoi	13				
胎	tʰoi	44				
踏	tʰap	5				
榻	tʰap	1				
遝	tʰap	5				
搨	tʰap	5				
獺	tʰap	1				
塔	tʰap	1				
溻	tap	1	汗～濕衫褲			
他	tʰa	44				
鎖	so	31				
瑣	so	31	～碎			
索	sok	1				
所	so	31				
縮	sək	1				
蓑	so	44	～衣			
梭	so	44				
唆	so	44	啰～			
榫	sun	31	～頭			
損	sun	31				
筍	sun	13				
孫	sin	44				
穗	fi	31				
隧	sui	31	～道			
歲	soi	53				
碎	sui	53	～石			
遂	sui	31				
髓	soi	13				
隨	tsʰi	13	～便			
隨	tʂʰui	13				
雖	si	44				
算	son	53				
蒜	son	53				
酸	son	44				
肅	siuk	1				
塑	sok	1				
訴	sɿ	53				
粟	siuk	1				
速	sək	1				
素	sɿ	53				
俗	siuk	5	風～			
蘇	sɿ	44				
酥	sɿ	44				
嗽	seu	53				
叟	seu	44				
颼	sau	44				
餿	seu	44	～飯			
搜	sau	44				
誦	siuŋ	31				
頌	siuŋ	31				
訟	siuŋ	31	訴～			
送	səŋ	53				
宋	səŋ	53				
慫	tsiuŋ	31	～恿			
嵩	suŋ	44				
松	səŋ	44	輕～			
松	tsʰiuŋ	13	～樹			
飼	sɿ	44				
祀	sɿ	53				
四	si	53				
巳	sɿ	31				
死	si	31				
撕	sɿ	44				
絲	sɿ	44				
斯	sɿ	44				
思	sɿ	44				
私	sɿ	44				
司	sɿ	44				
朔	sok	1				
說	ʂot	1				
舜	ʂun	53				
順	ʂun	31	～利			
順	ʂun	53	豐～，地名			
睡	ʂoi	31				
稅	ʂoi	53				
水	ʂui	31				
誰	ʂui	13				
爽	soŋ	31				
孀	soŋ	44				
雙	səŋ	44	～生；一雙			
霜	soŋ	44				
涮	son	53	～洗			
閂	tsʰon	44				
蟀	sut	1				
帥	sai	53				
甩	sai	31				
摔	soi	44				
衰	soi	44				
刷	sot	1				
樹	ʂu	31				
數	sɿ	53				
漱	seu	53				
庶	ʂu	53				
術	ʂut	5	算～			
恕	ʂu	53				
述	ʂut	5				
屬	ʂuk	5				
薯	ʂu	13	番～			
鼠	tʂʰu	31				
蜀	tʂuk	1				
署	tʂʰu	31	專～			
暑	tʂʰu	31				
贖	ʂuk	5				
熟	ʂuk	5				
秫	ʂut	5				
輸	ʂu	44	贏～；運～			
蔬	so	44				
疏	so	44				
舒	ʂu	44				
淑	ʂuk	1				
梳	so	44				
書	ʂu	44				
殊	ʂu	13				
叔	ʂuk	1				
獸	tsʰu	53	野～			
瘦	seu	53				
壽	ʂu	53				
售	tsʰiu	13				
授	ʂu	31				
受	ʂu	31				
首	ʂu	31				
手	ʂu	31				
匙	tʂʰi	13				
釋	sit	1				
適	ʂit	1				
試	tʂʰi	53				
飾	ʂit	1				
勢	ʂi	53				
視	ʂi	31				
舐	tʰe	44	～東西			
逝	ʂi	53				
室	ʂit	1				
柿	sɿ	31				
事	sɿ	31				
似	sɿ	31				
式	ʂit	1				
世	ʂi	53				
示	ʂi	31				
氏	ʂi	53				
士	sɿ	31				
駛	sɿ	31				
屎	ʂi	31				
始	tʂʰi	31				
使	sɿ	31				
矢	tʂʰi	44				
史	sɿ	31				
鰣	ʂi	13				
識	ʂit	1				
實	ʂit	5				
蝕	ʂet	5	～本，虧本			
時	ʂi	13				
食	ʂit	5				
拾	ʂip	5				
石	ʂak	5				
十	ʂip	5				
濕	ʂip	1				
詩	ʂi	44				
獅	sɿ	44				
師	sɿ	44				
屍	ʂi	44				
施	ʂi	44				
虱	sit	1				
失	ʂit	1				
聖	ʂin	53	神～			
勝	ʂin	53				
剩	ʂin	53				
盛	ʂin	31	興～			
盛	tʂʰin	13	～滿			
省	sen	31	反～；節～			
聲	ʂaŋ	44				
甥	saŋ	44	外～			
笙	sen	44				
牲	sen	44				
生	saŋ	44	～還			
升	ʂin	44				
慎	ʂim	31				
腎	ʂin	31				
甚	ʂim	31				
嬸	ʂim	31				
審	ʂim	31				
沈	ʂim	31				
神	ʂin	13				
深	tʂʰim	44				
娠	ʂin	13				
身	ʂin	44				
伸	ʂin	44				
申	ʂin	44				
麝	ʂa	31				
攝	ŋiap	1	～影			
設	ʂet	1				
赦	ʂa	53				
涉	sap	5				
射	ʂa	31				
社	ʂa	44				
舍	ʂa	31				
舍	ʂa	53				
蛇	ʂa	13				
舌	ʂet	5				
賒	tʂʰa	44				
奢	tʂʰa	44				
潲	sau	53	～水，豬食			
紹	ʂau	53				
邵	ʂau	53	姓			
少	ʂau	31	多～			
少	ʂau	53	～年			
韶	ʂau	13				
芍	ʂok	1	～藥花			
勺	ʂok	5	～嬷，勺子			
燒	ʂau	44				
梢	sau	44				
捎	sau	44				
尚	ʂoŋ	53				
上	ʂoŋ	44	～山			
上	ʂoŋ	31	～背，上面			
賞	ʂoŋ	31				
晌	ʂoŋ	31				
商	ʂoŋ	44				
善	hien	53				
扇	hien	53				
疝	san	44				
閃	ʂam	31				
陝	ʂam	31	～西			
煽	hien	53				
搧	hien	53				
珊	san	44				
衫	sam	44				
刪	san	44				
杉	tsʰam	53	～樹			
山	san	44				
曬	sai	53				
篩	si	44				
廈	ha	31	～門			
傻	so	13				
紗	sa	44				
殺	sat	1				
沙	sa	44				
僧	tsen	44				
森	sem	44				
澀	sep	1				
嗇	set	1	吝～			
色	set	1				
臊	sau	44	～氣			
嫂	sau	31				
掃	sau	53	～地			
騷	sau	44				
磉	soŋ	44				
嗓	soŋ	44				
搡	soŋ	44				
喪	soŋ	44	～事			
喪	soŋ	31	～失			
桑	soŋ	44				
散	san	31	～文			
散	san	53	分文～			
傘	san	31	文			
三	sam	44				
賽	soi	53				
鰓	soi	44				
塞	set	1				
腮	sai	44				
薩	sat	1	拉～，地名			
灑	sa	31				
撒	sa	31				
弱	ŋiok	5				
若	iok	5				
潤	iun	31				
閏	iun	31				
鋭	iui	53				
瑞	ʂui	31				
芮	iui	53	姓			
蕊	lui	13				
軟	ŋion	44				
阮	ŋien	31				
褥	ŋiuk	5				
入	ŋip	5				
辱	iuk	5	侮～			
乳	i	44	豆腐～			
蠕	no	13	～動			
儒	i	13				
茹	ku	44				
如	i	13				
肉	ŋiuk	1				
揉	iu	13				
柔	iu	13				
鎔	iuŋ	13				
融	iuŋ	13				
榮	iuŋ	13				
蓉	iuŋ	13				
絨	iuŋ	13				
容	iuŋ	13				
茸	iuŋ	13				
戎	iuŋ	13				
日	ŋit	1				
仍	in	13				
扔	in	44				
認	ŋin	31				
韌	ŋiun	31	～性			
軔	ŋiun	31				
紉	iun	53	縫～			
妊	ŋim	31	～娠			
任	ŋim	31	姓；責～			
刃	ŋiun	31				
忍	ŋiun	44				
仁	in	13				
壬	ŋim	31				
人	ŋin	13				
熱	ŋiet	5				
惹	ŋia	44				
繞	ŋiau	31				
擾	iau	44	～亂			
饒	ŋiau	13				
讓	ioŋ	31				
嚷	ioŋ	31				
攘	ioŋ	31				
壤	ioŋ	31	土～			
瓤	noŋ	13	瓜～			
染	ŋiam	31				
冉	ŋiam	31				
然	ien	13				
羣	kʰiun	13				
裙	kʰiun	13				
燩	hok	1	～炍，煎			
確	kʰok	1				
雀	tsiok	1	麻～			
卻	kʰiok	1				
瘸	kʰio	13				
缺	kʰet	1				
勸	kʰen	31				
券	kʰen	53				
犬	kʰen	31				
顴	kʰen	13				
權	kʰen	13				
拳	kʰen	13				
泉	tsʰan	13				
荃	tsʰen	13				
全	tsʰen	13				
圈	kʰen	44				
趣	tsʰi	53				
去	hi	53				
娶	tsʰi	31				
取	tsʰi	31				
曲	kʰiuk	1				
瞿	kʰi	53				
佢	ki	13	他			
驅	kʰi	44				
趨	tsʰi	44				
區	kʰi	44	～域			
屈	kʰiuk	1				
俅	kʰiu	13				
泅	tsʰiu	13	～水			
求	kʰiu	13				
囚	tsʰiu	13				
鰍	tsʰiu	44				
鞦	tsʰiu	44				
秋	tsʰiu	44				
丘	ʂiu	44				
瓊	kʰiun	13				
窮	kʰiuŋ	13				
親	tsʰin	44	～家			
磬	kʰin	53				
慶	kʰin	53				
請	tsʰiaŋ	31				
頃	kʰin	44				
擎	kʰiaŋ	13				
晴	tsʰiaŋ	44				
晴	tsʰiaŋ	13				
情	tsʰin	13				
輕	kʰiaŋ	44				
傾	kʰin	44				
清	tsʰin	44				
卿	kʰim	44				
青	tsʰiaŋ	44				
撳	kʰim	53				
唚	sim	53				
沁	sim	44				
寢	tsʰim	31				
擒	kʰim	13				
勤	kʰin	13				
禽	kʰim	13				
琴	kʰim	13				
芹	kʰiun	13				
侵	tsʰim	44				
怯	kʰiap	1				
妾	tsʰiap	1				
且	tsʰia	31				
茄	ka	44	番～，西紅柿			
切	tsʰet	1				
竅	kʰiau	53				
翹	kʰiau	53				
鞘	siau	44	刀～蕭簫嘯悄			
殼	hok	1				
俏	tsʰiau	53				
巧	kʰau	31				
瞧	tsʰiau	13				
樵	tsʰiau	13				
橋	kʰiau	13				
蕎	kʰiau	13				
僑	kʰiau	13				
喬	kʰiau	13				
鍬	tsʰiu	44				
敲	kʰau	44				
搶	tsʰioŋ	31				
牆	sioŋ	13				
強	kioŋ	31	勉～			
強	kʰioŋ	31	加～			
強	ʂun	13				
槍	tsʰioŋ	44				
腔	kʰioŋ	44				
羌	kioŋ	44				
嵌	kʰiam	13				
欠	kʰiam	53				
遣	kʰen	31				
淺	tsʰen	31				
錢	tsʰen	13				
潛	siam	13	～力			
鉗	kʰiam	13				
掮	ken	44				
虔	kʰen	13				
前	tsʰen	13				
簽	tsʰiam	44				
謙	kʰiam	44				
遷	tsʰen	44				
遷	tʰin	13				
鉛	ien	13				
牽	kʰen	44				
千	tsʰen	44				
恰	kʰiap	1				
洽	kiap	1	～談			
薺	tsi	53				
器	hi	53				
氣	hi	53				
契	kʰe	53	～約			
泣	kʰip	1				
汽	hi	53				
啓	kʰi	53				
豈	kʰi	53				
起	ʂi	31				
乞	net	1	～討			
臍	tsʰi	13				
騎	kʰi	13				
旗	kʰi	13				
齊	tsʰe	13				
棋	kʰi	13				
祈	kʰi	13				
奇	kʰi	13				
其	kʰi	13				
岐	kʰi	44	～嶺，地名			
棲	tsʰi	44				
欺	kʰi	44				
期	kʰi	13				
淒	tsʰi	44				
戚	tsʰit	1				
柒	tsʰit	1				
妻	tsʰi	44				
七	tsʰit	1				
曝	puk	1				
瀑	puk	1				
譜	pʰu	31				
樸	pʰok	1				
普	pʰu	44				
僕	pʰuk	1	～倒			
脯	pʰu	13				
菩	pʰu	13				
鋪	pʰu	44	～設；店～			
撲	pʰok	1				
剖	pʰeu	31				
頗	pʰo	44				
魄	pʰak	1	～力			
破	pʰo	53				
迫	pet	1				
婆	pʰo	13				
潑	pʰat	1				
坡	pʰo	44				
蘋	pʰun	13				
憑	pʰuŋ	13				
憑	pen	53	靠			
評	pʰun	13				
萍	pʰun	13				
瓶	pʰun	13				
屏	pʰun	13				
坪	pʰiaŋ	13				
平	pʰun	13				
聘	pʰun	53	～請			
品	pʰun	31				
頻	pʰun	13				
貧	pʰun	13				
姘	pʰun	44	～居			
拼	pʰun	44	～命；～音			
撇	pʰet	1	～開			
票	pʰiau	53				
瓢	pʰiau	13				
嫖	pʰiau	13	～賭			
飄	pʰiau	44				
漂	pʰiau	44				
漂	pʰiau	53	～亮			
騙	pʰen	53	～人			
片	pʰen	31				
篇	pʰen	44				
偏	pʰen	44				
譬	piak	1				
譬	pʰit	1				
僻	pʰut	1				
辟	pʰut	1				
屁	pʰi	53				
匹	pʰut	1				
脾	pʰi	13				
疲	pʰi	13				
皮	pʰi	13				
劈	pʰiak	1				
披	pʰi	44				
批	pʰi	44				
碰	pʰuŋ	53	～到			
捧	puŋ	31				
膨	pʰaŋ	13				
篷	pʰuŋ	13				
蓬	pʰuŋ	13				
棚	pʰaŋ	13				
彭	pʰaŋ	13				
朋	pʰen	13				
烹	pʰuŋ	44				
盆	pʰun	13				
噴	pʰun	53	～水			
配	pʰi	53				
佩	pʰi	53				
沛	pʰi	53				
賠	pʰoi	13				
裴	pʰi	13				
培	pʰi	13				
陪	pʰi	13				
炮	pʰau	53				
泡	pʰau	44	三月～，一種野果			
泡	pʰau	53	～菜			
跑	pʰau	44				
麅	pʰau	13				
袍	pʰau	13				
刨	pʰau	13				
刨	pʰau	53				
拋	pʰau	44				
龐	pʰaŋ	13				
螃	pʰoŋ	13				
旁	pʰoŋ	13				
彷	foŋ	31				
滂	pʰoŋ	13				
襻	pʰan	53	紐～			
叛	pan	31				
盼	pʰan	31				
判	pʰan	53				
盤	pʰan	13				
磐	pʰan	13	～石			
攀	pʰan	44				
潘	pʰan	44				
派	pʰai	53				
牌	pʰai	13				
排	pʰai	13				
拍	pʰok	1				
怕	pʰa	53				
帕	pʰa	53				
琶	pʰa	13				
耙	pʰa	13				
爬	pʰa	13				
杷	pʰa	13				
慪	eu	53	～氣			
藕	ŋeu	31				
嘔	eu	31				
偶	neu	31	配～；～然			
毆	eu	31				
歐	eu	44				
甌	eu	44				
漚	eu	53				
女	ŋi	31				
糯	no	53	～米			
懦	no	53	～弱			
諾	nok	1	～言			
挪	na	13	～用			
瘧	ŋiok	1	～疾			
虐	ŋiok	1	～待			
暖	non	44				
怒	nu	31				
努	nu	31				
奴	nu	44				
齈	nuŋ	53	鼻～～，鼻涕多			
弄	luŋ	31				
膿	nuŋ	44				
濃	nuŋ	44				
儂	nuŋ	44				
農	nuŋ	44				
拗	au	31	～龍眼，摘			
紐	neu	31				
扭	ŋiu	31	～轉			
牛	ŋiu	13				
佞	ŋin	53				
凝	ŋin	13	～固			
寧	nen	13	～可			
鑷	ŋiap	1				
躡	ŋiap	1	～手～脚			
孽	ŋiap	5				
聶	ŋiap	1				
捏	net	1	白			
尿	ŋiau	53				
嬲	liau	53	坐～			
鳥	ŋiau	44				
娘	ŋioŋ	13				
念	ŋiam	31				
碾	tsʰen	53	～米			
黏	ŋiam	13	～米			
鮎	ŋiam	13	～魚			
年	ŋien	13				
蔫	ien	44				
拈	ŋiam	44	～起來，揀，			
膩	ni	53				
溺	ŋiok	5				
匿	nok	1	～名信			
逆	ŋiak	5	～風			
擬	ni	31				
你	ni	44				
倪	ŋi	13				
泥	nai	13				
尼	ni	13				
能	nen	13				
嫩	nun	31				
內	nui	53				
鬧	nau	31				
腦	nau	31				
惱	nau	44	得人～，令人討厭			
惱	nau	31				
鐃	ŋiau	13				
撓	ŋiau	13				
囊	noŋ	13				
腩	nam	44	牛～			
揇	nam	31	抱			
難	nan	13	～易			
難	nan	53	患～			
南	nam	13				
男	nam	13				
耐	nai	31				
奈	nai	53				
奶	nai	44				
奶	nen	53	白			
乃	nai	44				
捺	nai	53				
娜	na	31				
那	na	31				
哪	na	31				
拿	na	44				
穆	muk	1				
慕	mu	53				
幕	mu	53				
墓	mu	53				
募	mu	53				
牧	muk	1				
目	muk	1				
木	muk	1				
畝	meu	44				
拇	mu	44				
牡	meu	44	～丹			
母	mu	44				
某	meu	44				
謀	meu	13				
默	met	5				
墨	met	5				
陌	met	1	～生			
沫	mat	5	泡～			
末	mat	5				
抹	mat	1	～布			
魔	mo	13				
饃	mo	13				
磨	mo	13	～刀			
磨	mo	53	石～			
摩	mo	13				
模	mo	13				
摹	mo	13				
摸	mo	44				
謬	miu	31				
命	miaŋ	31				
銘	miaŋ	13				
鳴	mun	44				
明	mun	44				
名	miaŋ	13				
憫	men	44				
閩	men	31				
敏	men	44				
皿	men	44				
民	mun	44				
蔑	met	5	竹～			
滅	met	5				
妙	miau	31				
藐	miau	31	～視			
渺	miau	31				
秒	miau	31				
瞄	miau	44				
描	miau	44				
苗	miau	44				
面	men	31				
緬	men	31				
愐	men	31	想			
娩	men	44	分～			
勉	men	44				
免	men	44				
綿	men	13				
棉	men	13				
眠	mun	44	～床			
蜜	met	5				
密	met	5				
覓	met	1				
秘	pi	53				
泌	pi	53				
米	mi	31				
謎	mi	13				
迷	mi	13				
夢	muŋ	31				
蠓	muŋ	13				
懵	muŋ	31	～懂			
猛	maŋ	44				
朦	muŋ	13				
盟	men	13				
蒙	muŋ	13				
萌	men	13				
虻	maŋ	13	牛～			
悶	mun	31				
門	mun	44				
媚	mi	13				
寐	mi	31				
昧	mi	31				
妹	moi	53				
美	mi	44				
每	mi	44				
黴	moi	13				
楣	mi	13				
媒	moi	13				
梅	moi	13				
眉	mi	13				
枚	moi	13				
沒	mut	5				
么	iau	44	～二三			
貌	mau	31				
貿	meu	31				
帽	mau	31				
冒	mau	31				
茂	meu	31				
卯	mau	44				
茅	mau	13				
矛	mau	13	～盾			
毛	mau	44				
貓	miau	53				
蟒	maŋ	44	～蛇			
莽	maŋ	44				
茫	moŋ	13				
盲	maŋ	13				
忙	moŋ	13				
芒	moŋ	44	～果			
謾	man	31				
慢	man	31				
漫	man	31				
幔	man	31				
蔓	man	31				
滿	man	44				
蠻	man	13				
鰻	man	13	～魚			
饅	man	13	～頭			
瞞	man	13				
邁	mai	31				
賣	mai	31				
麥	mak	5				
脈	mak	1				
買	mai	44				
埋	mai	13				
罵	ma	53				
碼	ma	44				
馬	ma	44				
蟆	ma	13				
痳	ma	13				
麻	ma	13				
媽	ma	44				
略	liok	5				
濾	li	31				
慮	li	31				
緑	liuk	5				
率	lut	5	速～			
率	sut	1	～領			
律	lut	5				
縷	leu	31				
履	li	31				
屢	lui	44				
鋁	li	44				
旅	li	31				
捋	lot	5	～衫袖			
呂	li	44				
驢	lu	13				
絡	lok	5				
落	lok	5				
洛	lok	5				
鑼	lo	13				
籮	lo	13				
騾	lo	13				
羅	lo	13				
螺	lo	13				
論	lun	31	～語；～文			
輪	lun	13				
淪	lun	13				
崘	lun	13				
倫	lun	13				
侖	lun	13				
掠	liok	5				
亂	lon	31				
卵	lon	31				
鸞	lan	13				
鷺	lu	53	～鷺			
露	lu	53				
録	liuk	5				
路	lu	31				
賂	lu	53				
祿	luk	1				
鹿	luk	5				
陸	liuk	5				
櫓	lu	44				
魯	lu	44				
鹵	lu	44				
鹵	tsəŋ	53				
鸕	lu	13				
爐	lu	13				
蘆	lu	13				
盧	lu	13				
漏	leu	31				
陋	leu	31				
摟	leu	31				
樓	leu	13				
壟	liuŋ	44	地～			
攏	luŋ	44				
隴	luŋ	31				
聾	luŋ	44				
籠	luŋ	44				
龍	liuŋ	13				
隆	luŋ	13				
六	liuk	1				
柳	liu	31				
餾	liu	53	蒸～水			
劉	liu	13				
榴	liu	13				
硫	liu	13				
琉	liu	13				
留	liu	13				
溜	liu	44				
溜	liu	13				
令	lin	31				
另	laŋ	31	～tsʰI另外			
嶺	liaŋ	44	～崗			
領	liaŋ	44	衫～			
齡	laŋ	44				
鈴	laŋ	13				
零	laŋ	13				
淩	lin	13	～角			
陵	lin	13				
伶	lin	13				
賃	lin	53	租～			
吝	net	1	～嗇			
檁	lin	13				
鱗	lin	44				
磷	lim	44				
臨	lim	13				
鄰	lin	13				
淋	lim	13	～菜，澆菜			
林	lim	13				
獵	liap	5				
裂	let	5				
烈	let	5				
劣	lot	1				
列	let	5				
廖	liau	31				
料	liau	31	～li，料子			
料	liau	53	材～			
療	liau	13				
燎	liau	31	火～眉毛			
燎	liau	13				
寮	liau	13				
遼	liau	13				
撩	liau	44	～起來			
寥	liau	31				
聊	liau	13				
諒	lioŋ	53				
輛	lioŋ	13				
靚	liaŋ	53				
量	lioŋ	31	數～			
量	lioŋ	13	～長短			
亮	lioŋ	53				
兩	lioŋ	44	斤～			
兩	lioŋ	31	～只			
糧	lioŋ	13				
粱	lioŋ	13				
蜋	loŋ	13				
梁	lioŋ	13				
涼	lioŋ	13				
良	lioŋ	13				
戀	len	31				
鏈	len	31				
殮	liam	31				
練	len	31				
楝	len	31	苦～樹			
臉	len	44				
斂	liam	31				
鐮	liam	13				
簾	liam	13				
聯	len	13				
憐	lin	13				
廉	liam	13				
蓮	len	13				
連	len	13				
麗	li	31				
壢	lak	1	圳～，水渠			
隸	li	31				
曆	lit	5	～史			
勵	li	31				
厲	li	31				
痢	li	31				
笠	lip	1				
栗	lit	5				
荔	li	31	～枝			
例	li	31				
利	li	31				
立	lip	5	～正			
力	lit	5				
鯉	li	44				
禮	li	44				
裏	li	31				
理	li	44				
李	li	31				
籬	li	13				
離	li	13				
黎	lai	13				
璃	li	13	玻～			
犁	lai	13				
梨	li	13				
狸	li	13				
厘	li	13				
冷	laŋ	44				
楞	lin	13				
類	lui	31				
淚	lui	31				
累	lui	53				
肋	let	5				
壘	lui	31				
儡	lui	31				
磊	toi	44	～花燒，酒名			
雷	lui	13				
了	liau	31				
勒	let	5				
澇	lau	13				
酪	lok	5				
姥	lau	31				
老	lau	31				
嘮	lau	13				
勞	lau	13				
牢	lau	13				
撈	lau	13				
浪	loŋ	31				
朗	loŋ	31				
廊	loŋ	13				
狼	loŋ	13				
郎	loŋ	13				
爛	lan	31				
濫	lam	31				
攬	lam	31				
懶	nan	44				
欄	lan	13				
籃	lam	13				
蘭	lan	13				
攔	lan	13				
襤	lam	13				
藍	lam	13				
癩	lat	1	疤～			
癩	lai	31				
攋	lai	31				
賴	lai	31				
萊	loi	13				
來	loi	13				
鑞	lap	1				
蠟	lap	1				
臘	lap	1				
辣	lat	5				
闊	fat	1				
擴	kʰok	1	～大			
廓	kok	1				
括	kat	1	包～			
睏	kʰun	53				
困	kʰun	53				
捆	kʰun	31				
琨	kʰun	44				
崑	kʰun	44				
昆	kʰun	44				
坤	kʰun	44	乾～			
潰	kʰui	53				
愧	kʰui	53				
傀	kui	31				
魁	kʰui	13				
葵	kʰui	13				
逵	kʰui	13				
奎	kʰui	13				
虧	kʰui	44				
窺	kʰui	44				
盔	kʰui	44				
礦	kaŋ	31	～石			
礦	kʰoŋ	53	文，煤～			
曠	kʰoŋ	53				
眶	kʰioŋ	44				
況	kʰoŋ	31				
狂	kʰoŋ	13				
筐	kʰioŋ	44				
匡	kʰioŋ	44				
款	kʰan	31	貨～			
寛	kʰon	44				
筷	kʰai	53				
塊	kʰai	53				
快	kʰai	53				
跨	kʰa	44				
侉	kʰa	44				
誇	kʰa	44				
褲	fu	53				
酷	kʰuk	1				
庫	kʰu	53				
苦	kʰu	31	～難			
苦	fu	31	～瓜			
哭	kʰuk	1				
枯	kʰu	44				
寇	kʰeu	53				
扣	kʰeu	53				
口	kʰeu	31				
瞘	kʰeu	44	眼～			
摳	kʰeu	44				
控	kʰuŋ	53				
恐	kʰiuŋ	31				
孔	kʰuŋ	31				
空	kʰuŋ	44	～虚			
坑	haŋ	44				
懇	kʰen	31				
墾	kʰen	31				
肯	kʰen	31	文			
肯	hen	31	白			
課	kʰo	53				
客	kʰak	1	～氣			
刻	kʰet	1				
克	kʰet	1				
渴	hot	1				
可	kʰo	31				
咳	kʰet	1				
顆	kʰo	44				
磕	kʰap	5	～頭			
棵	kʰo	44				
科	kʰo	44				
靠	kʰau	53				
銬	kʰau	53				
犒	kʰau	53				
烤	kʰau	31				
拷	kʰau	44				
考	kʰau	31				
炕	kʰoŋ	53				
囥	kʰoŋ	53				
抗	kʰoŋ	53				
糠	hoŋ	44	米～			
慷	kʰoŋ	31				
康	kʰoŋ	44				
磡	kʰam	53				
看	kʰon	53	～見			
檻	kʰiam	44	白			
砍	kʰam	31				
坎	kʰam	31				
堪	kʰam	44				
勘	kʰam	53				
刊	kʰan	44				
楷	kʰai	31				
慨	kʰai	31				
凱	kʰai	31				
開	kʰoi	44				
揩	kʰai	31				
卡	kʰa	31	～片			
駿	tsun	31				
珺	kiun	44				
峻	tsun	31				
郡	kiun	31				
俊	tsun	31				
鈞	kiun	44				
菌	kʰun	44	細～			
軍	kiun	44				
君	kiun	44				
均	kiun	44				
倔	kʰiuk	1	～强			
钁	kui	53				
覺	kok	1				
覺	kau	53				
爵	tsiok	1				
絶	tsʰet	5				
厥	kʰet	1				
訣	ket	1				
掘	kʰiuk	1				
決	ket	1				
絹	ken	44				
雋	tsun	31	～秀			
眷	kʰen	31				
倦	kʰen	31				
錈	ken	31				
卷	ken	31				
鵑	ken	44				
娟	ken	44				
捐	ken	44				
懼	kʰi	53				
鋸	ki	53				
據	ki	31				
劇	kʰiak	1	戲～			
聚	tsʰi	53				
距	kʰi	44				
具	kʰi	53				
拒	kʰi	44				
句	ki	53				
巨	kʰi	44				
舉	ki	31				
矩	ki	31	埠～			
橘	kit	1				
鋦	kʰiuk	5				
焗	kuk	5	～油			
菊	kʰiuk	1				
桔	kit	1				
局	kʰiuk	5				
駒	ki	44				
居	ki	44				
拘	ki	44				
舊	kʰiu	53				
舅	kʰiu	44				
就	tsʰiu	31				
救	kʰiu	13				
救	kiu	53				
柩	kiu	53				
咎	kiu	53				
臼	kʰiu	44				
酒	tsiu	31				
韭	kiu	31	～菜			
久	kiu	31				
九	kiu	31				
鬮	kʰeu	44	拈～，抽簽			
鳩	keu	44				
揪	tsʰiu	44				
糾	keu	44	～纏			
究	kiu	53				
窘	tsiuŋ	31	～迫			
迥	tsiuŋ	31				
競	kin	53				
鏡	kiaŋ	53				
靜	tsʰin	31				
境	kin	53				
靖	tsʰin	31				
敬	kin	53				
淨	tsʰiaŋ	31				
竟	kin	53				
徑	kaŋ	53				
警	kin	31				
頸	kiaŋ	31				
景	kin	31				
井	tsiaŋ	31				
驚	kiaŋ	44				
鯨	kin	44				
精	tsin	44				
經	kin	44	～驗～；～綫			
粳	kaŋ	44	～米			
睛	tsin	44				
晶	tsin	44				
莖	kin	44				
荊	kin	44				
京	kin	44				
盡	tsʰin	31				
禁	kim	53				
進	tsin	53				
浸	tsʰim	53				
晉	tsin	31	～升			
勁	kin	53				
近	kʰiun	44	遠～			
近	kʰiun	53	～視			
謹	kiun	31				
錦	kim	31				
緊	kin	31				
僅	kiun	31				
襟	kʰim	44				
筋	kin	44				
津	tsin	44				
金	kim	44				
今	kin	44				
斤	kin	44				
巾	kin	44				
借	tsia	53				
疥	kai	53				
界	kai	53				
屆	kai	53				
芥	kai	53				
戒	kai	53				
介	kai	53				
解	kai	31				
潔	ket	1				
截	tsʰet	5				
節	tset	1				
結	ket	1				
傑	kʰet	5				
捷	tsʰiap	5				
劫	kiap	1	搶～			
街	kai	44				
揭	ket	1				
階	kai	44				
接	tsiap	1				
皆	kai	44				
酵	kau	53	發～			
窖	kau	53				
教	kau	44	～書			
教	kau	53	～育			
叫	kiau	53				
繳	kiau	31	～費			
鉸	kau	31				
僥	hiau	44				
剿	tsiau	31				
腳	kiok	1				
絞	kau	31				
狡	kau	31				
角	kok	1				
嚼	tsiok	1				
驕	kiau	44				
嬌	kiau	44				
膠	kau	44				
蕉	tsiau	44	～嶺，地名			
焦	tsiau	44				
椒	tsiau	44				
郊	kau	44				
交	kau	44				
醬	tsioŋ	53				
降	hoŋ	44	投～			
降	koŋ	53	下～			
匠	sioŋ	31				
講	koŋ	31				
獎	tsioŋ	13				
槳	tsioŋ	13				
蔣	tsioŋ	13				
韁	kioŋ	44				
疆	kioŋ	44				
礓	kioŋ	44				
薑	kioŋ	44				
漿	tsioŋ	44				
僵	kioŋ	44				
將	tsioŋ	44	～軍			
將	tsioŋ	53	大～			
豇	koŋ	44				
江	koŋ	44				
鑒	kam	53				
艦	kam	53				
濺	tsʰen	31				
諫	kan	31				
餞	tsʰen	31	～行			
鍵	kʰen	53				
薦	tsen	53				
澗	kan	31				
劍	kiam	53				
箭	tsen	53				
踐	tsʰen	31				
賤	tsʰen	31				
漸	tsʰiam	31				
腱	kʰen	31				
健	kʰen	31				
建	ken	53				
見	ken	53				
件	kʰen	31				
鹹	ham	13				
簡	kan	31				
襉	kan	31				
檢	kiam	31				
儉	kʰiam	31				
筧	kan	31	竹～			
減	kam	31				
堿	kiam	31				
揀	kan	31				
剪	tsen	31				
殲	siam	13	～來			
艱	ken	44				
箋	tsen	44				
監	kam	44				
監	kam	53				
煎	tsen	44	～堆，一種食品			
搛	kiam	44				
間	kan	44	空～；車～			
間	kan	31	～斷			
堅	ken	44				
堅	ʂin	53				
兼	kiam	44				
肩	ken	44				
奸	kan	44				
尖	tsiam	44				
駱	lok	5				
駕	ka	53				
稼	ka	53				
嫁	ka	53				
架	ka	53				
鉀	kap	1				
賈	ka	31	姓			
假	ka	31	真～；～期			
胛	kap	1	肩～			
甲	kap	1				
夾	kiap	5				
嘉	ka	44				
裌	kiap	5				
家	ka	44				
痂	ka	44				
佳	ka	44				
加	ka	44				
繼	ki	53				
鯽	tsit	1				
績	tsit	1				
濟	tsi	53				
劑	tsi	53				
髻	kit	1				
際	tsi	53				
跡	tsiak	1	脚～，脚印			
寂	siuk	1				
寄	ki	53				
祭	tsi	53				
記	ki	53				
紀	ki	31	～律			
既	ki	53				
計	ke	53	～劃			
季	kui	53	～節			
忌	kʰi	53				
技	kʰi	44				
擠	tsi	44				
幾	ki	44	～乎			
幾	ki	31	～個			
戟	kit	1				
脊	tsit	1				
籍	tsʰit	5				
藉	tsʰit	5				
輯	sip	5	編～			
集	sip	5				
極	kʰit	5	積～			
疾	tsʰit	5				
級	kʰip	1				
急	kip	1				
即	tsit	1				
吉	kit	1				
及	kʰip	5				
饑	ki	44				
譏	ki	44				
雞	kai	44				
擊	kit	1				
激	kit	1				
機	ki	44				
緝	sip	5				
基	ki	44				
屐	kʰiak	5	木～			
肌	ki	44				
鑊	vok	5	～頭			
藿	kʰok	1				
獲	fet	5				
獲	vok	1				
霍	kʰok	1				
惑	fet	5				
貨	fo	53				
或	fet	5				
夥	fo	31				
火	fo	31				
活	fat	5				
豁	fo	53				
餛	fun	13	～飩			
魂	fun	13				
渾	fun	31	～濁			
混	fun	31	相～			
葷	fun	44				
婚	fun	44				
昏	fun	44				
繪	fi	31				
穢	voi	53				
檜	kʰai	53				
諱	vi	31				
慧	fi	31				
會	fi	31				
會	kʰai	53	～計			
賄	fi	31				
匯	fi	31				
惠	fi	31				
晦	fi	31				
毀	fi	53				
悔	fi	31				
茴	fi	13	～香			
回	fi	13				
麾	fi	44				
輝	fi	44				
揮	fi	44				
恢	hoi	44				
灰	hoi	44				
謊	foŋ	44				
晃	foŋ	31				
簧	voŋ	13				
蝗	foŋ	13				
黃	voŋ	13				
皇	foŋ	13				
慌	foŋ	44				
荒	foŋ	44				
煥	fon	31				
喚	fon	31				
換	fon	31				
患	fam	31				
宦	fon	31				
幻	fam	53				
緩	fon	31				
環	fan	13				
桓	fan	13				
歡	fon	44				
壞	fai	53				
懷	fai	13				
槐	fai	13				
淮	fai	13				
劃	vak	5				
樺	fa	13				
話	va	53				
畫	fa	31	～li，畫兒			
畫	fa	53	～圖			
化	fa	53				
驊	fa	13				
鏵	fa	13				
滑	vat	5				
猾	vat	5	狡～			
華	fa	13				
花	fa	44				
護	fu	31				
滬	fu	53				
瓠	fu	13				
戽	fu	53	～水			
戶	fu	44	～檻			
戶	fu	31	一～人家			
互	fu	44				
滸	fu	31	水～			
許	hi	31				
虎	fu	31				
湖	fu	13				
壺	fu	13				
胡	fu	13				
狐	fu	13				
忽	fut	1				
呼	fu	44				
乎	fu	13				
候	heu	31				
後	heu	31				
厚	heu	31				
瘊	heu	13	～子			
猴	heu	13				
喉	heu	13				
侯	heu	13				
宏	fen	13				
弘	fen	13				
轟	vaŋ	13				
衡	fen	13				
橫	vaŋ	13	～陂，地名；～直			
恒	hen	13				
亨	haŋ	44				
亨	ʂu	31				
恨	hen	31				
狠	hen	44				
很	hen	44				
痕	hen	31				
黑	het	1				
鶴	hok	5				
赫	hak	1				
賀	fo	31				
盒	hap	5				
核	het	5	～心			
荷	kʰai	44	～擔，挑擔			
荷	ho	13				
河	ho	13				
和	fo	13				
何	ho	13				
合	hap	5	結～			
合	kap	1	～水，地名；一～米			
禾	vo	13				
喝	kot	1	～採			
號	hau	31	～數			
號	hau	13	呼～			
浩	hau	44				
耗	hau	53				
郝	hau	31	姓			
好	hau	31	～壞			
好	hau	53	喜～			
蠔	hau	13	～油			
壕	hau	13				
豪	hau	13				
毫	hau	13				
航	hoŋ	44				
杭	hoŋ	44				
行	hoŋ	44	銀～			
行	haŋ	13	～爲；品～			
憾	ham	53	遺～喊			
翰	hon	53				
撼	ham	31				
銲	hon	31	電～			
漢	hon	53				
悍	ʂun	13				
旱	hon	44				
汗	hon	31				
罕	hon	31				
韓	hon	13				
寒	hon	13				
函	ham	13				
含	ham	13				
鼾	hon	44	～聲			
憨	ham	44				
酣	ham	44				
蚶	ham	44	～子			
駭	hoi	31				
害	hoi	31				
亥	hoi	31				
海	hoi	31				
還	fan	13	～原			
孩	hai	13				
過	ko	53				
裹	ko	31				
馃	ko	31				
果	ko	31				
國	ket	1				
郭	kok	1				
棍	kun	53				
滾	kʰun	31				
袞	kʰun	31				
櫃	kʰui	53				
劊	kʰai	53				
跪	kʰui	53				
貴	kui	53				
桂	kui	53				
詭	kui	31				
癸	kʰui	13				
鬼	kui	31				
軌	kʰui	53				
歸	kui	44				
龜	kui	44				
閨	kui	44				
規	kui	44				
圭	kui	44				
逛	koŋ	53				
廣	koŋ	31				
光	koŋ	44				
罐	kon	53				
灌	kon	53				
慣	kan	53				
貫	kon	53				
冠	kon	44				
冠	kon	53	～軍			
館	kon	31				
管	kon	31				
觀	kon	44				
鰥	kan	44	寡			
關	kan	44				
棺	kon	44				
官	kon	44				
官	ʂu	31				
怪	kai	53				
拐	kai	31	～杖			
掛	ka	53				
卦	ka	53				
寡	ka	31				
剮	ka	31	刀～			
刮	kat	1				
瓜	ka	44	西～			
顧	ku	53				
雇	ku	53				
故	ku	53				
固	ku	53				
穀	kuk	1				
鼓	ku	31				
牯	ku	31	牛～，公牛			
骨	kut	1				
股	ku	31				
古	ku	31				
姑	ku	44				
孤	ku	44				
估	kʰu	44	～計			
購	keu	53				
構	keu	53				
夠	keu	53				
狗	keu	31				
苟	keu	31				
溝	keu	44				
鉤	keu	44				
勾	keu	44	～當			
貢	kuŋ	53				
供	kiuŋ	44	～給			
供	kiuŋ	53	～人，生小孩			
共	kʰiuŋ	31				
鞏	kiuŋ	31				
拱	kiuŋ	31	～橋			
汞	kuŋ	53				
宮	kiuŋ	44				
躬	kiuŋ	44				
蚣	kuŋ	44	蜈～			
恭	kiuŋ	44				
攻	kuŋ	44				
功	kuŋ	44				
公	kuŋ	44				
弓	kiuŋ	44				
工	kuŋ	44				
更	kaŋ	44	五～天			
更	ken	31	～加			
梗	kaŋ	31	菜～			
哽	kaŋ	31				
耿	ken	31				
羹	kaŋ	44				
耕	kaŋ	44				
庚	kaŋ	44				
跟	ken	44				
根	ken	44				
給	kip	1	供～			
個	kʰi	44				
各	kok	1				
各	tsit	1				
葛	kot	1				
閣	kok	1				
隔	kak	1				
格	kak	1				
革	ket	1				
鴿	kap	1				
擱	kok	1				
歌	ko	44				
割	kot	1				
胳	kok	1				
哥	ko	44				
戈	kʰo	44				
告	kau	53				
稿	kau	31				
搞	kau	31				
糕	kau	44				
篙	kau	44	竹～			
膏	kau	44				
羔	kau	44				
高	kau	44				
杠	koŋ	53				
港	koŋ	31				
港	hoŋ	31	～幣			
鋼	koŋ	53				
綱	koŋ	44				
崗	koŋ	44				
剛	koŋ	44				
缸	koŋ	44				
岡	koŋ	44				
干	kon	44				
干	kʰen	13	～坤			
干	kon	53	～部			
擀	kon	31				
趕	kon	31				
感	kam	31				
稈	kon	31				
敢	kam	31				
杆	kon	44				
尷	kam	44	～尬			
尷	kai	53	尬～			
竿	kon	44				
柑	kam	44				
泔	kam	44	～泔欖			
肝	kon	44				
甘	kam	44				
概	kʰai	31				
蓋	koi	53				
溉	kʰai	31				
鈣	koi	53				
丐	koi	53	乞～			
改	koi	31				
該	koi	44				
袱	fuk	5				
覆	fuk	1				
賦	fu	53				
腹	fuk	1				
富	fu	53				
復	fuk	1	～雜			
傅	fu	53				
副	fu	53				
訃	puk	1				
負	fu	53				
赴	fu	53				
附	fu	53				
付	fu	53				
父	fu	31				
撫	vu	31				
輔	pʰu	31				
腑	fu	31				
府	fu	31				
斧	pu	31				
蝠	fuk	1				
福	fuk	1				
幅	fuk	1				
符	pʰu	13				
浮	feu	13				
俘	fu	44				
服	fuk	5				
彿	fut	1				
扶	pʰu	13				
伏	fuk	5				
敷	pʰu	44				
麩	fu	44	麥～子			
孵	pʰu	31				
夫	fu	44				
否	feu	31				
佛	fut	5				
鳳	fuŋ	31				
俸	fuŋ	31				
奉	fuŋ	31				
諷	fuŋ	31				
馮	pʰuŋ	13				
豐	fuŋ	44				
鋒	fuŋ	44				
瘋	fuŋ	44				
蜂	fuŋ	44				
楓	fuŋ	44				
峰	fuŋ	44				
風	fuŋ	44				
封	fuŋ	44				
糞	pun	53				
奮	fun	31				
憤	fun	31				
墳	fun	13				
忿	fun	31				
份	fun	31				
粉	fun	31				
焚	fun	13				
紛	fun	44				
芬	fun	44				
分	fun	44	～開			
費	fi	53				
疿	pi	53				
沸	pi	53	～水，開水			
肺	pʰi	53				
吠	pʰoi	53				
翡	fi	44				
匪	fi	44				
肥	pʰi	13				
霏	fi	44				
緋	fi	44				
扉	fi	44				
飛	fi	44				
非	fi	44				
妃	fi	44				
放	foŋ	53				
放	hoŋ	53	～床，起床			
訪	foŋ	31				
紡	foŋ	31				
房	foŋ	13				
妨	foŋ	13				
防	foŋ	13				
芳	foŋ	44				
方	foŋ	44				
範	fam	31	姓			
範	fam	53	師～			
飯	fan	31				
販	fan	53				
泛	fam	53				
犯	fam	31				
反	fan	31				
繁	fan	13				
煩	fam	44				
煩	fan	13				
凡	fam	13				
翻	fan	44				
藩	fan	44				
番	pʰan	44	～禺，地名			
番	fan	44	～薯			
帆	fam	13				
法	fap	1				
罰	fat	5				
筏	fat	5				
伐	fat	5				
乏	fat	5				
廢	fi	53				
發	pot	1	～炍，一種米制食品			
發	fat	1				
貳	ŋi	31				
餌	ŋi	31				
爾	ni	44				
耳	ŋi	31				
兒	i	13				
而	lu	13	～且			
恩	en	44				
鱷	ŋok	5	～魚			
餓	ŋo	53				
鈪	ak	1	手～，手鐲			
惡	ok	1	病况～			
惡	vu	53	可～			
鄂	ŋok	5				
軛	ak	1				
扼	ak	1				
厄	ak	1				
額	ŋiak	1	～角，額頭			
鵝	ŋo	13				
蛾	ŋo	13				
娥	ŋo	13				
俄	ŋo	44				
惰	tʰo	53				
舵	tʰo	13				
躲	to	31				
朵	to	31				
鐸	tʰok	5				
奪	tʰot	5				
掇	tot	1	～東西，提，拿			
多	to	44				
頓	tun	31				
鈍	tʰun	31				
遁	tʰun	31				
盾	tʰun	31				
沌	tun	53				
蹲	tsʰun	13	～下			
礅	tun	44	石～			
燉	tun	44				
噸	tun	44				
墩	tun	44	泥～			
敦	tun	44	～厚			
對	tui	53				
碓	toi	53				
隊	tui	53				
兌	tʰui	31	～换			
堆	toi	44				
斷	tʰon	44	白			
斷	ton	53	～絶			
鍛	tʰon	31				
緞	tʰon	31				
椴	tʰon	31				
段	tʰon	31				
短	ton	31				
端	ton	44				
鍍	tʰu	53				
渡	tʰu	31				
度	tʰu	31				
妒	tu	53				
肚	tu	31	豬～；腹～			
篤	tuk	1				
堵	tu	31				
讀	tʰuk	5				
牘	tʰuk	5				
犢	tʰuk	5	牛～			
獨	tʰuk	5				
毒	tʰuk	5				
督	tuk	1				
鬥	teu	31	一～米			
鬥	teu	53				
逗	tiu	53	～留			
豆	tiu	31	地～，花生			
陡	teu	31				
抖	teu	31				
兜	teu	44				
都	tu	44				
棟	tuŋ	53				
動	tʰuŋ	31				
凍	tuŋ	53				
洞	tʰuŋ	31				
懂	tuŋ	31				
董	tuŋ	31				
東	tuŋ	44				
冬	tuŋ	44				
丟	tiu	44				
錠	tʰin	31				
訂	taŋ	31				
定	tʰin	31				
鼑	tin	31				
頂	taŋ	31				
靪	taŋ	44				
釘	taŋ	44	鐵～			
疔	taŋ	44				
丁	taŋ	44				
疊	tʰiap	5				
諜	tʰiap	5				
蝶	tʰiap	5				
碟	tʰiap	5				
牒	tʰiap	5				
跌	tet	1				
爹	tia	44				
調	tʰiau	13	～和			
調	tʰiau	53	～皮；～動			
釣	tiau	53				
掉	tiau	53				
吊	tiau	53				
雕	tiau	44				
貂	tiau	44				
刁	tiau	44				
墊	tiam	53				
殿	tʰen	31				
電	tʰen	31				
奠	tʰen	31				
店	tiam	53				
佃	tʰen	31				
點	tiam	31				
典	ten	31				
癲	ten	44				
顛	ten	44				
掂	tiam	44				
嗲	tia	31	～嬷，騷首弄姿的女孩			
遞	tʰi	31				
蒂	ti	53				
第	tʰi	31				
娣	tʰai	44	人名			
帝	ti	53				
弟	tʰai	44	白			
弟	tʰi	31				
地	tʰi	31				
底	tai	31				
抵	ti	31				
糴	tʰak	5				
敵	tʰit	5				
嫡	tit	1				
滌	tʰit	1				
狄	tʰit	5				
滴	tit	1				
堤	tʰi	13				
低	tai	44				
鐙	ten	53				
櫈	ten	53				
瞪	ten	44	～眼			
鄧	tʰen	31				
凳	ten	53				
等	ten	31				
燈	ten	44				
登	ten	44				
扽	tun	31				
的	tit	1				
德	tet	1				
得	tet	1				
稻	tʰau	44				
盜	tʰau	31				
道	tʰau	31				
到	tau	53				
禱	tau	31	～告			
導	tʰau	53				
島	tau	31				
倒	tau	31	顛～；水			
叨	tau	44	嘮～			
刀	tau	44				
蕩	tʰoŋ	31	放～			
黨	toŋ	31				
擋	toŋ	31	阻～			
當	toŋ	44	～時			
當	toŋ	53				
彈	tʰan	13	～琴			
誕	tan	53				
蛋	tʰan	31				
淡	tʰam	44	咸～			
淡	tʰam	31	～水，地名			
但	tan	53				
旦	tan	53				
膽	tam	31				
擔	tam	44	～任，～挑擔			
擔	tam	31				
撣	tʰan	31				
單	tan	44	～獨			
單	hien	53	姓			
耽	tam	44				
戴	tai	53				
貸	tʰoi	31				
袋	tʰoi	31				
帶	tai	53				
怠	tʰoi	31				
待	tʰoi	31				
殆	tʰoi	31				
代	tʰoi	31				
呆	tai	44	文			
呆	ŋoi	13	白			
大	tʰai	31				
打	ta	31				
答	tap	1				
達	tʰat	5				
搭	tap	1				
錯	tsʰok	1				
錯	tsʰo	53	～誤			
銼	tsʰo	53				
措	tsʰɿ	53				
挫	tsʰo	13				
撮	tsot	1	一～米，小堆			
搓	tsʰai	44	～衫，揉洗衣服			
寸	tsʰun	53				
存	tsʰun	13				
村	tsʰun	44				
翠	tsʰi	53				
粹	tsʰui	53	純～			
脆	tsʰoi	53				
催	tsʰi	44				
竄	tʂʰon	53				
篡	tsʰon	53	～改			
汆	tsʰon	44	～湯，煮湯			
醋	tsʰɿ	53				
猝	tsut	1	倉～			
促	tsʰək	1				
粗	tsʰɿ	44				
湊	tsʰeu	53				
叢	tsʰəŋ	13				
從	tsəŋ	53	～容			
聰	tsəŋ	53				
蔥	tsəŋ	53				
匆	tsəŋ	53				
次	tsʰɿ	53				
此	tsʰɿ	31				
辭	tsʰɿ	13				
糍	tsʰi	13	～巴			
磁	tsʰɿ	13				
慈	tsʰɿ	13				
詞	tsʰɿ	13				
瓷	tsʰɿ	13				
祠	tsʰɿ	13				
戳	tsʰok	5	郵～			
蠢	tʂʰun	31				
醇	ʂun	13				
蒓	ʂun	13				
淳	ʂun	13				
純	ʂun	13				
唇	ʂun	13				
椿	tʂʰun	44	～樹			
春	tʂʰun	44				
槌	tʂʰui	13	鼓～			
棰	tʂʰui	13				
垂	ʂui	13				
炊	tʂʰui	44				
吹	tʂʰui	44				
創	tsʰoŋ	31				
闖	tsʰoŋ	31				
床	tsʰoŋ	13				
瘡	tsʰoŋ	44				
窗	tsəŋ	53				
串	tʂʰon	53				
喘	tʂʰon	31				
篅	tʂʰon	31				
傳	tʂʰon	31	～記			
傳	tʂʰon	13				
船	ʂon	13				
穿	tʂʰon	44				
川	tʂʰon	44				
處	tʂʰu	53	相～，～所			
畜	ʂuk	1	～牧			
亍	tsʰok	1	彳～，散步			
儲	ʂu	13	～蓄			
褚	ʂu	13	姓			
楚	tsʰɿ	31				
廚	tʂʰu	13				
鋤	tsʰo	13				
除	tʂʰu	13				
初	tsʰo	44				
臭	tsʰu	53				
醜	tsʰiu	31				
籌	tsʰu	13				
綢	tsʰu	13				
愁	seu	13				
稠	tsʰu	13				
酬	tsʰu	13				
仇	kʰiu	13	姓			
仇	tsʰiu	13				
抽	tsʰiu	44				
銃	uŋ	53	放～，開槍			
寵	uŋ	31				
蟲	tʂʰuŋ	13				
崇	tsʰəŋ	13				
舂	tʂuŋ	44	～米			
沖	tʂʰuŋ	44				
充	tʂʰuŋ	44				
彳	tsʰit	1	～亍，散步			
齒	tʂʰi	31				
豉	hi	31	豆～			
恥	tʂʰi	31				
侈	tʂʰi	44	奢～			
遲	tʂʰi	13				
馳	tʂʰi	13				
持	tʂʰi	13				
池	tʂʰi	13				
癡	tʂʰi	44				
秤	tʂʰin	53				
逞	tʂʰin	31				
懲	tʂin	31				
橙	tʂʰaŋ	13				
澄	tʂʰaŋ	13				
程	tʂʰaŋ	13	姓			
乖	kai	44				
乘	ʂin	53				
城	ʂaŋ	44				
承	ʂin	13				
丞	ʂin	13				
成	tʂʰin	13				
撐	tsʰaŋ	31	吃得太飽			
撐	tsʰaŋ	53	～船			
稱	tʂʰin	44	～呼			
稱	tʂʰin	53				
趁	tʂʰin	53				
塵	tʂʰin	13				
晨	ʂin	13				
陳	tʂʰin	13				
沉	tʂʰim	13				
辰	ʂin	13				
臣	tʂʰin	13				
琛	tʂʰim	44				
扯	tʂʰa	31	～布			
車	ki	44	～馬砲			
車	tʂʰa	44	馬～			
炒	tsʰau	31				
吵	tsʰau	13				
潮	tʂʰau	13				
朝	tʂau	44	食～，吃早飯			
朝	tʂʰau	13	～代			
巢	tsʰau	13				
鈔	tsʰau	44				
超	tʂʰau	44				
抄	tsʰau	44				
暢	tʂʰoŋ	31				
唱	tʂʰoŋ	53				
倡	tʂʰoŋ	53	～議			
厰	tʂʰoŋ	31				
敞	tʂʰoŋ	31				
償	ʂoŋ	13				
嘗	ʂoŋ	13				
腸	tʂʰoŋ	13				
場	tʂʰoŋ	13				
常	ʂoŋ	13				
長	tʂoŋ	31	生～			
長	tʂʰoŋ	13	～短			
娼	tʂʰoŋ	44				
菖	tʂʰoŋ	44				
昌	tʂʰoŋ	44				
顫	tʂen	53	冷～			
鏟	tsʰan	31				
產	san	31				
纏	tsʰen	13				
蟾	hiam	13				
蟬	ʂam	13				
禪	ʂam	13	～讓			
攙	tsʰam	44				
豺	tsʰai	13				
柴	tsʰai	13				
釵	tsʰai	44				
拆	tsʰak	1	～開			
詫	tʰok	1				
差	tsʰai	44	出～			
岔	tsʰa	44				
察	tsʰat	1				
搽	tsʰa	13				
查	tsʰa	13				
茶	tsʰa	13				
插	tsʰap	1				
杈	tsʰa	44				
叉	tsʰa	44				
蹭	tsen	53				
層	tsʰen	13				
曾	tsen	44	姓			
曾	tsʰen	13	～經			
岑	tsʰem	13				
測	tsʰet	1				
策	tsʰet	1				
側	tset	1				
冊	tsʰak	1				
騲	tsʰau	31				
草	tsʰau	31				
槽	tsʰau	13	水～			
曹	tsʰau	13				
糙	tsʰau	53				
操	tsʰau	44	～作			
藏	tsʰoŋ	13	隱～；西～			
滄	tsʰoŋ	44				
蒼	tsʰoŋ	44				
倉	tsʰoŋ	44				
燦	tsʰan	53				
慘	tsʰam	31				
蠶	tsʰam	13				
慚	tsʰam	31				
殘	tsʰan	13				
餐	tsʰon	44				
參	tsʰam	44	～差；一加			
參	sam	44				
蔡	tsʰai	53				
菜	tsʰoi	53				
睬	tsʰai	31				
彩	tsʰai	31				
采	tsʰai	31				
裁	tsʰai	13				
財	tu	31				
財	tsʰoi	13				
材	tsʰoi	13				
才	tsʰai	13				
猜	tsʰai	44				
擦	tsʰat	1				
簿	pʰu	44				
埠	feu	31				
部	pʰu	53				
怖	pu	53				
步	pʰu	31				
布	pu	53				
不	put	1				
補	pu	31				
捕	pʰu	31				
蔔	puk	1				
簸	poi	53	～箕			
駁	pok	1				
鈸	pat	1				
博	pok	1				
勃	pʰut	5				
泊	pʰok	1				
帛	pok	1				
伯	pak	1				
餑	pʰut	5				
播	po	53				
缽	pat	1				
菠	po	44				
剝	pok	1				
玻	po	44				
波	po	44				
病	pʰiaŋ	31				
並	pun	53				
餅	piaŋ	31				
稟	pun	31				
炳	piaŋ	31				
柄	piaŋ	53				
秉	pun	31				
丙	piaŋ	31				
兵	pun	44				
冰	pen	44				
鬢	pun	44				
殯	pun	44				
檳	pun	44	～榔			
賓	pun	44				
彬	pun	44				
別	pʰet	5				
鱉	pet	1				
憋	pet	1				
鰾	pʰiau	53	魚～			
裱	piau	31				
表	piau	44				
表	piau	31				
膘	piau	44				
標	pʰiau	44				
彪	pʰiau	44				
變	pen	53				
辯	pʰen	31				
辮	pen	44				
辨	pʰen	31				
遍	pen	53				
便	pʰen	44	～宜			
便	pʰen	31	大～			
便	pʰen	53	方～			
匾	pen	31				
扁	pen	31				
邊	pen	44				
鞭	pen	44				
編	pʰen	44				
蝙	pen	31				
臂	pi	31				
斃	pi	53				
避	pʰut	1				
壁	piak	1				
幣	pi	53				
弊	pi	53				
箅	pi	53				
蔽	pi	53				
碧	put	1				
痹	pi	44	麻～			
蓖	pi	44	～麻			
弼	pʰet	1				
婢	pi	44				
閉	pi	53				
畢	put	1				
必	put	1				
鄙	pʰi	31				
筆	put	1				
俾	pi	44				
彼	pi	31				
比	pi	31				
鼻	pʰi	31				
逼	pet	1				
迸	pun	53	～裂			
泵	paŋ	44	水～			
崩	pen	44				
笨	pun	53				
本	pun	31				
錛	pun	44				
奔	pun	44				
輩	pi	53				
備	pʰi	31				
被	pʰi	44	棉～			
倍	pʰi	31				
背	pʰoi	31				
背	poi	53				
貝	pi	53				
北	pet	1				
碑	pi	44				
悲	pi	44				
卑	pi	44				
杯	pi	44				
爆	pʰau	53				
鮑	pau	44	性			
暴	pʰau	31				
報	pau	53				
豹	pau	53				
抱	pʰau	31				
寶	pau	31				
飽	pau	31				
堡	pau	31				
保	pau	31				
薄	pʰok	5				
雹	pʰok	5				
褒	pau	44	～獎			
煲	pau	44				
胞	pau	44				
包	pau	44				
謗	poŋ	31				
謗	ti	53				
磅	poŋ	31	地～			
傍	pʰoŋ	13				
棒	puŋ	31				
蚌	poŋ	53				
榜	poŋ	31				
綁	poŋ	31				
幫	poŋ	44				
浜	paŋ	44				
邦	paŋ	44				
扮	pʰan	31				
瓣	pʰan	53				
辦	pʰan	31				
絆	pʰan	31				
拌	pʰan	31				
伴	pʰan	31				
半	pan	53				
版	pan	31				
板	pan	44				
板	pan	31				
頒	pan	44				
搬	pan	44				
斑	pan	44				
般	pan	44				
班	pan	44				
稗	pʰai	31				
敗	pʰai	31				
拜	pai	53				
擺	pai	31				
柏	pak	1				
佰	pak	1				
百	pak	1				
白	pʰak	5				
欛	pa	53				
壩	pa	53	三河～，地名			
霸	pa	53				
罷	pʰa	31				
爸	pa	44				
把	pa	31				
拔	pʰat	5				
拔	pat	1				
疤	pa	44				
芭	pa	44				
扒	pʰa	44				
巴	pa	44				
八	pat	1				
懊	au	53	～惱			
澳	au	53				
傲	ŋau	31				
坳	au	53	山～			
襖	au	31				
熬	ŋau	13				
昂	ŋoŋ	44				
肮	oŋ	44				
暗	am	53				
案	on	53				
按	on	53				
岸	ŋam	31				
揞	em	44	用手覆蓋			
盦	am	31	～～僕，俯臥			
鞍	on	44	馬～			
庵	am	44				
氨	on	44	～水			
桉	on	53	～樹			
安	on	44				
礙	ŋoi	53				
愛	oi	53				
隘	ai	53				
艾	ŋioi	53				
藹	ai	53	和～			
矮	ai	31				
挨	ai	44	～打			
埃	ai	44	～及			
哀	oi	44				
阿	a	44	～膠；～哥			
䦆	kiok	1	～頭，鋤頭			
㧐	səŋ	31	推			
□	piau	44	跳			
𠜱	pʰai	44	～果皮，削			
□	tem	44	～～mil，悄悄的			
□	tsʰem	44	～衫，將上衣束進褲腰			
喊	hem	44	叫喊			
□	ŋam	44	～頭，碰頭			
□	lam	44	炭～裝炭的竹筐			
□	au	44	～人，冤枉人			
□	pak	5	～煙，抽煙			
□	pʰuk	5	～人，捉迷藏			
□	tat	5	～人，騙人			
□	tʰep	5	撳～，撳結實			
□	kat	5	～咸，太咸			
□	kʰak	5	～人，掐人			
□	tsiak	5	打～，與小子玩的一種游戲			
蚻	tsʰat	5	黄～，蟑螂			
□	sep	5	～等來，蓋好			
核	hak	5	～卵，睾丸			
□	et	5	～tuk7，飽嗝			
□	tat	1	～粉，米粉			
□	tʰak	1	～東西，綁東西			
□	kiuk	1	～豬，趕			
□	fak	1	～手～脚，手足舞蹈			
□	vak	1	～東西，用竹竿勾取東西			
□	tsak	1	～死人，砸死人			
□	tsʰiuk	1	～人，刺傷人			
□	sak	1	瓦～，瓦礫			
□	mak	1	～地豆，剥花生			
□	nak	1	～倒腰，扭傷了腰			
□	ŋiap	1	～衫袖，卷衣袖			
□	lok	1	～食，乞討			
□	iok	1	～奶，小子嘔乳			
□	poi	31	～倒脚，扭傷脚			
□	pʰuŋ	31	～～i1知。稍爲知道一點			
□	tem	31	～脚，跺			
□	kem	31	目～～，眼皮低垂，無精打採			
□	kʰan	31	～大肚，懷孕			
□	faŋ	31	～ta，喻做事不穩當			
□	vo	31	～你去，叫你去			
□	tsan	31	舒服			
□	tsʰeu	31	～水，加水			
□	ʂaŋ	31	～人，在别人面前炫耀			
□	nem	31	～水，淫雨			
□	ŋien	31	～脚，治脚扭傷			
□	oŋ	31	～人，擋人			
□	pai	13	～脚			
□	toŋ	13	～～tintin，掛著的東西擺來擺去			
□	kem	13	～蓋，蓋蓋子			
□	kʰiau	13	～人，小子纏人			
□	fun	13	頭～，頭暈			
□	tsiau	13	阿～li孩的别稱			
□	tsʰoi	13	～人，打人			
□	sai	13	肚～，油水少			
□	hoi	13	頭皮～，頭皮癢			
□	mau	13	無			
□	naŋ	13	脚～a1，小腿			
□	ŋau	13	～嘴，歪嘴			
□	piaŋ	53	藏			
冇	pʰaŋ	53	～話，大話			
□	tem	53	笨			
□	tʰen	53	～手，幫忙			
□	kʰeu	53	叩～頭			
□	fun	53	～手，甩手			
□	vun	53	～牛，把牛關在牛棚			
□	tsaŋ	53	～力，用力			
□	tsʰan	53	～頭，調皮			
□	tʂen	53	～你；打你			
□	tʂʰim	53	～水，打水			
□	heu	53	～桌，拼，套			
□	maŋ	53	～i3，一種浮在水面的小生物，或供雞，鴨，金魚等吃			
□	naŋ	53	～倒人，踩到人			
□	ŋam	53	山～下；山脚			
□	laŋ	53	光滑，好			
□	piaŋ	44	～東西，摔東西			
□	piaŋ	44	揍			
□	pu	44	下來，蹲下			
□	pʰaŋ	44	～氣球，吹氣球			
□	tiam	44	提			
□	tiam	44	慢			
□	tin	44	～～nil轉，轉來轉去			
□	ki	44	茶～			
□	kiu	44	～正			
□	fan	44	幾～			
□	tsʰiam	44	～豬，殺豬			
□	tsʰin	44	～密			
□	sem	44	人～			
□	hiam	44	尿～，尿味			
□	hio	44	巴掌～，打巴掌			
□	ho	44	～～kaplkapl，狼吞虎咽			
□	ŋa	44	～東西，我的東西			
□	ŋio	44	～皺，揉皺			
□	lan	44	～丫，一種小孩用的圍頸布			
□	lau	44	～糠飯，拌			
□	lin	44	～～tsʰin tsʰin，趔趄			
□	io	44	～，肚皮大			
□	oi	44	爺～，父母			
□	pat	5	用布類拍打			
□	pok	5	～丸，錘肉丸			
□	ket	5	～～tiau5，說個不停			
□	kit	5	～～tiau5，冷得打抖			
□	kʰat	5	～倒脚，夾傷了脚			
□	kʰet	5	～羹，煮米糊			
□	tsip	5	～ti3ti1，喝一點			
□	tsʰut	5	～净來，抹干净			
□	sok	5	～脆：很脆			
□	sot	5	唔～，不理你			
□	ʂit	5	月～			
□	tok	1	～等來，等著接東西			
□	tuk	1	～目睡，打瞌睡			
□	fit	1	～東西，扔			
□	tsep	1	一～米，一把米			
□	tsʰot	1	～人，騙人			
□	siap	1	～桌，墊			
□	tʂit	1	～有			
□	mut	1	腐爛			
□	nat	1	～人，燙人			
□	ŋiap	1	車胎～，車胎没氣			
□	ŋiap	1	～酒			
□	ŋok	1	不好，差勁			
□	lut	1	～褲，脱褲			
□	toi	31	～錢，較大數量的錢			
□	kiam	31	～東西			
□	kʰiaŋ	31	～錢，省錢			
□	kʰoi	31	肚～，肚子餓			
□	tsia	31	～婆，姥姥			
□	tsui	31	雞～食，啄食			
□	tsʰoi	31	好～，好運			
□	ʂoŋ	31	～燈			
□	noŋ	31	～et7ti5，浪費			
□	ŋioŋ	31	～豆腐			
□	tin	13	～～tintin，水、油等往下滴			
□	ku	13	～脈個，說什么，貶義			
□	siu	13	脚～，酸疼			
□	ʂam	13	～宗			
□	men	13	爛了			
□	mioŋ	13	～i1，芒草			
□	nem	13	軟熱			
□	neu	13	粥～；粥稠			
□	nuŋ	13	～～i1行，喻小孩學走路的樣子			
□	pʰiau	53	～洗			
□	ton	53	階梯的級			
□	toŋ	53	～唔得，比不上			
□	tun	53	針～倒人，針刺傷人			
□	tin	53	tin2tin2～～			
□	kʰe	53	～哥，情人，貶義			
□	tsiaŋ	53	倒			
□	tson	53	～石			
□	tʂon	53	倒塌			
□	ŋa	53	牙牙～～，小孩哭聲，吵鬧聲			
□	ŋoŋ	53	～牯，傻子			
□	len	53	～磚，做泥磚的一道工序			
□	leu	53	～雞，叫雞吃食			
□	liam	53	量詞			
□	lon	53	雞～，小母雞			
