		1陰平24 2陽平213 3上聲55 5陰去52  6陽去31 7陰入32 8陽入24
ʦɿ1	咨	
ʦɿ1	资	
ʦɿ1	姿	
ʦɿ1	孜	
ʦɿ1	兹	
ʦɿ1	滋	
ʦɿ1	之	
ʦɿ1	芝	
ʦɿ1	支	
ʦɿ1	吱	
ʦɿ1	枝	
ʦɿ1	肢	
ʦɿ1	栀	
ʦɿ1	知	
ʦɿ1	蜘	
ʦɿ1	脂	
ʦɿ1	祇	
ʦɿ1	淄	
ʦɿ3	只	文
ʦɿ3	子	
ʦɿ3	仔	
ʦɿ3	籽	
ʦɿ3	紫	
ʦɿ3	旨	
ʦɿ3	脂	又
ʦɿ3	趾	
ʦɿ3	止	
ʦɿ3	址	
ʦɿ3	梓	
ʦɿ3	纸	
ʦɿ3	姊	
ʦɿ5	至	
ʦɿ5	郅	
ʦɿ5	桎	
ʦɿ5	窒	
ʦɿ5	置	
ʦɿ5	志	
ʦɿ5	痣	
ʦɿ5	炽	
ʦɿ5	帜	
ʦɿ5	翅	
ʦɿ5	稚	又
ʦʰɿ1	痴	
ʦʰɿ1	疵	
ʦʰɿ1	雌	
ʦʰɿ1	蚩	
ʦʰɿ1	□	脚步不稳
ʦʰɿ3	此	
ʦʰɿ3	耻	
ʦʰɿ3	齿	
ʦʰɿ3	侈	
ʦʰɿ5	次	
ʦʰɿ5	刺	
ʦʰɿ5	赐	
ʦʰɿ5	滞	
ʦʰɿ5	稚	
ʣɿ2	池	
ʣɿ2	弛	
ʣɿ2	驰	
ʣɿ2	迟	
ʣɿ2	治	用刀切
ʣɿ6	治	
ʣɿ6	痔	
sɿ1	司	
sɿ1	私	
sɿ1	丝	
sɿ1	斯	
sɿ1	厮	
sɿ1	撕	
sɿ1	思	
sɿ1	诗	
sɿ1	尸	
sɿ1	师	
sɿ1	狮	
sɿ1	施	
sɿ3	死	
sɿ3	史	
sɿ3	使	
sɿ3	始	
sɿ3	驶	
sɿ3	屎	
sɿ5	四	
sɿ5	泗	
sɿ5	驷	
sɿ5	矢	
sɿ5	世	
sɿ5	势	
sɿ5	肆	
sɿ5	试	
sɿ5	逝	
sɿ5	视	
zɿ2	瓷	
zɿ2	慈	
zɿ2	磁	
zɿ2	辞	
zɿ2	词	
zɿ2	祠	
zɿ2	饲	
zɿ2	嗣	
zɿ2	时	
zɿ2	鲥	
zɿ2	茨	
zɿ2	持	
zɿ6	士	
zɿ6	仕	
zɿ6	示	
zɿ6	氏	
zɿ6	似	
zɿ6	寺	
zɿ6	侍	
zɿ6	市	
zɿ6	柿	
zɿ6	字	
zɿ6	事	
pi1	屄	
pi3	比	
pi3	鄙	
pi3	彼	
pi5	闭	
pi5	秘	
pi5	毖	
pi5	毙	又
pʰi1	披	
pʰi1	批	
pʰi1	砒	
pʰi1	纰	
pʰi3	庇	
pʰi3	痞	
pʰi3	毙	
pʰi5	屁	
bi2	皮	
bi2	疲	
bi2	脾	
bi2	痞	又
bi6	币	
bi6	敝	
bi6	蔽	
bi6	弊	
bi6	避	
bi6	坒	砖
bi6	鐾	剃刀
bi6	被	
mi1	眯	
mi1	渳	
mi2	迷	
mi2	弥	
mi2	麋	
mi2	靡	
mi2	眉	
mi3	米	
ti1	低	
ti3	底	
ti3	抵	
ti3	坻	
ti5	帝	
ti5	蒂	
ti5	缔	
tʰi1	梯	
tʰi3	体	
tʰi3	□	把东西分开
tʰi5	替	
tʰi5	涕	
tʰi5	剃	
tʰi5	递	
tʰi5	嚏	
di2	提	
di2	堤	
di2	题	
di2	啼	
di2	蹄	
di6	弟	
di6	娣	
di6	第	
di6	地	
li2	厘	
li2	黎	
li2	犁	
li2	梨	
li2	离	
li2	篱	
li3	李	
li3	礼	
li3	里	
li3	理	
li3	鲤	
li6	丽	
li6	吏	
li6	厉	
li6	励	
li6	利	
li6	莉	
li6	痢	
li6	例	
li6	隶	
ʨi1	机	
ʨi1	肌	
ʨi1	饥	
ʨi1	讥	
ʨi1	鸡	
ʨi1	基	
ʨi1	簊	
ʨi3	几	
ʨi3	己	
ʨi3	挤	
ʨi5	计	
ʨi5	记	
ʨi5	纪	
ʨi5	季	
ʨi5	悸	
ʨi5	寄	
ʨi5	剂	
ʨi5	既	
ʨi5	冀	
ʨi5	骥	
ʨi5	继	
ʨi5	系	~鞋带
ʨʰi1	欺	
ʨʰi1	溪	
ʨʰi1	蹊	
ʨʰi1	期	
ʨʰi3	企	
ʨʰi3	启	
ʨʰi3	起	
ʨʰi3	企	又
ʨʰi3	岂	
ʨʰi5	气	
ʨʰi5	汽	
ʨʰi5	弃	
ʨʰi5	器	
ʥi2	其	
ʥi2	棋	
ʥi2	琪	
ʥi2	祺	
ʥi2	旗	
ʥi2	麒	
ʥi2	杞	
ʥi2	奇	
ʥi2	骑	
ʥi2	祁	
ʥi2	祈	
ʥi2	齐	
ʥi2	荠	文
ʥi6	忌	
ʥi6	技	
ʥi6	妓	
ʥi6	伎	
ʥi6	及	白，来不及，本字为洎
ȵi2	倪	
ȵi2	尼	
ȵi2	泥	
ȵi2	呢	~制服
ȵi6	腻	
ȵi6	义	~气：厚道
ɕi1	希	
ɕi1	稀	
ɕi1	西	
ɕi1	牺	
ɕi1	嘻	
ɕi1	熙	
ɕi1	羲	
ɕi3	喜	
ɕi3	禧	
ɕi3	洗	
ɕi3	孟	姓，来源不明待考
ɕi5	戏	
ɕi5	细	
kʰi5	去	白
i1	衣	
i1	依	
i1	铱	
i1	医	
i2	宜	
i2	异	
i2	移	
i2	遗	
i2	夷	
i2	姨	
i2	疑	
i2	仪	
i3	已	
i3	椅	
i3	倚	
i3	以	
i3	亿	
i3	忆	
i3	意	
i3	臆	
i3	奚	
i3	易	
i3	勚	
i3	艺	
i3	毅	
i3	义	
i3	议	
i3	蚁	
i3	翼	
pu1	补	
pʰu5	布	
pʰu5	怖	
pʰu3	铺	铺天盖地
pʰu3	潽	因沸而溢
pʰu3	埠	
pʰu3	甫	
pʰu3	脯	
pʰu3	圃	
pʰu3	浦	
pʰu3	辅	
pʰu3	埔	
pʰu3	普	
pʰu3	谱	
pʰu5	铺	~床
bu2	蒲	菖蒲
bu2	菩	
bu6	步	
bu6	部	
bu6	簿	
bu6	孵	白
fu1	夫	
fu1	肤	
fu1	麸	
fu3	府	
fu3	俯	
fu3	腑	
fu3	斧	
fu3	釜	
fu3	孵	文
fu5	付	
fu5	副	
fu5	富	
fu5	赋	
fu5	赴	
fu5	讣	
fu5	阜	
fu5	傅	
vu2	扶	
vu2	抚	
vu2	符	
vu2	诬	
vu2	浮	
vu6	父	
vu6	戊	又
tu1	都	
tu1	嘟	
tu3	赌	
tu3	肚	
tu3	堍	
tu5	妒	
tu5	堵	
tu5	睹	
tu5	蠹	
tʰu3	土	
tʰu3	吐	
tʰu5	兔	
tʰu5	唾	
du2	图	
du2	途	
du2	涂	
du2	徒	
du2	屠	
du6	度	
du6	渡	
du6	镀	
du6	杜	
lu2	如	
lu2	茹	
lu2	卢	
lu2	芦	
lu2	庐	
lu2	炉	
lu2	颅	
lu3	汝	
lu3	鲁	
lu3	橹	
lu3	卤	
lu6	路	
lu6	露	
lu6	赂	
ʦu1	租	
ʦu1	朱	
ʦu1	株	
ʦu1	茱	
ʦu1	诛	
ʦu1	蛛	
ʦu1	珠	
ʦu1	猪	
ʦu3	祖	
ʦu3	组	
ʦu3	阻	
ʦu3	诅	
ʦu3	主	
ʦu3	煮	
ʦu5	诸	
ʦu5	注	
ʦu5	驻	
ʦu5	疰	夏
ʦu5	铸	
tsʰu1	粗	
tsʰu1	初	
ʦʰu3	楚	
ʦʰu3	础	
ʦʰu3	鼠	
ʦʰu3	褚	
ʦʰu3	处	~理
ʦʰu5	处	住~
ʦʰu5	措	
ʦʰu5	醋	
ʣu2	雏	
ʣu2	除	
ʣu2	贮	
ʣu2	厨	
ʣu2	橱	
ʣu2	储	
ʣu6	助	
ʣu6	箸	~笼
ʣu6	住	
su1	书	
su1	酥	
su1	苏	
su1	输	
su1	疏	
su3	数	点
su5	数	~目
su5	素	
su5	诉	
su5	塑	
su5	漱	
su5	恕	
zu2	锄	
zu2	贮	又
zu6	树	
zu6	竖	
ku1	姑	
ku1	菇	
ku1	孤	
ku1	辜	
ku1	箍	
ku3	古	
ku3	估	
ku3	鼓	
ku3	股	
ku5	故	
ku5	固	
ku5	顾	
ku5	雇	
kʰu1	枯	
kʰu1	骷	
kʰu3	苦	
kʰu5	库	
kʰu5	裤	
gu2	□	~私:糊里糊涂
gu6	□	贪
xu1	乎	
xu1	呼	
xu3	虎	
xu3	浒	
xu5	戽	
xu5	□	芦~
ɣu2	胡	
ɣu2	糊	
ɣu2	湖	
ɣu2	蝴	
ɣu2	葫	
ɣu2	壶	
ɣu2	弧	
ɣu2	狐	
ɣu6	户	
ɣu6	护	
ɣu6	扈	
u1	乌	
u1	呜	
u1	污	
u2	吴	
u2	蜈	
u2	无	
u2	芜	
u3	五	
u3	伍	
u3	武	
u3	午	
u3	诬	文
u6	误	
u6	悟	
u6	务	
u6	戊	
ly2	驴	
ly3	吕	
ly3	铝	
ly3	侣	
ly3	旅	
ly3	履	
ly6	虑	
ly6	滤	
ʨy1	居	
ʨy1	□	钻
ʨy3	举	
ʨy3	嘴	
ʨy5	句	
ʨy5	醉	
ʨy5	锯	
ʨy5	据	
ʨy5	巨	
ʨy5	炬	
ʨy5	拒	
ʨy5	距	
ʨʰy1	区	
ʨʰy1	躯	
ʨʰy1	驱	
ʨʰy1	岖	
ʨʰy1	蛆	
ʨʰy3	取	
ʨʰy5	去	文
ʥy2	瞿	
ʥy2	渠	
ʥy6	具	
ʥy6	俱	
ʥy6	惧	
ȵy3	女	
ɕy1	虚	
ɕy1	墟	
ɕy1	尿	白
ɕy1	西	瓜
ɕy3	许	
ɕy3	浒	又
ɕy3	栩	
ɕy5	岁	白
ɕy5	絮	
ʑy2	徐	
ʑy2	渠	又
ʑy6	聚	
ʑy6	序	
ʑy6	荠	菜
y1	淤	
y2	于	姓
y2	余	
y2	鱼	
y2	渔	
y2	娱	
y2	俞	
y2	愉	
y2	榆	
y2	愚	
y2	虞	
y3	雨	
y3	语	
y3	羽	
y5	喂	白
y6	于	
y6	吁	
y6	圩	白
y6	迂	
y6	芋	
y6	豫	
y6	愈	
y6	喻	
y6	裕	
y6	誉	
y6	遇	
y6	寓	
y6	预	
pa1	揹	
pa3	摆	
pa3	䙓	
pa3	拜	
pʰa3	㧩	用手轻轻拨开
pʰa6	派	
pʰa5	配	白
ba2	排	
ba2	徘	
ba2	牌	
ba6	败	
ba6	稗	
ma1	咩	
ma2	埋	
ma2	霾	
ma3	买	
ma6	卖	
ma6	迈	
ta1	呆	又
ta1	堆	又
ta3	歹	又
ta3	𠡒	使劲地拽：~芦穄
ta5	戴	
ta5	带	
ta5	碓	石臼
tʰa1	推	
tʰa1	胎	
tʰa5	太	
tʰa5	钛	
tʰa5	泰	
da2	台	
da2	抬	
da2	苔	
da6	代	
da6	袋	
da6	埭	
da6	待	
da6	怠	
da6	汰	~衣服
da6	歹	
na2	□	母亲
na2	奶	乳房：乳汁：~~：妻子
na2	乃	
na2	廼	
na6	奶	~~：祖母
na6	奈	
na6	耐	
la1	在	白，又
la2	来	
la2	莱	
la2	累	~命:缠蛮
la6	睐	
la6	赖	
la6	癞	
la6	籁	
la6	在	白
ʦa1	灾	
ʦa1	哉	
ʦa1	栽	
ʦa1	斋	
ʦa3	宰	
ʦa3	崽	
ʦa5	再	
ʦa5	债	
ʦa5	载	
ʦʰa1	猜	
ʦʰa1	差	出~
ʦʰa1	催	白
ʦʰa3	采	
ʦʰa3	彩	
ʦʰa3	睬	
ʦʰa3	踩	
ʦʰa5	菜	
ʦʰa5	蔡	
sa1	筛	
sa1	鳃	
sa1	腮	
sa1	衰	又
sa3	洒	
sa5	晒	
sa5	赛	
za6	寨	
za6	才	
za6	财	
za6	裁	
za6	在	文
ka1	该	
ka1	赅	
ka1	□	~平
ka1	街	
ka3	改	
ka3	解	
ka5	丐	
ka5	钙	
ka5	盖	
ka5	慨	
ka5	溉	
ka5	戒	
ka5	界	
ka5	解	锯
ka5	解	~款
kʰa1	开	
kʰa1	揩	
kʰa3	凯	
kʰa3	楷	
kʰa3	慨	
kʰa5	恺	~背椅
ga2	□	碰
ga6	□	撑撑~~;懒惰
ŋa1	哀	
ŋa1	挨	白，靠近
ŋa1	埃	
ŋa2	呆	
ŋa2	捱	
ŋa2	癌	
ŋa2	皑	
ŋa3	矮	
ŋa5	爱	
ŋa6	艾	
ŋa6	碍	
ŋa6	外	白
ŋa6	蔼	
ŋa6	暧	
xa1	桸	用瓢、碗等取东西：~米
xa3	海	
xa3	蟹	
xa3	咳	
xa5	□	~不住：吃不消
ɣa2	鞋	
ɣa2	还	
ɣa2	孩	
ɣa2	咳	喊
ɣa6	害	
ɣa6	亥	
ɣa6	唉	
ɣa6	解	姓
a3	也	白
kua1	乖	
kua1	怪	
kʰua3	傀	
kʰua5	快	
kʰua5	筷	
kʰua5	脍	
kʰua5	会	~计
gua6	□	手臂夹着东西
xua1	歪	
xua3	□	大吃
ɣua2	怀	
ɣua2	槐	
ɣua2	淮	
ɣua2	还	又读
ɣua6	坏	文读
ua3		左右摇摆
ua6	外	文读
ua6	坏	白读
ʨya3	□	很得意，神气
ʨya5	拽	
ʨʰya3	□	唆使
ɕya1	靴	
ɕya1	摔	
ɕya3	甩	
ɕya5	帅	
ɕya5	率	
pɑ1	吧	
pɑ5	爸	文读
pʰɑ5	叭	
bɑ2	□	拔出：抽出
ba6	爸	白读
mɑ3	妈	
mɑ3	吗	
mɑ3	嘛	
mɑ6	妈	~~;伯母
fɑ1	乏	
tɑ3	打	
tɑ5	大	文读
dɑ2	□	移开一点：错后一点：~几天去探亲
dɑ6	大	白读
dɑ6	汏	~衣服
nɑ2	拿	
nɑ3	哪	文读
lɑ1	拉	~拢
lɑ2	拉	~尿：尿床
lɑ3	哪	白读
lɑ6	赖	~学
ʦɑ1	遮	
ʦʰɑ1	车	
ʦʰɑ1	□	拌和：~面
ʦʰɑ3	扯	
ʣɑ6	□	~蛤：本地特有海产
sɑ1	赊	
sɑ3	傻	
sɑ3	舍	
sɑ3	捨	
sɑ5	煞	迷信说法，指人的灵魂：~走了
sɑ5	社	东~：本县地名
zɑ2	蛇	
zɑ2	佘	
zɑ6	射	
zɑ6	麝	
gɑ2	懈	不利索：慢
gɑ6	澥	与紧相反。手里~：用钱不精打细算
gɑ6	□	挤：~进去
xɑ1	哈	~气
ɑ2	啊	疑问词
ɑ6	啊	应答
tiɑ1	爹	~~：祖父：老~：泛指老头
tiɑ3	嗲	娇惯,撒娇
ʨiɑ1	加	
ʨiɑ1	家	文读
ʨiɑ1	稼	
ʨiɑ1	佳	
ʨiɑ1	嘉	
ʨiɑ3	贾	
ʨiɑ3	假	又读
ʨiɑ3	姐	
ʨiɑ5	借	
ʨiɑ5	架	
ʨiɑ5	驾	
ʨiɑ5	价	
ʨiɑ5	嫁	文读
ʨʰiɑ1	斜	又读
ʨʰiɑ5	笡	倾倒、歪：墙~了
ʥiɑ2	茄	
ʥiɑ2	□	犟、粗暴
ʥiɑ6	□	指人某一部分伤痛，不灵活：腰~了
ʥiɑ6	□	~尿：小便
ɕiɑ1	些	
ɕiɑ3	写	
ɕiɑ3	泻	
ɕiɑ3	卸	
ɕiɑ3	惬	
ʑiɑ2	霞	
ʑiɑ2	邪	
ʑiɑ2	斜	
ʑiɑ6	下	文读
ʑiɑ6	夏	文读
ʑiɑ6	谢	
ʑiɑ6	榭	
iɑ1	□	躲
iɑ1	𦚢	手受伤不能动：手~了
iɑ2	牙	
iɑ2	芽	
iɑ2	涯	
iɑ2	爷	~~：父亲
iɑ3	野	
iɑ3	讶	
iɑ3	惹	
iɑ6	夜	
iɑ6	亚	
iɑ6	椰	
iɑ6	耶	
iɑ6	呀	
kuɑ1	呱	
ɣuɑ2	哗	文读
uɑ1	哇	
uɑ2	娃	
uɑ5	□	~里~大：矫揉造作
pʌ1	包	
pʌ1	苞	
pʌ1	胞	
pʌ1	鲍	
pʌ3	宝	
pʌ3	保	
pʌ3	褒	
pʌ3	饱	
pʌ3	煲	
pʌ5	暴	文读
pʌ5	报	
pʌ5	豹	
pʌ5	趵	
pʌ5	瀑	
pʌ5	爆	
pʰʌ1	抛	
pʰʌ1	泡	
pʰʌ3	□	~儿：指爱吹嘘，做事不踏实的人
pʰʌ5	炮	
pʰʌ5	泡	~饭
bʌ2	袍	
bʌ2	跑	
bʌ6	抱	
bʌ6	鲍	文读
bʌ6	雹	
bʌ6	刨	
bʌ6	暴	白读
bʌ6	爆	~灰
mʌ2	毛	
mʌ2	矛	
mʌ2	茅	
mʌ2	猫	
mʌ2	锚	
mʌ3	卯	
mʌ3	铆	
mʌ6	冒	
mʌ6	帽	
mʌ6	貌	
tʌ1	刀	
tʌ3	岛	
tʌ3	捣	
tʌ3	倒	~下来
tʌ5	到	
tʌ5	倒	~退
tʰʌ1	他	白读
tʰʌ1	滔	
tʰʌ1	叨	
tʰʌ3	讨	
tʰʌ5	套	
dʌ2	匋	
dʌ2	他	白读，又音
dʌ2	淘	
dʌ2	陶	
dʌ2	掏	
dʌ2	萄	
dʌ2	逃	
dʌ2	桃	
dʌ2	涛	
dʌ2	焘	
dʌ6	道	
dʌ6	导	
dʌ6	稻	
dʌ6	蹈	
dʌ6	盗	
dʌ6	悼	
nʌ1	孬	
nʌ2	挠	
nʌ3	恼	
nʌ3	脑	
nʌ3	闹	
lʌ1	捞	~好处
lʌ2	劳	
lʌ2	捞	
lʌ2	唠	
lʌ2	痨	
lʌ2	牢	
lʌ3	老	
lʌ3	佬	
lʌ6	涝	
lʌ6	唠	~三~四
ʦʌ1	糟	
ʦʌ1	遭	
ʦʌ1	招	
ʦʌ1	朝	~三暮四
ʦʌ3	早	
ʦʌ3	枣	
ʦʌ3	澡	
ʦʌ3	找	
ʦʌ3	蚤	
ʦʌ5	灶	
ʦʌ5	罩	
ʦʌ5	躁	
ʦʌ5	燥	
ʦʰʌ1	抄	
ʦʰʌ1	操	
ʦʰʌ1	超	
ʦʰʌ3	炒	
ʦʰʌ3	吵	
ʦʰʌ3	草	
ʦʰʌ5	糙	
ʦʰʌ5	钞	
ʣʌ2	朝	
ʣʌ2	潮	
ʣʌ2	嘲	
ʣʌ6	赵	
sʌ1	烧	
sʌ1	梢	
sʌ1	搔	
sʌ1	骚	
sʌ3	少	
sʌ3	扫	
sʌ3	嫂	
sʌ5	少	~年
sʌ5	䴛	盐:咸
zʌ2	曹	
zʌ2	槽	
zʌ2	嘈	
zʌ2	䐬	肚饿：~人
zʌ2	劁	~麦
zʌ6	召	
zʌ6	邵	
zʌ6	□	脚踏地
kʌ1	高	
kʌ1	蒿	
kʌ1	镐	
kʌ1	胶	白读
kʌ1	膏	
kʌ1	羔	
kʌ1	糕	
kʌ1	皋	
kʌ1	槁	
kʌ1	睾	
kʌ3	搞	
kʌ3	稿	
kʌ3	搅	
kʌ5	告	
kʌ5	诰	
kʌ5	酵	
kʌ5	教	~书
kʰʌ1	敲	
kʰʌ3	拷	~打
kʰʌ3	考	
kʰʌ3	烤	
kʰʌ5	靠	
kʰʌ5	铐	
gʌ6	□	糊涂，分不清楚
ŋʌ1	懊	~燥
ŋʌ2	熬	
ŋʌ2	鳌	
ŋʌ2	遨	
ŋʌ2	翱	
ŋʌ3	咬	
ŋʌ3	袄	
ŋʌ5	傲	
ŋʌ6	□	称赞
xʌ1	蒿	
xʌ1	薅	
xʌ3	好	
xʌ5	好	~色
xʌ5	孝	白读
ɣʌ2	豪	
ɣʌ2	嚎	
ɣʌ2	壕	
ɣʌ2	毫	
ɣʌ6	号	
ɣʌ6	浩	
ɣʌ6	皓	
ɣʌ6	耗	
ɣʌ6	昊	
ʌ5	噢	
piʌ1	瞟	
piʌ1	膘	
piʌ1	镖	
piʌ1	标	
piʌ1	彪	
piʌ1	镳	
piʌ1	飙	
piʌ3	表	
piʌ3	裱	
piʌ3	婊	
piʌ5	嫑	
pʰiʌ1	飘	
pʰiʌ3	鳔	
pʰiʌ5	票	
pʰiʌ5	漂	
biʌ2	嫖	
biʌ2	瓢	
miʌ2	苗	
miʌ2	描	
miʌ3	瞄	
miʌ3	秒	
miʌ3	渺	
miʌ3	藐	
miʌ6	庙	
miʌ6	妙	
miʌ6	缪	
miʌ6	谬	
tiʌ1	刁	
tiʌ1	雕	
tiʌ1	凋	
tiʌ3	屌	
tiʌ5	吊	
tiʌ5	钓	
tʰiʌ1	挑	
tʰiʌ1	佻	
tʰiʌ3	□	给好处
tʰiʌ5	跳	
tʰiʌ5	粜	
tʰiʌ5	眺	
diʌ2	调	
diʌ2	条	
diʌ2	迢	
diʌ2	笤	
diʌ2	龆	
diʌ6	调	又读，~查
diʌ6	掉	
diʌ6	铫	
liʌ2	辽	
liʌ2	疗	
liʌ2	燎	
liʌ2	撩	
liʌ2	僚	
liʌ3	了	
liʌ6	料	
liʌ6	撂	
liʌ6	廖	
liʌ6	寥	
liʌ6	瞭	
ʨiʌ1	交	
ʨiʌ1	胶	文读
ʨiʌ1	浇	
ʨiʌ1	焦	
ʨiʌ1	蕉	
ʨiʌ1	礁	
ʨiʌ1	椒	
ʨiʌ3	缴	
ʨiʌ3	剿	白读
ʨiʌ5	教	文读
ʨiʌ5	叫	
ʨʰiʌ1	锹	
ʨʰiʌ1	悄	
ʨʰiʌ3	巧	
ʨʰiʌ5	翘	
ʨʰiʌ5	俏	
ʥiʌ2	乔	
ʥiʌ2	桥	
ʥiʌ2	侨	
ʥiʌ2	瞧	
ʥiʌ6	轿	
ʥiʌ6	樵	
ʥiʌ6	翹	~轧：有矛盾
ȵiʌ3	鸟	
ȵiʌ3	尿	~素
ȵiʌ6	尿	小便（动词）
ɕiʌ1	肖	
ɕiʌ1	销	
ɕiʌ1	消	
ɕiʌ1	硝	
ɕiʌ1	宵	
ɕiʌ1	霄	
ɕiʌ1	萧	
ɕiʌ1	□	~书
ɕiʌ1	小	
ɕiʌ1	筱	
ɕiʌ1	晓	
ɕiʌ5	笑	
ɕiʌ5	啸	
ɕiʌ5	孝	文读
ɕiʌ5	哮	
ɕiʌ5	酵	文读
ʑiʌ2	肴	白读
ʑiʌ6	校	
iʌ1	邀	
iʌ1	夭	
iʌ1	妖	
iʌ1	腰	
iʌ2	姚	
iʌ2	尧	
iʌ2	肴	文读
iʌ2	摇	
iʌ2	遥	
iʌ2	瑶	
iʌ2	窑	
iʌ2	谣	
iʌ2	饶	
iʌ3	舀	
iʌ3	窵	二~：本县地名
iʌ5	要	
iʌ6	跃	
iʌ6	耀	
iʌ6	鹞	
pe1	卑	
pe1	悲	
pe1	杯	
pe1	碑	
pe1	揹	
pe5	贝	
pe5	狈	
pe5	背	脊~
pe5	揹	~衬
pʰe1	胚	
pʰe1	坯	
pʰe3	剖	
pʰe3	丕	
pʰe3	呸	
pʰe5	配	文读
pʰe5	沛	
pʰe5	佩	
pʰe5	派	白读
pʰe5	呸	
pʰe5	邳	
be2	赔	
be2	培	
be2	陪	
be2	蓓	
be6	倍	
be6	痱	
be6	背	耳~
me2	梅	
me2	某	
me2	煤	
me2	媒	
me2	玫	
me2	枚	
me2	楣	
me2	媚	
me3	美	
me3	每	
me3	某	又读
me3	牡	
me6	妹	
me6	昧	
me6	寐	
me6	魅	
me6	茂	
fe1	飞	
fe1	非	
fe1	菲	
fe1	妃	
fe3	匪	
fe3	诽	
fe3	翡	
fe3	否	
fe3	吠	
fe5	废	
fe5	费	
fe5	肺	
ve2	肥	
ve2	浮	又读
ve6	费	姓
te1	堆	
te1	兜	
te3	斗	升~
te3	陡	
te5	对	
te5	碓	
te5	斗	~争
tʰe1	推	又读
tʰe1	偷	
tʰe3	腿	
tʰe5	退	
tʰe5	褪	
de2	投	
de2	头	
de6	队	
de6	兑	
de6	豆	
de6	窦	
ne3	馁	
ne6	内	
ne6	芮	白读
le2	雷	
le2	蕾	
le2	镭	
le2	擂	
le2	累	~命:缠蛮
le3	累	
le3	磊	
le3	垒	
le3	㧕	玩：搅拌
le6	类	
le6	漏	
ʦe1	周	
ʦe1	舟	
ʦe1	洲	
ʦe1	帚	
ʦe3	走	
ʦe5	昼	
ʦe5	宙	
ʦe5	胄	
ʦe5	皱	文读
ʦe5	咒	
ʦe5	肘	
ʦʰe1	抽	
ʦʰe3	丑	
ʦʰe5	臭	
ʦʰe5	凑	
ʦʰe5	纣	
ʣe2	绸	
ʣe2	稠	
ʣe2	仇	
ʣe2	酬	
ʣe2	筹	
ʣe2	畴	
ʣe2	踌	
ʣe2	□	吸吮
ʣe6	䈙	叠
se1	搜	
se1	馊	
se1	飕	
se1	收	
se3	手	
se3	守	
se3	首	
se3	擞	
se5	叟	
se5	瘦	
se5	兽	文读
ze2	愁	
ze6	售	
ze6	受	
ze6	授	
ze6	绶	
ze6	寿	
ze6	兽	白读
ke1	勾	
ke1	沟	
ke1	钩	
ke1	篝	
ke3	苟	
ke3	狗	
ke3	枸	
ke5	构	
ke5	给	文读
kʰe1	抠	
kʰe1	眍	
kʰe3	口	
kʰe5	扣	
kʰe5	筘	
kʰe5	叩	
kʰe5	寇	
kʰe5	蔻	
ŋe1	区	姓
ŋe1	殴	
ŋe1	呕	
ŋe1	讴	
ŋe1	鸥	
ŋe1	瓯	
ŋe2	牛	白读
ŋe3	偶	
ŋe3	藕	
ŋe5	沤	
ŋe6	欧	
xe1	齁	咳嗽
xe3	□	哭吼
xe5	鲎	
ɣe1	侯	
ɣe1	候	
ɣe1	喉	
ɣe1	猴	
ɣe6	厚	
ɣe6	后	
ɣe6	逅	
ɣe6	候	等~
e2	欸	惊异
e5	欸	赞同
e6	欸	应答
ʨʰie3	且	
ʨʰie5	妾	
ʨʰie5	锲	
ʨʰie5	挈	
ɕie3	舍	又读
ʑie6	社	
ie3	也	文读
ie3	冶	
ie6	液	
ie6	掖	
ie6	腋	
kue1	归	
kue1	规	
kue1	龟	
kue3	鬼	
kue3	轨	
kue3	诡	
kue3	癸	
kue5	贵	
kue5	桂	
kue5	刽	
kʰue1	亏	
kʰue1	盔	
kʰue1	魁	
kʰue1	傀	
kʰue5	愧	
kʰue5	溃	
kʰue5	馈	
gue2	奎	
gue2	逵	
gue2	葵	
gue6	跪	
gue6	柜	
xue1	灰	
xue1	挥	
xue1	挥	
xue1	辉	
xue1	晖	
xue1	徽	
xue3	悔	
xue3	毁	
xue5	晦	
xue5	讳	
xue5	贿	
ɣue2	回	
ɣue2	茴	
ɣue6	会	
ɣue6	烩	
ɣue6	汇	
ɣue6	惠	
ɣue6	慧	
ɣue6	卉	
ue1	煨	
ue1	威	
ue1	萎	
ue2	围	
ue2	圩	文读
ue2	为	
ue2	违	
ue2	危	
ue2	桅	
ue2	维	
ue2	唯	
ue2	帷	
ue2	微	
ue2	薇	
ue3	伟	
ue3	纬	
ue3	苇	
ue3	伪	
ue3	委	
ue3	萎	又读
ue3	尾	
ue5	喂	文读
ue5	胃	
ue6	谓	
ue6	渭	
ue6	未	
ue6	味	
ue6	卫	
ue6	为	
ue6	位	
ue6	尉	
ue6	蔚	
ue6	慰	
ue6	魏	
ue6	巍	
ʨye1	追	
ʨye1	锥	
ʨye5	最	
ʨye5	缀	
ʨʰye1	崔	
ʨʰye1	催	
ʨʰye1	摧	
ʨʰye1	吹	
ʨʰye5	翠	
ʨʰye5	脆	
ʥye2	锤	
ʥye2	搥	
ɕye1	虽	
ɕye3	水	
ɕye5	岁	文读
ɕye5	碎	
ɕye5	祟	
ɕye5	遂	
ɕye5	睢	
ɕye5	税	
ɕye5	睡	
ʑye2	谁	
ʑye2	隋	
ʑye2	垂	
ʑye6	罪	
ʑye6	瑞	
ye3	蕊	
ye6	锐	
ye6	芮	文读
ɿe2	柔	
po1	巴	
po1	芭	
po1	疤	
po1	笆	
po1	把	
po1	扒	~在背上
po3	靶	
po3	把	一~草
po5	坝	
po5	霸	
pʰo5	怕	
bo2	爬	
bo2	琶	
bo2	掱	
bo6	罢	
bo6	耙	
bo6	葩	
mo2	麻	
mo3	马	
mo3	码	
mo3	玛	
mo3	蚂	
mo6	骂	
ko1	瓜	
ko1	家	白读
ko3	寡	
ko5	挂	
ko5	架	白读
ko5	褂	
ko5	嫁	白读
kʰo1	夸	
kʰo3	卡	
kʰo3	垮	
kʰo3	胯	
kʰo5	跨	
ɡo2	□	刻：~钢板
ŋo1	鸦	
ŋo1	桠	劝人吃饭喝酒
ŋo2	牙	
ŋo2	芽	
ŋo2	伢	小~儿
ŋo2	□	啃食物：~玉米
ŋo3	瓦	
ŋo3	佤	
ŋo3	哑	
ŋo5	垩	
ŋo6	桠	
ŋo6	丫	
xo1	花	
xo3	□	碎：消失
xo5	化	
xo5	花	叫~子
ɣo2	华	
ɣo2	哗	白读
ɣo6	下	白读
ɣo6	夏	白读
ɣo6	虾	
ɣo6	划	文读
ɣo6	画	文读
ɣo6	话	文读
o1	□	取出，拿出
o3	□	呕吐
o5	□	凹
o6	划	白读
o6	画	白读
o6	话	白读
ʨyo1	抓	
ʨyo1	渣	
ʨyo1	查	姓
ʨyo3	假	白读
ʨyo3	爪	
ʨyo5	炸	
ʨyo5	诈	
ʨyo5	榨	
ʨʰyo1	叉	
ʨʰyo1	差	相~
ʨʰyo5	岔	
ʥyo2	查	
ʥyo2	茶	
ʥyo6	昨	文读
ɕyo1	沙	
ɕyo1	莎	
ɕyo1	砂	
ɕyo1	唦	
ɕyo3	□	碎：消失
ɕyo5	晒	白读
ʑyo2	□	~子：瘫痪的人:;鱼虾变质或人四肢无力散架
ʑyo6	昨	白读
pɵ1	波	
pɵ1	菠	
pɵ1	玻	
pɵ1	□	不平
pɵ3	跛	
pɵ5	簸	
pʰɵ1	坡	
pʰɵ3	叵	
pʰɵ5	破	
bɵ2	婆	
bɵ6	薄	~荷
mɵ2	魔	
mɵ2	摩	
mɵ2	磨	
mɵ2	模	
mɵ3	母	
mɵ6	沫	
mɵ6	磨	~子
mɵ6	暮	
mɵ6	慕	
tɵ1	多	
tɵ3	朵	
tɵ3	躲	
tɵ5	剁	
tɵ5	垛	
tʰɵ1	拖	
tʰɵ3	妥	
tʰɵ3	椭	
tʰɵ5	脱	~皮
dɵ2	驮	
dɵ2	驼	
dɵ6	奪	
dɵ6	大	白读
nɵ2	奴	
nɵ2	挪	
nɵ3	努	
nɵ6	怒	
lɵ1	缧	绞紧
lɵ1	溜	
lɵ2	刘	
lɵ2	浏	
lɵ2	留	
lɵ2	瘤	
lɵ2	流	
lɵ2	箩	
lɵ3	虏	
lɵ3	柳	
lɵ6	镙	
lɵ6	螺	
lɵ6	缫	~丝
lɵ6	啰	
ʦɵ3	左	
ʦɵ3	佐	
ʦɵ5	做	
ʦʰɵ1	搓	
ʦʰɵ3	□	干：打
ʦʰɵ5	错	
ʦʰɵ5	锉	
ʦʰɵ5	挫	
sɵ1	梭	
sɵ3	锁	
zɵ2	矬	锯掉一点
zɵ6	坐	
zɵ6	座	
kɵ1	锅	
kɵ1	过	超
kɵ1	哥	
kɵ1	戈	
kɵ3	果	
kɵ3	裹	
kɵ5	过	~去
kɵ5	个	
kʰɵ1	窝	
kʰɵ1	科	
kʰɵ1	苛	
kʰɵ3	可	
kʰɵ5	课	
ŋɵ2	俄	
ŋɵ2	鹅	
ŋɵ2	峨	
ŋɵ2	娥	
ŋɵ2	蛾	
ŋɵ2	锇	
ŋɵ2	讹	
ŋɵ3	我	
ŋɵ6	饿	
xɵ1	烀	蒸：~馒头
xɵ3	火	
xɵ3	伙	
xɵ3	合	又读
xɵ5	货	
xɵ5	和	
ɣɵ2	何	
ɣɵ2	河	
ɣɵ2	荷	
ɣɵ6	贺	
ɣɵ6	和	一唱一~
ɣɵ6	祸	
ɵ1	屙	
ɵ1	哦	
ɵ6	哦	应答
tiɵ1	丢	
tiɵ5	堕	
ʨiɵ1	纠	
ʨiɵ1	绉	
ʨiɵ1	阉	
ʨiɵ3	酒	
ʨiɵ3	久	
ʨiɵ3	九	
ʨiɵ3	玖	
ʨiɵ5	究	
ʨiɵ5	疚	
ʨiɵ5	灸	
ʨiɵ5	救	
ʨʰiɵ1	丘	
ʨʰiɵ1	邱	
ʨʰiɵ1	蚯	
ʨʰiɵ1	秋	
ʨʰiɵ1	萩	
ʨʰiɵ1	鳅	
ʨʰiɵ3	揪	
ʥiɵ2	求	
ʥiɵ2	球	
ʥiɵ2	逑	
ʥiɵ2	裘	
ʥiɵ2	仇	姓
ʥiɵ2	虬	
ʥiɵ2	酋	
ʥiɵ2	遒	
ʥiɵ6	旧	
ʥiɵ6	舅	
ʥiɵ6	臼	
ȵiɵ2	牛	文读
ȵiɵ2	揉	
ȵiɵ3	纽	
ȵiɵ3	妞	
ȵiɵ3	扭	
ȵiɵ3	纽	
ȵiɵ6	□	~头~脚
ɕiɵ1	休	
ɕiɵ1	修	
ɕiɵ3	朽	
ɕiɵ5	溴	
ʑiɵ2	□	~毛：去毛
ʑiɵ2	囚	
ʑiɵ2	泅	
ʑiɵ6	就	
ʑiɵ6	蹴	
iɵ1	优	
iɵ1	忧	
iɵ1	幽	
iɵ1	悠	
iɵ2	尤	
iɵ2	犹	
iɵ2	游	
iɵ2	由	
iɵ2	油	
iɵ2	邮	
iɵ2	柚	
iɵ2	铀	
iɵ2	猷	
iɵ3	有	
iɵ3	友	
iɵ3	酉	
iɵ5	幼	
iɵ5	囿	
iɵ5	诱	
iɵ6	又	
iɵ6	莠	
iɵ6	右	
iɵ6	佑	
iɵ6	釉	
ɚ2	儿	
ɚ3	耳	
ɚ3	饵	
ɚ3	而	
ɚ3	迩	
ɚ3	尔	
ɚ6	二	
ɚ6	贰	
pã1	班	
pã1	斑	
pã1	癍	
pã1	颁	
pã1	蓖	
pã1	扳	
pã1	钣	
pã1	般	又读
pã1	瘢	
pã3	板	
pã3	版	
pã3	钣	
pã3	坂	
pã3	瓣	
pã5	扮	
pʰã1	绊	
pʰã5	攀	
pʰã5	盼	
pʰã5	襻	鞋~子
bã2	爿	
bã2	爬	又读
bã2	□	~
bã6	办	
bã6	□	锣声：咚咚~
mã1	蛮	很~好
mã2	蛮	不讲理：缠~
mã6	曼	
mã6	慢	
mã6	蔓	
mã6	漫	
fã1	番	
fã1	翻	
fã1	帆	
fã3	反	
fã3	返	
fã5	贩	
fã5	乏	又读
fã5	泛	
vã2	凡	
vã2	矾	
vã2	樊	
vã2	烦	
vã2	藩	
vã6	饭	
vã6	犯	
vã6	范	
tã1	丹	
tã1	单	~数
tã1	耽	
tã1	担	~心
tã3	胆	
tã3	疸	
tã3	掸	又读
tã5	旦	
tã5	担	重~
tã5	诞	
tʰã1	滩	
tʰã1	摊	
tʰã1	瘫	
tʰã3	袒	
tʰã3	毯	
tʰã3	坦	
tʰã5	叹	
tʰã5	炭	
tʰã5	坍	
dã2	谈	
dã2	痰	
dã2	弹	~簧
dã2	坛	
dã2	檀	
dã2	谭	
dã6	淡	
dã6	蛋	
dã6	氮	
dã6	但	
dã6	弹	子~
nã2	难	困~
nã3	罱	~泥
nã6	难	灾~
lã2	兰	
lã2	拦	
lã2	栏	
lã2	蓝	
lã3	懒	
lã3	览	
lã3	缆	
lã3	揽	
lã6	烂	
lã6	滥	
ʦã1	盏	
ʦã1	㔍	用刀剁：~肉
ʦã3	斩	
ʦã3	崭	
ʦã5	赞	
ʦã5	站	
ʦã5	蘸	
ʦʰã1	参	
ʦʰã1	掺	
ʦʰã1	搀	
ʦʰã3	产	
ʦʰã3	铲	
ʦʰã3	惨	又读
ʦʰã5	灿	
ʦʰã5	孱	
ʦʰã5	粲	
ʦʰã5	璨	
ʣã2	惭	
ʣã2	残	
ʣã2	赚	
ʣã6	暂	
ʣã6	栈	
ʣã6	绽	
ʣã6	嶃	陡
sã1	山	
sã1	赸	追赶
sã1	删	
sã1	三	
sã1	杉	
sã1	衫	
sã1	闩	
sã3	伞	
sã3	散	
sã3	馓	
sã5	散	又读
zã2	馋	
zã2	尝	
kã1	监	
kã1	尴	
kã1	间	房~
kã3	拣	
kã3	碱	
kã5	间	隔：~几天
kã5	干	又读
kʰã1	铅	
kʰã1	鹐	啄
kʰã3	槛	
kʰã3	舰	
kʰã5	嵌	
gã2	钳	~手
gã2	□	~子：小棺
gã6	□	插，挤：~
ŋã1	淹	
ŋã2	颜	
ŋã2	癌	
ŋã2	岩	
ŋã2	□	~~：正好
ŋã3	眼	
ŋã5	晏	迟：他来~了
ŋã6	雁	
xã1	□	慢：行动拖沓
xã3	给	白读
xã3	喊	
ɣã2	咸	
ɣã2	闲	白读
ɣã2	啣	
ɣã6	陷	白读
ɣã6	限	白读
ɣã6	苋	
kuã1	关	
kuã1	鳏	
kuã3	管	又读
kuã5	惯	
kʰuã1	□	插进夹住：夹针~住头发
guã2	环	
guã3	掼	
xuã1	豩	
xuã5	□	幌，左右或前后摆动
ɣuã2	还	文读，~债
ɣuã6	幻	
ɣuã6	患	
ɣuã6	宦	
uã1	弯	
uã1	湾	
uã2	玩	
uã2	还	白读
uã2	顽	
uã3	挽	
uã3	晚	
uã5	绾	绕
uã7	万	
pʊ̃1	搬	
pʊ̃5	半	
pʰʊ̃1	潘	
pʰʊ̃1	拼	又读
pʰʊ̃5	判	
pʰʊ̃5	叛	
bʊ̃2	盘	
bʊ̃2	般	
bʊ̃2	磐	
bʊ̃2	蟠	
bʊ̃6	伴	
bʊ̃6	拌	
mʊ̃2	鳗	
mʊ̃2	馒	
mʊ̃2	瞒	
mʊ̃3	满	
mʊ̃6	幕	
tʊ̃1	端	
tʊ̃3	短	
tʊ̃3	箪	
tʊ̃5	锻	
tʊ̃5	簖	
tʊ̃5	断	~定
tʰʊ̃1	贪	
tʰʊ̃5	探	
dʊ̃2	团	
dʊ̃2	潭	
dʊ̃6	断	折~
nʊ̃2	男	
nʊ̃2	南	
nʊ̃2	楠	
nʊ̃3	暖	
lʊ̃2	娈	
lʊ̃2	峦	
lʊ̃2	恋	又读
lʊ̃2	孪	
lʊ̃2	栾	
lʊ̃2	□	收集，拼拢：把草~~堆
lʊ̃3	卵	睾丸
lʊ̃6	乱	
kʊ̃1	干	晒~
kʊ̃1	甘	
kʊ̃1	官	
kʊ̃1	观	
kʊ̃3	敢	
kʊ̃3	赶	
kʊ̃3	擀	
kʊ̃3	秆	
kʊ̃3	竿	
kʊ̃3	感	
kʊ̃3	管	
kʊ̃5	干	~部
kʰʊ̃1	宽	
kʰʊ̃1	堪	
kʰʊ̃1	龛	
kʰʊ̃1	看	~守
kʰʊ̃3	刊	
kʰʊ̃3	坎	
kʰʊ̃3	侃	
kʰʊ̃3	款	
kʰʊ̃3	□	盖
kʰʊ̃5	看	
gʊ̃2	□	身体向前倾
xʊ̃1	欢	
xʊ̃1	獾	
xʊ̃5	汉	
xʊ̃5	奂	
xʊ̃5	唤	
xʊ̃5	焕	
xʊ̃5	痪	
xʊ̃5	翰	
ɣʊ̃2	韩	
ɣʊ̃2	寒	
ɣʊ̃2	含	
ɣʊ̃2	函	
ɣʊ̃2	涵	
ɣʊ̃6	旱	
ɣʊ̃6	焊	
ɣʊ̃6	捍	
ɣʊ̃6	汗	
ɣʊ̃6	憾	
ʊ̃1	安	
ʊ̃1	氨	
ʊ̃1	按	
ʊ̃1	鞍	
ʊ̃1	庵	
ʊ̃2	完	
ʊ̃2	丸	
ʊ̃3	宛	
ʊ̃3	碗	
ʊ̃3	惋	
ʊ̃3	腕	
ʊ̃3	缓	
ʊ̃3	媛	
ʊ̃3	皖	
ʊ̃5	暗	
ʊ̃5	案	
ʊ̃6	换	
ʊ̃6	岸	
ʨyʊ̃1	专	
ʨyʊ̃1	砖	
ʨyʊ̃1	娟	
ʨyʊ̃1	捐	
ʨyʊ̃1	绢	
ʨyʊ̃1	鹃	
ʨyʊ̃1	钻	
ʨyʊ̃1	眷	
ʨyʊ̃3	卷	
ʨyʊ̃5	转	
ʨyʊ̃5	撰	
ʨyʊ̃5	钻	~头
ʨʰyʊ̃1	穿	
ʨʰyʊ̃1	川	
ʨʰyʊ̃1	圈	
ʨʰyʊ̃1	汆	~鲜鱼汤
ʨʰyʊ̃1	蹿	拉肚子的隐语
ʨʰyʊ̃3	喘	
ʨʰyʊ̃3	窜	
ʨʰyʊ̃3	惨	
ʨʰyʊ̃5	串	
ʨʰyʊ̃5	窜	又读
ʨʰyʊ̃5	劝	
ʥyʊ̃2	传	
ʥyʊ̃2	拳	
ʥyʊ̃2	权	
ʥyʊ̃2	椽	
ʥyʊ̃6	篆	
ʥyʊ̃6	倦	
ʥyʊ̃6	传	~记
ʥyʊ̃6	圈	猪~
ɕyʊ̃1	宣	
ɕyʊ̃1	酸	
ɕyʊ̃3	选	
ɕyʊ̃3	软	又读
ɕyʊ̃5	算	
ɕyʊ̃5	祘	
ɕyʊ̃5	蒜	
ɕyʊ̃5	楦	
ʑyʊ̃2	泉	
ʑyʊ̃2	船	
ʑyʊ̃2	悬	
ʑyʊ̃2	玄	
ʑyʊ̃2	弦	
ʑyʊ̃2	全	
ʑyʊ̃2	荃	
yʊ̃1	冤	
yʊ̃1	渊	
yʊ̃1	怨	
yʊ̃2	元	
yʊ̃2	园	
yʊ̃2	沅	
yʊ̃2	员	
yʊ̃2	圆	
yʊ̃2	袁	
yʊ̃2	辕	
yʊ̃2	猿	
yʊ̃2	原	
yʊ̃2	源	
yʊ̃2	缘	
yʊ̃3	远	
yʊ̃3	援	
yʊ̃3	软	
yʊ̃5	怨	又读
yʊ̃6	浣	
yʊ̃6	愿	
yʊ̃6	苑	
pɪ̃1	边	
pɪ̃1	鳊	
pɪ̃1	蝙	
pɪ̃3	扁	
pɪ̃3	匾	
pɪ̃3	贬	
pɪ̃5	变	
pʰɪ̃1	编	
pʰɪ̃1	篇	
pʰɪ̃5	骗	
pʰɪ̃5	片	
bɪ̃2	便	~宜
bɪ̃6	便	方~
bɪ̃6	辩	
bɪ̃6	辨	
bɪ̃6	辫	
bɪ̃6	卞	
bɪ̃6	汴	
mɪ̃2	棉	
mɪ̃2	绵	
mɪ̃2	眠	
mɪ̃3	免	
mɪ̃3	勉	
mɪ̃3	娩	
mɪ̃3	冕	
mɪ̃6	面	
mɪ̃6	缅	
mɪ̃6	腼	
tɪ̃1	颠	
tɪ̃1	巅	
tɪ̃1	癫	
tɪ̃3	点	
tɪ̃3	典	
tɪ̃3	碘	
tɪ̃3	㥏	
tɪ̃5	店	
tɪ̃5	踮	
tɪ̃5	惦	
tɪ̃5	惦	
tʰɪ̃1	天	
tʰɪ̃1	添	
tʰɪ̃3	舔	
tʰɪ̃5	掭	
tʰɪ̃5	□	~骨头
dɪ̃2	田	
dɪ̃2	佃	
dɪ̃2	钿	
dɪ̃2	恬	
dɪ̃2	甜	
dɪ̃2	填	
dɪ̃6	电	
dɪ̃6	佃	
dɪ̃6	垫	
dɪ̃6	殿	
dɪ̃6	淀	
dɪ̃6	腚	
lɪ̃2	连	
lɪ̃2	莲	
lɪ̃2	鲢	
lɪ̃2	联	
lɪ̃2	廉	
lɪ̃2	帘	
lɪ̃3	脸	
lɪ̃3	睑	
lɪ̃3	殓	
lɪ̃6	縺	
lɪ̃6	链	
lɪ̃6	縺	
lɪ̃6	炼	
lɪ̃6	恋	
ʨɪ̃1	尖	
ʨɪ̃1	煎	
ʨɪ̃1	坚	
ʨɪ̃1	兼	
ʨɪ̃1	搛	~菜
ʨɪ̃1	奸	
ʨɪ̃1	间	又读
ʨɪ̃1	艰	
ʨɪ̃3	展	
ʨɪ̃3	剪	
ʨɪ̃3	检	
ʨɪ̃3	茧	
ʨɪ̃3	简	
ʨɪ̃3	謇	
ʨɪ̃5	箭	
ʨɪ̃5	占	
ʨɪ̃5	沾	
ʨɪ̃5	建	
ʨɪ̃5	战	
ʨɪ̃5	荐	
ʨɪ̃5	牮	~屋
ʨɪ̃5	见	
ʨʰɪ̃1	千	
ʨʰɪ̃1	纤	
ʨʰɪ̃1	迁	
ʨʰɪ̃1	钎	
ʨʰɪ̃1	签	
ʨʰɪ̃1	椠	~皮
ʨʰɪ̃1	牵	
ʨʰɪ̃1	谦	
ʨʰɪ̃1	骞	
ʨʰɪ̃3	浅	
ʨʰɪ̃5	欠	
ʨʰɪ̃5	芡	
ʨʰɪ̃5	歉	
ʨʰɪ̃5	纤	背~
ʨʰɪ̃5	遣	
ʨʰɪ̃5	茜	
ʨʰɪ̃5	倩	
ʨʰɪ̃5	堑	
ʥɪ̃2	钳	又读
ʥɪ̃2	缠	
ʥɪ̃2	黔	
ʥɪ̃2	虔	
ʥɪ̃2	乾	
ʥɪ̃2	潜	
ʥɪ̃2	婵	
ʥɪ̃2	蝉	
ʥɪ̃6	健	
ʥɪ̃6	件	
ʥɪ̃6	俭	
ȵɪ̃1	拈	
ȵɪ̃2	年	
ȵɪ̃2	严	
ȵɪ̃2	阎	
ȵɪ̃2	粘	
ȵɪ̃2	研	
ȵɪ̃3	你	
ȵɪ̃3	辇	
ȵɪ̃3	辗	
ȵɪ̃3	碾	
ȵɪ̃3	捻	
ȵɪ̃3	染	
ȵɪ̃3	研	又读
ȵɪ̃3	拟	
ȵɪ̃6	念	
ȵɪ̃6	埝	
ȵɪ̃6	验	
ȵɪ̃6	砚	
ɕɪ̃1	先	
ɕɪ̃1	籼	
ɕɪ̃1	仙	
ɕɪ̃1	鲜	
ɕɪ̃3	显	
ɕɪ̃3	险	
ɕɪ̃3	蚬	
ɕɪ̃5	线	
ɕɪ̃5	宪	
ɕɪ̃5	羡	
ɕɪ̃5	献	
ɕɪ̃5	腺	
ɕɪ̃5	扇	
ʑɪ̃2	前	
ʑɪ̃2	钱	
ʑɪ̃2	嫌	
ʑɪ̃2	闲	
ʑɪ̃2	娴	
ʑɪ̃2	弦	又读
ʑɪ̃2	舷	
ʑɪ̃2	贤	
ʑɪ̃6	现	
ʑɪ̃6	单	姓
ʑɪ̃6	陷	
ʑɪ̃6	县	
ʑɪ̃6	馅	
ɪ̃1	烟	
ɪ̃1	胭	
ɪ̃1	焉	
ɪ̃2	言	
ɪ̃2	簷	
ɪ̃2	妍	
ɪ̃2	盐	
ɪ̃2	延	
ɪ̃2	蜒	
ɪ̃2	炎	
ɪ̃2	沿	
ɪ̃2	衍	
ɪ̃2	俨	
ɪ̃3	演	
ɪ̃3	魇	发~：说梦话，梦中哭笑、呼叫
ɪ̃5	厌	
ɪ̃5	燕	
ɪ̃5	咽	
ɪ̃5	焰	
ɪ̃5	宴	
ɪ̃5	偃	
ɪ̃5	晏	又读
ɪ̃5	唁	
ɪ̃5	谚	
ɪ̃6	腌	
liẽ2	凉	
liẽ2	良	
liẽ2	粮	
liẽ2	梁	
liẽ2	粱	
liẽ2	量	
liẽ3	两	
liẽ3	俩	
liẽ6	亮	
liẽ6	量	重~
liẽ6	谅	
liẽ6	晾	
ʨiẽ1	姜	
ʨiẽ1	江	
ʨiẽ1	将	
ʨiẽ1	浆	
ʨiẽ1	僵	
ʨiẽ1	缰	
ʨiẽ1	疆	
ʨiẽ3	讲	
ʨiẽ3	奖	
ʨiẽ3	浆	
ʨiẽ3	蒋	
ʨiẽ5	将	上~
ʨiẽ5	酱	
ʨiẽ5	涤	
ʨiẽ5	降	
ʨiẽ5	弶	
ʨʰiẽ1	呛	
ʨʰiẽ1	枪	
ʨʰiẽ1	腔	
ʨʰiẽ1	羌	又读
ʨʰiẽ1	锵	
ʨʰiẽ3	强	勉~
ʨʰiẽ3	抢	
ʨʰiẽ3	羟	
ʨʰiẽ5	戗	关闭、支撑：把鸡窝门~住
ʥiẽ2	强	
ʥiẽ6	犟	
ȵiẽ1	骧	
ȵiẽ2	娘	
ȵiẽ3	仰	
ȵiẽ6	孃	~~：姑母
ɕiẽ1	香	
ɕiẽ1	乡	
ɕiẽ1	相	互~
ɕiẽ1	箱	
ɕiẽ3	想	
ɕiẽ3	响	
ɕiẽ3	晌	
ɕiẽ3	飨	
ɕiẽ5	向	
ɕiẽ5	相	~片
ʑiẽ2	详	
ʑiẽ2	祥	
ʑiẽ2	庠	
ʑiẽ2	翔	
ʑiẽ2	墙	
ʑiẽ2	降	投~
ʑiẽ6	象	
ʑiẽ6	像	
ʑiẽ6	项	
iẽ1	央	
iẽ1	秧	
iẽ1	泱	
iẽ1	鞅	
iẽ1	殃	
iẽ2	羊	
iẽ2	洋	
iẽ2	佯	
iẽ2	扬	
iẽ2	杨	
iẽ2	阳	
iẽ3	养	
iẽ3	痒	
iẽ3	氧	
iẽ6	样	
iẽ6	恙	
iẽ6	漾	
iẽ6	烊	
iẽ6	怏	
pɛ̃1	奔	
pɛ̃1	锛	
pɛ̃1	贲	
pɛ̃1	栟	~茶：地名
pɛ̃3	本	
pɛ̃3	苯	
pɛ̃5	奔	又读
pɛ̃5	□	不曾的合音
pʰɛ̃1	喷	
pʰɛ̃1	烹	
pʰɛ̃5	喷	~嚏
bɛ̃2	盆	
bɛ̃6	笨	
mɛ̃1	闷	低头
mɛ̃2	门	
mɛ̃2	们	
mɛ̃2	扪	
mɛ̃6	闷	
mɛ̃6	焖	
mɛ̃6	㼂	裂纹
fɛ̃1	分	
fɛ̃1	芬	
fɛ̃1	吩	
fɛ̃1	纷	
fɛ̃3	汾	
fɛ̃3	粉	
fɛ̃5	粪	
fɛ̃5	畚	~箕
vɛ̃2	坟	
vɛ̃2	焚	
vɛ̃6	愤	
vɛ̃6	奋	
vɛ̃6	份	
vɛ̃6	氛	
vɛ̃6	忿	
tɛ̃1	灯	
tɛ̃1	登	
tɛ̃1	墩	
tɛ̃1	敦	
tɛ̃1	吨	
tɛ̃1	蹲	
tɛ̃1	扽	用手抓住一根绳的两头用力拉：~断
tɛ̃3	等	
tɛ̃3	戥	
tɛ̃5	凳	
tɛ̃5	顿	
tɛ̃5	吨	又读
tɛ̃5	燉	
tʰɛ̃1	吞	
tʰɛ̃3	氽	
tʰɛ̃5	脱	白读
dɛ̃2	疼	
dɛ̃2	腾	
dɛ̃2	滕	
dɛ̃2	藤	
dɛ̃2	誊	
dɛ̃6	邓	
dɛ̃6	钝	
dɛ̃6	盾	
dɛ̃6	囤	
nɛ̃2	能	
nɛ̃6	嫩	
lɛ̃2	仑	
lɛ̃2	轮	
lɛ̃2	伦	
lɛ̃2	沦	
lɛ̃2	纶	
lɛ̃2	棱	
lɛ̃3	冷	
lɛ̃6	论	
lɛ̃6	愣	
lɛ̃6	□	说话结巴
ʦɛ̃1	真	
ʦɛ̃1	针	
ʦɛ̃1	珍	
ʦɛ̃1	增	
ʦɛ̃1	憎	
ʦɛ̃1	贞	
ʦɛ̃1	桢	
ʦɛ̃1	争	
ʦɛ̃1	睁	
ʦɛ̃1	筝	
ʦɛ̃1	睁	
ʦɛ̃1	筝	
ʦɛ̃1	峥	
ʦɛ̃1	诤	
ʦɛ̃1	蒸	
ʦɛ̃1	蓁	
ʦɛ̃1	榛	
ʦɛ̃1	甄	
ʦɛ̃1	箴	
ʦɛ̃1	怔	
ʦɛ̃3	整	
ʦɛ̃3	怎	
ʦɛ̃3	枕	
ʦɛ̃3	振	
ʦɛ̃3	拯	
ʦɛ̃5	正	
ʦɛ̃5	怔	
ʦɛ̃5	证	
ʦɛ̃5	症	
ʦɛ̃5	政	
ʦɛ̃5	赈	
ʦɛ̃5	镇	
ʦɛ̃5	朕	
ʦɛ̃5	圳	
ʦɛ̃5	震	
ʦʰɛ̃1	称	
ʦʰɛ̃1	撑	
ʦʰɛ̃3	□	
ʦʰɛ̃5	秤	
ʦʰɛ̃5	衬	
ʦʰɛ̃5	剩	
ʣɛ̃2	陈	
ʣɛ̃2	成	
ʣɛ̃2	程	
ʣɛ̃2	岑	
ʣɛ̃2	曾	
ʣɛ̃2	橙	
ʣɛ̃2	乘	
ʣɛ̃6	阵	
ʣɛ̃6	郑	
ʣɛ̃6	□	使劲多吃
sɛ̃1	升	
sɛ̃1	生	
sɛ̃1	笙	
sɛ̃1	甥	
sɛ̃1	申	
sɛ̃1	伸	
sɛ̃1	绅	
sɛ̃1	呻	
sɛ̃1	砷	
sɛ̃1	身	
sɛ̃1	孙	又读
sɛ̃1	参	人~
sɛ̃1	深	
sɛ̃1	声	
sɛ̃3	省	
sɛ̃3	沈	
sɛ̃3	审	
sɛ̃3	婶	
sɛ̃5	渗	
sɛ̃5	蜃	
sɛ̃5	胜	
sɛ̃5	圣	
sɛ̃5	盛	茂~
zɛ̃2	盛	~饭
zɛ̃2	神	
zɛ̃2	绳	
kɛ̃1	根	
kɛ̃1	庚	
kɛ̃1	耕	
kɛ̃1	羹	
kɛ̃1	更	五~天
kɛ̃1	粳	
kɛ̃3	耿	
kɛ̃3	□	推
kɛ̃5	更	~加
kɛ̃5	埂	
kɛ̃5	亘	
kɛ̃5	□	“果曾”两字的合音
kʰɛ̃1	坑	
kʰɛ̃1	吭	
kʰɛ̃1	铿	
kʰɛ̃3	肯	
kʰɛ̃3	啃	
kʰɛ̃3	恳	
kʰɛ̃3	垦	
kʰɛ̃5	悭	皮肤上的污渍
gɛ̃2	□	推搡
ŋɛ̃1	恩	
ŋɛ̃2	摁	推搡
ŋɛ̃6	硬	
xɛ̃1	亨	
xɛ̃1	哼	
xɛ̃1	□	打：~拳头
xɛ̃1	□	削：~铅笔
xɛ̃3	很	
xɛ̃3	狠	
xɛ̃5	□	菜煮得半生不熟；板着脸
ɣɛ̃2	恒	
ɣɛ̃2	痕	
ɣɛ̃2	衡	
ɣɛ̃2	桁	
ɣɛ̃2	绗	
ɣɛ̃6	恨	
ɛ̃6	嗯	
iɛ̃2	人	
iɛ̃2	仁	
iɛ̃2	壬	
iɛ̃2	任	姓
iɛ̃3	忍	
iɛ̃3	扔	
iɛ̃3	仍	
iɛ̃3	刃	
iɛ̃3	纫	
iɛ̃6	韧	
iɛ̃6	靭	
iɛ̃6	认	
iɛ̃6	任	~务
iɛ̃6	饪	
kuɛ̃3	滚	
kuɛ̃3	绲	~鞋
kuɛ̃3	辊	
kuɛ̃3	鲧	
kuɛ̃5	棍	
kuɛ̃5	□	闷：肉煮在锅里~~
kʰuɛ̃1	昆	
kʰuɛ̃1	崑	
kʰuɛ̃1	坤	
kʰuɛ̃3	捆	
kʰuɛ̃5	困	
kʰuɛ̃5	睏	
xuɛ̃1	昏	
xuɛ̃1	婚	
xuɛ̃1	荤	
xuɛ̃5	混	~来：瞎来，乱来
ɣuɛ̃2	魂	
ɣuɛ̃2	浑	
ɣuɛ̃6	混	~日子
uɛ̃1	温	
uɛ̃1	瘟	
uɛ̃2	文	
uɛ̃2	蚊	
uɛ̃2	纹	
uɛ̃2	雯	
uɛ̃2	闻	
uɛ̃3	稳	
uɛ̃3	刎	
uɛ̃3	吻	
uɛ̃6	问	
uɛ̃6	紊	
ʨyɛ̃1	尊	
ʨyɛ̃1	遵	
ʨyɛ̃1	樽	
ʨyɛ̃1	肫	
ʨyɛ̃3	准	
ʨyɛ̃5	□	搓~
ʨʰyɛ̃1	村	
ʨʰyɛ̃1	春	
ʨʰyɛ̃1	椿	
ʨʰyɛ̃3	蠢	
ʨʰyɛ̃5	寸	
ʨʰyɛ̃5	吋	
ʨʰyɛ̃5	舂	
ɕyɛ̃1	孙	
ɕyɛ̃1	荪	
ɕyɛ̃5	□	摆~：摆架子：讲阔气
ʑyɛ̃2	存	
ʑyɛ̃2	纯	
ʑyɛ̃2	莼	
ʑyɛ̃2	唇	
ʑyɛ̃2	淳	
ʑyɛ̃2	鹑	
ʑyɛ̃2	醇	
ʑyɛ̃6	顺	
ʑyɛ̃6	慎	
ʑyɛ̃6	肾	
ʑyɛ̃6	舜	
ʑyɛ̃6	瞬	
pɨn1	兵	
pɨn1	宾	
pɨn1	殡	
pɨn1	摈	
pɨn1	斌	
pɨn1	彬	
pɨn1	冰	
pɨn3	饼	
pɨn3	丙	
pɨn3	炳	
pɨn3	秉	
pɨn3	禀	
pɨn5	并	
pɨn5	柄	
pɨn5	摒	
pʰɨn1	拼	
pʰɨn1	姘	
pʰɨn1	乒	
pʰɨn3	品	
pʰɨn5	聘	
bɨn2	平	
bɨn2	坪	
bɨn2	苹	
bɨn2	萍	
bɨn2	瓶	
bɨn2	凭	
bɨn2	贫	
bɨn2	频	
bɨn2	屏	
bɨn6	病	
mɨn2	民	
mɨn2	岷	
mɨn2	珉	
mɨn2	明	
mɨn2	名	
mɨn2	茗	
mɨn2	铭	
mɨn2	酩	
mɨn2	鸣	
mɨn2	瞑	
mɨn2	螟	
mɨn3	敏	
mɨn3	闵	
mɨn3	黾	
mɨn3	皿	
mɨn3	冥	
mɨn6	命	
tɨn1	丁	
tɨn1	叮	
tɨn1	钉	
tɨn1	盯	
tɨn1	疔	
tɨn1	酊	
tɨn3	顶	
tɨn3	鼎	
tɨn5	钉	
tɨn5	订	
tʰɨn1	厅	
tʰɨn1	汀	
tʰɨn1	听	
tʰɨn1	烃	
tʰɨn3	挺	
tʰɨn3	艇	
tʰɨn3	铤	
tʰɨn5	听	除掉：减少
dɨn2	亭	
dɨn2	停	
dɨn2	婷	
dɨn2	廷	
dɨn2	庭	
dɨn2	霆	
dɨn6	定	
dɨn6	锭	
dɨn6	腚	又
lɨn1	拎	
lɨn2	囹	
lɨn2	邻	
lɨn2	聆	
lɨn2	铃	
lɨn2	零	
lɨn2	遴	
lɨn2	磷	
lɨn2	鳞	
lɨn2	宁	
lɨn2	灵	
lɨn2	林	
lɨn2	淋	
lɨn2	霖	
lɨn2	陵	
lɨn2	绫	
lɨn2	临	
lɨn2	凛	
lɨn3	领	
lɨn3	岭	
lɨn3	蛉	
lɨn6	令	
lɨn6	聆	又
lɨn6	另	
lɨn6	吝	
lɨn6	蔺	
ʦɨn1	今	
ʦɨn1	衿	
ʦɨn1	矜	
ʦɨn1	金	
ʦɨn1	京	
ʦɨn1	惊	
ʦɨn1	斤	
ʦɨn1	筋	
ʦɨn1	经	
ʦɨn1	泾	
ʦɨn1	茎	
ʦɨn1	精	
ʦɨn1	睛	
ʦɨn1	晶	
ʦɨn3	井	
ʦɨn3	阱	
ʦɨn3	巾	
ʦɨn3	景	
ʦɨn3	僅	
ʦɨn3	谨	
ʦɨn3	馑	
ʦɨn3	槿	
ʦɨn3	紧	
ʦɨn3	颈	
ʦɨn3	颈	
ʦɨn5	浸	
ʦɨn5	敬	
ʦɨn5	竟	
ʦɨn5	镜	
ʦɨn5	劲	
ʦɨn5	禁	
ʦɨn5	襟	
ʦɨn5	警	
ʦʰɨn1	亲	
ʦʰɨn1	钦	
ʦʰɨn1	轻	
ʦʰɨn1	青	
ʦʰɨn3	请	
ʦʰɨn3	寝	
ʦʰɨn3	倾	
ʦʰɨn5	庆	
ʦʰɨn5	沁	
ʦʰɨn5	揿	
ʦʰɨn5	磬	
ʣɨn2	琴	
ʣɨn2	勤	
ʣɨn2	芹	
ʣɨn2	晴	又
ʣɨn2	禽	
ʣɨn6	近	
ʣɨn6	尽	
sɨn1	心	
sɨn1	芯	
sɨn1	新	
sɨn1	薪	
sɨn1	辛	
sɨn1	莘	
sɨn1	锌	
sɨn1	兴	~起
sɨn1	星	
sɨn1	惺	
sɨn1	猩	
sɨn1	欣	
sɨn1	忻	
sɨn1	昕	
sɨn1	馨	
sɨn1	鑫	
sɨn5	兴	高~
sɨn5	姓	
sɨn5	性	
sɨn5	衅	
sɨn5	信	
zɨn2	寻	
zɨn2	晴	
zɨn2	行	
zɨn2	形	
zɨn2	刑	
zɨn2	邢	又读
zɨn2	型	
zɨn6	幸	
zɨn6	倖	
zɨn6	静	
zɨn6	净	
ɨn1	因	
ɨn1	茵	
ɨn1	姻	
ɨn1	阴	
ɨn1	荫	
ɨn1	音	
ɨn1	英	
ɨn1	瑛	
ɨn1	婴	
ɨn1	缨	
ɨn1	樱	
ɨn1	殷	
ɨn1	蝇	
ɨn1	莺	
ɨn2	银	
ɨn2	艮	
ɨn2	龈	
ɨn2	迎	
ɨn2	淫	
ɨn2	寅	
ɨn2	盈	
ɨn2	营	
ɨn2	莹	
ɨn2	萤	
ɨn2	荧	
ɨn2	吟	
ɨn2	邢	
ɨn3	影	
ɨn3	引	
ɨn3	蚓	
ɨn3	饮	
ɨn3	隐	
ɨn3	瘾	
ɨn3	尹	
ɨn5	应	
ɨn5	印	
ɨn5	胤	
ɨn5	窨	
ʨyn1	军	
ʨyn1	君	
ʨyn1	钧	
ʨyn1	均	
ʨyn1	鋆	
ʨyn1	菌	
ʨyn3	侭	
ʨyn3	进	
ʨyn3	俊	
ʨyn3	骏	
ʨyn3	竣	
ʨyn3	峻	
ʨyn3	浚	
ʨyn3	隽	
ʥyn2	秦	
ʥyn2	群	
ʥyn2	裙	
ʥyn6	郡	
ɕyn1	勋	
ɕyn1	熏	
ɕyn1	薰	
ɕyn3	醒	
ɕyn3	省	~悟
ɕyn5	讯	
ɕyn5	迅	
ɕyn5	汛	
ɕyn5	训	
ʑyn2	巡	
ʑyn2	旬	
ʑyn2	询	
ʑyn2	荀	
ʑyn2	洵	
ʑyn2	寻	又读
ʑyn2	循	
ʑyn6	殉	
yn2	云	
yn2	芸	
yn2	耘	
yn2	匀	
yn2	昀	
yn2	筠	
yn2	鋆	又读
yn2	赢	
yn3	允	
yn3	吮	
yn3	赟	
yn6	运	
yn6	晕	
yn6	缊	
yn6	酝	
yn6	熨	
yn6	韵	
yn6	孕	
yn6	恽	
pɑŋ1	帮	
pɑŋ1	邦	
pɑŋ1	梆	
pɑŋ1	磅	~称
pɑŋ1	浜	
pɑŋ3	榜	
pɑŋ3	绑	
pɑŋ5	谤	
pɑŋ5	磅	量词
pɑŋ5	泵	
pɑŋ5	蚌	又读
pɑŋ5	□	缝隙
pʰɑŋ1	乓	
pʰɑŋ3	髈	蹄~
pʰɑŋ5	胖	
pʰɑŋ5	□	胀大
pʰɑŋ5	□	浮起
bɑŋ2	旁	
bɑŋ2	傍	
bɑŋ2	螃	
bɑŋ2	庞	
bɑŋ2	逄	
bɑŋ2	彭	
bɑŋ2	澎	
bɑŋ2	膨	
bɑŋ6	蚌	
bɑŋ6	□	突然发生：一~火
mɑŋ2	忙	
mɑŋ2	芒	
mɑŋ2	硭	
mɑŋ2	邙	
mɑŋ2	盲	
mɑŋ2	氓	
mɑŋ3	莽	
mɑŋ3	蟒	
fɑŋ1	方	
fɑŋ1	芳	
fɑŋ3	纺	
fɑŋ3	仿	
fɑŋ3	舫	
fɑŋ5	放	
vɑŋ2	防	
vɑŋ2	房	
vɑŋ2	妨	
vɑŋ6	坊	
tɑŋ1	当	
tɑŋ1	裆	
tɑŋ3	党	
tɑŋ3	挡	
tɑŋ3	档	~案
tɑŋ5	档	~次
tɑŋ5	当	典~
tʰɑŋ1	汤	
tʰɑŋ1	□	相会：~面
tʰɑŋ3	淌	
tʰɑŋ3	倘	
tʰɑŋ3	躺	
tʰɑŋ5	趟	
tʰɑŋ5	烫	
tʰɑŋ5	耥	
dɑŋ2	唐	
dɑŋ2	塘	
dɑŋ2	搪	
dɑŋ2	糖	
dɑŋ2	棠	
dɑŋ2	堂	
dɑŋ2	膛	
dɑŋ6	荡	
dɑŋ6	宕	
nɑŋ2	囊	
nɑŋ2	瓤	
nɑŋ3	攮	~刀子
nɑŋ5	儴	中间低陷：低凹处
lɑŋ1	啷	
lɑŋ2	狼	
lɑŋ2	廊	
lɑŋ2	榔	
lɑŋ2	螂	
lɑŋ3	朗	
lɑŋ3	烺	
lɑŋ6	浪	
lɑŋ6	㫰	~衣服
ʦã1	张	
ʦã1	章	
ʦã1	獐	
ʦã1	彰	
ʦã1	樟	
ʦɑŋ1	臧	
ʦɑŋ1	脏	
ʦɑŋ1	赃	
ʦã3	长	生~
ʦã3	掌	
ʦɑŋ5	葬	
ʦã5	胀	
ʦã5	账	
ʦã5	帐	
ʦã5	涨	
ʦã5	障	
ʦã5	幛	
ʦã5	仗	打~
ʦʰã1	昌	
ʦʰã1	鲳	
ʦʰɑŋ1	仓	
ʦʰɑŋ1	苍	
ʦʰɑŋ1	舱	
ʦʰɑŋ1	沧	
ʦʰã3	厂	
ʦʰã3	敞	
ʦʰã5	唱	
ʦʰã5	倡	
ʦʰã5	昶	
ʦʰã5	畅	
ʦʰã5	怅	
ʣã2	常	
ʣã2	嫦	
ʣã2	肠	
ʣã2	场	
ʣã2	长	~短
ʣã6	丈	
ʣã6	仗	~势
ʣã6	绽	饱~
sɑŋ1	桑	
sɑŋ1	丧	
sã1	商	
sɑŋ3	嗓	
sɑŋ3	搡	
sã3	赏	
sɑŋ5	丧	~失
zã2	尝	
zã2	偿	
zɑŋ6	赃	
zɑŋ6	藏	
zã6	上	
zã6	尚	
zã6	裳	
zã6	绱	
kɑŋ1	冈	
kɑŋ1	岗	
kɑŋ1	刚	
kɑŋ1	钢	
kɑŋ1	纲	
kɑŋ1	缸	
kɑŋ1	罡	
kɑŋ3	讲	白读
kɑŋ3	港	
kɑŋ5	杠	
kʰɑŋ1	康	
kʰɑŋ1	羌	
kʰɑŋ1	糠	
kʰɑŋ3	慷	
kʰɑŋ5	亢	
kʰɑŋ5	伉	
kʰɑŋ5	囥	藏：~东西
gɑŋ2	扛	
gɑŋ2	□	叫喊：呼叫
ŋɑŋ2	昂	
ŋɑŋ3	□	挤：~油
ŋɑŋ5	盎	白读
xɑŋ1	夯	
xɑŋ1	□	轻轻地碰
xɑŋ3	□	喘气
ɣɑŋ2	航	
ɣɑŋ2	杭	
ɣɑŋ2	行	银~
ɣɑŋ2	绗	
ɣɑŋ6	巷	
ɣɑŋ6	项	
ɑŋ1	肮	
ɑƞ4	盎	白读
iã1	嚷	
iã6	让	
iã6	壤	
iã6	攘	
kuɑŋ1	光	
kuɑŋ1	胱	
kuɑŋ3	广	
kuɑŋ3	犷	
kuɑŋ5	光	~火
kuɑŋ5	□	~胡子
kuɑŋ5	逛	文读
kʰuɑŋ1	匡	
kʰuɑŋ1	诓	
kʰuɑŋ1	筐	
kʰuɑŋ1	框	
kʰuɑŋ1	眶	
kʰuɑŋ5	况	
kʰuɑŋ5	矿	
kʰuɑŋ5	旷	
kʰuɑŋ5	邝	
guɑŋ2	狂	
guɑŋ2	诳	
xuɑŋ1	肓	
xuɑŋ1	荒	
xuɑŋ1	慌	
xuɑŋ1	黄	蟹~
xuɑŋ3	谎	
xuɑŋ3	恍	
xuɑŋ5	晃	
xuɑŋ5	幌	
xuɑŋ5	逛	白读
ɣuɑŋ2	黄	文读
ɣuɑŋ2	璜	
ɣuɑŋ2	磺	
ɣuɑŋ2	皇	文读
ɣuɑŋ2	煌	
ɣuɑŋ2	惶	
ɣuɑŋ2	蝗	
ɣuɑŋ2	徨	
ɣuɑŋ2	篁	
ɣuɑŋ6	□	象声词
uɑŋ1	汪	
uɑŋ1	洼	
uɑŋ2	王	
uɑŋ2	皇	白读
uɑŋ2	黄	白读
uɑŋ3	网	
uɑŋ5	□	挤压渗出：~油
uɑŋ6	旺	
uɑŋ6	忘	
ʨyɑŋ1	庄	
ʨyɑŋ1	装	
ʨyɑŋ1	妆	
ʨyɑŋ1	粧	
ʨyɑŋ3	奘	粗
ʨyɑŋ5	壮	
ʨʰyɑŋ1	窗	
ʨʰyɑŋ1	疮	
ʨʰyɑŋ3	闯	
ʨʰyɑŋ5	创	
ʥyɑŋ6	幢	
ʥyɑŋ6	僮	
ʥyɑŋ6	撞	
ʥyɑŋ6	状	
ɕyɑŋ1	双	
ɕyɑŋ1	霜	
ɕyɑŋ1	孀	
ɕyɑŋ1	礵	
ɕyɑŋ3	爽	
ɕyɑŋ5	□	用摆动的方式向下挤压
ʑyɑŋ2	床	
pɔŋ1	崩	
pɔŋ3	绷	
pɔŋ5	蹦	
pɔŋ5	迸	
pʰɔŋ1	□	~花；弹花：不着力
pʰɔŋ3	捧	
pʰɔŋ5	碰	
bɔŋ2	朋	
bɔŋ2	鹏	
bɔŋ2	硼	
bɔŋ2	彭	
bɔŋ2	膨	
bɔŋ6	蚌	
bɔŋ6	棒	
bɔŋ6	埄	烟火猛起：一~火
mɔŋ1	蒙	~在鼓里
mɔŋ2	萌	
mɔŋ2	盟	
mɔŋ2	蒙	~混
mɔŋ2	檬	
mɔŋ3	猛	
mɔŋ3	稝	
mɔŋ6	孟	
mɔŋ6	梦	
fɔŋ1	风	
fɔŋ1	枫	
fɔŋ1	疯	
fɔŋ1	丰	
fɔŋ1	蜂	
fɔŋ1	峰	
fɔŋ1	锋	
fɔŋ1	烽	
fɔŋ1	封	
fɔŋ3	讽	
vɔŋ2	逢	
vɔŋ2	缝	
vɔŋ6	奉	
vɔŋ6	俸	
vɔŋ6	凤	
vɔŋ6	缝	裂~
tɔŋ1	东	
tɔŋ1	冬	
tɔŋ1	咚	
tɔŋ3	董	
tɔŋ3	懂	
tɔŋ3	栋	
tɔŋ5	冻	
tʰɔŋ1	通	
tʰɔŋ1	捅	
tʰɔŋ3	桶	
tʰɔŋ3	统	
tʰɔŋ3	筒	
tʰɔŋ3	□	移
tʰɔŋ5	痛	
dɔŋ2	同	
dɔŋ2	侗	
dɔŋ2	铜	
dɔŋ2	桐	
dɔŋ2	胴	
dɔŋ2	童	
dɔŋ2	瞳	
dɔŋ2	彤	
dɔŋ6	洞	
dɔŋ6	恫	
dɔŋ6	动	
nɔŋ2	农	
nɔŋ2	浓	
nɔŋ2	脓	
nɔŋ6	弄	动词：摆~
lɔŋ2	龙	
lɔŋ2	咙	
lɔŋ2	聋	
lɔŋ2	珑	
lɔŋ2	砻	
lɔŋ2	隆	
lɔŋ2	窿	
lɔŋ3	拢	
lɔŋ3	笼	
lɔŋ3	垄	
lɔŋ3	陇	
lɔŋ6	弄	名词：~堂
ʦɔŋ1	宗	
ʦɔŋ1	棕	
ʦɔŋ1	综	
ʦɔŋ1	中	
ʦɔŋ1	忠	
ʦɔŋ1	钟	
ʦɔŋ1	衷	
ʦɔŋ1	盅	
ʦɔŋ3	总	
ʦɔŋ3	种	~类
ʦɔŋ3	肿	
ʦɔŋ5	中	打~
ʦɔŋ5	仲	文读
ʦɔŋ5	种	~田
ʦɔŋ5	粽	
ʦɔŋ5	纵	
ʦɔŋ5	□	跳跃
ʦɔŋ5	众	
ʦɔŋ5	综	又读
ʦʰɔŋ1	匆	
ʦʰɔŋ1	葱	
ʦʰɔŋ1	聪	
ʦʰɔŋ1	充	
ʦʰɔŋ1	冲	
ʦʰɔŋ3	宠	
ʦʰɔŋ3	忡	
ʦʰɔŋ5	铳	
ʦʰɔŋ5	□	跌~~；~~：散步
ʣɔŋ3	崇	
ʣɔŋ3	虫	
ʣɔŋ3	重	~复
ʣɔŋ3	从	
ʣɔŋ3	丛	
ʣɔŋ6	重	~量
ʣɔŋ6	仲	
sɔŋ1	松	
sɔŋ1	淞	
sɔŋ1	嵩	
sɔŋ3	耸	
sɔŋ3	怂	
sɔŋ5	送	
sɔŋ5	宋	
sɔŋ5	讼	
zɔŋ2	㞞	精液
zɔŋ6	颂	
zɔŋ6	诵	
kɔŋ1	功	
kɔŋ1	工	
kɔŋ1	宫	
kɔŋ1	弓	
kɔŋ1	躬	
kɔŋ1	攻	
kɔŋ1	恭	
kɔŋ1	龚	文都
kɔŋ1	公	
kɔŋ1	蚣	
kɔŋ3	巩	
kɔŋ3	拱	
kɔŋ3	汞	
kɔŋ5	贡	
kɔŋ5	供	
kʰɔŋ1	空	天~
kʰɔŋ1	倥	
kʰɔŋ3	孔	
kʰɔŋ3	恐	
kʰɔŋ5	控	
kʰɔŋ5	空	~地
gɔŋ2	□	呼喊
gɔŋ6	共	
xɔŋ1	轰	
xɔŋ1	烘	取暖
xɔŋ3	哄	
xɔŋ3	擤	~鼻涕
xɔŋ5	蕻	
xɔŋ5	讧	
ɣɔŋ2	红	
ɣɔŋ2	荭	
ɣɔŋ2	鸿	
ɣɔŋ2	宏	
ɣɔŋ2	弘	
ɣɔŋ2	泓	
ɣɔŋ2	虹	
ɣɔŋ2	纮	
ɣɔŋ2	竑	
ɣɔŋ2	洪	
ɣɔŋ2	蕻	
ɣɔŋ6	烘	暖：~人
ɔŋ1	翁	
ɔŋ1	嗡	
ɔŋ1	瓮	
ɔŋ5	齆	鼻音重
ɔŋ5	䐥	~臭
ʨiɔŋ1	龚	
ʨiɔŋ3	炯	
ʥiɔŋ2	穷	
ɕiɔŋ1	凶	
ɕiɔŋ1	汹	
ɕiɔŋ1	胸	
ɕiɔŋ1	兄	
ʑiɔŋ2	雄	英~
ʑiɔŋ2	熊	
iɔŋ1	臃	
iɔŋ1	痈	
iɔŋ2	戎	
iɔŋ2	绒	
iɔŋ2	庸	
iɔŋ2	荣	
iɔŋ2	雄	~母
iɔŋ3	永	
iɔŋ3	勇	
iɔŋ3	涌	
iɔŋ3	踊	
iɔŋ5	拥	
iɔŋ5	雍	
iɔŋ6	用	
iɔŋ6	佣	
pɑʔ7	八	
pɑʔ7	捌	
pʰɑʔ7	啪	又读
bɑʔ8	拔	
bɑʔ8	跋	
bɑʔ8	垡	泥块：泥~头
mɑʔ8	抹	
fɑʔ7	法	
fɑʔ7	发	
vɑʔ8	罚	
vɑʔ8	伐	
vɑʔ8	阀	
vɑʔ8	筏	
vɑʔ8	垡	文读
tɑʔ7	答	
tɑʔ7	搭	
tɑʔ7	褡	
tʰɑʔ7	塌	
tʰɑʔ7	蹋	
tʰɑʔ7	榻	
tʰɑʔ7	塔	
tʰɑʔ7	獭	
dɑʔ8	达	
dɑʔ8	踏	
nɑʔ8	捺	
nɑʔ8	纳	
lɑʔ8	辣	
lɑʔ8	腊	
lɑʔ8	蜡	
lɑʔ8	癞	
lɑʔ8	□	阻隔；圈起来；用竹竿~起来
ʦɑʔ7	扎	
ʦɑʔ7	札	
ʦɑʔ7	砸	
ʦɑʔ7	眨	
ʦɑʔ7	杂	
ʦɑʔ7	着	
ʦʰɑʔ7	察	
ʦʰɑʔ7	擦	
ʦʰɑʔ7	嚓	
ʦʰɑʔ7	插	
ʣɑʔ8	着	~火
sɑʔ8	杀	
sɑʔ8	刹	
sɑʔ8	煞	
sɑʔ8	霎	
sɑʔ8	萨	
zɑʔ8	铡	
zɑʔ8	闸	
zɑʔ8	煠	~油条
zɑʔ8	灼	
zɑʔ8	□	圈、隔
kɑʔ7	夹	
kɑʔ7	挟	
kɑʔ7	甲	地名：二~，五~
kʰɑʔ7	掐	
gɑʔ8	轧	
ŋɑʔ7	押	
ŋɑʔ8	压	
ŋɑʔ8	齾	缺口
xɑʔ7	瞎	
xɑʔ7	□	伤疤
ɣɑʔ8	匣	
ɣɑʔ8	狭	
ɣɑʔ8	辖	
ʨiɑʔ7	甲	文读
ʨiɑʔ7	钾	
ʨiɑʔ7	脚	
ʨiɑʔ7	觉	
ʨiɑʔ7	雀	白读
ʨʰiɑʔ7	却	
ʨʰiɑʔ7	鹊	
ʨʰiɑʔ7	剧	
ʨʰiɑʔ7	雀	文读
ʨʰiɑʔ7	爵	
ȵiɑʔ8	虐	
ȵiɑʔ8	掠	
ȵiɑʔ8	略	
ȵiɑʔ8	弱	
ɕiɑʔ7	削	
ɕiɑʔ7	狭	
ɕiɑʔ7	侠	
ʑiɑʔ8	学	文读
ʑiɑʔ8	嚼	
iɑʔ7	约	
iɑʔ7	呦	
iɑʔ8	药	
iɑʔ8	钥	
iɑʔ8	乐	音~
kuɑʔ7	刮	
kuɑʔ7	括	
kuɑʔ7	郭	
guɑʔ8	□	卡住
xuɑʔ7	豁	
xuɑʔ7	搳	~拳
ɣuɑʔ8	滑	文读
ɣuɑʔ8	划	又读
ɣuɑʔ8	猾	
uɑʔ7	挖	
uɑʔ8	滑	
uɑʔ8	划	~出
ɕyɑʔ7	刷	
ɕyɑʔ7	涮	
yɑʔ8	曰	
pəʔ7	不	
bəʔ8	孛	
bəʔ8	勃	
bəʔ8	渤	
bəʔ8	荸	
bəʔ8	脖	
məʔ7	没	
vəʔ8	沸	
vəʔ8	弗	
vəʔ8	佛	
vəʔ8	拂	
təʔ7	得	
təʔ7	德	
təʔ7	□	粘：贴
tʰəʔ7	□	掉：落
dəʔ8	突	
dəʔ8	特	
dəʔ8	凸	
ləʔ8	勒	
ləʔ8	肋	
ʦəʔ7	则	
ʦʰəʔ7	责	
ʦʰəʔ7	仄	
ʦʰəʔ7	这	
ʦʰəʔ7	只	~有
ʦʰəʔ7	质	
ʦʰəʔ7	□	倾斜
ʦʰəʔ7	尺	
ʦʰəʔ7	侧	
ʦʰəʔ7	测	
ʦʰəʔ7	册	
ʦʰəʔ7	拆	
ʦʰəʔ7	坼	
ʦʰəʔ7	泽	
ʦʰəʔ7	秩	
ʦʰəʔ7	宅	
ʣəʔ8	直	
ʣəʔ8	植	
ʣəʔ8	侄	
ʣəʔ8	宅	又读
ʣəʔ8	翟	
səʔ7	色	
səʔ7	涩	
səʔ7	瑟	
səʔ7	虱	
səʔ7	啬	
səʔ7	失	
səʔ7	饰	
zəʔ8	贼	
zəʔ8	石	
zəʔ8	十	
zəʔ8	入	肏
zəʔ8	拾	
zəʔ8	实	
zəʔ8	食	
zəʔ8	蚀	
kəʔ7	格	
kəʔ7	疙	
kəʔ7	隔	
kəʔ7	膈	
kʰəʔ7	克	
kʰəʔ7	刻	
kʰəʔ7	咳	
gəʔ8	□	分开
ŋəʔ7	遏	
ŋəʔ7	扼	编织：~簾子
ŋəʔ8	额	
ŋəʔ8	兀	
ŋəʔ8	杌	
ŋəʔ8	轭	牛~头
xəʔ7	黑	
xəʔ7	嘿	
xəʔ7	赫	
xəʔ7	嚇	
ɣəʔ8	核	
ɣəʔ8	龁	
kuəʔ7	骨	
guəʔ8	□	大口喝水
xuəʔ7	忽	
xuəʔ7	疫	质差
ʨʰyəʔ7	出	
ʑyəʔ8	术	
ʑyəʔ8	述	
yəʔ8	入	
ʨiəʔ7	乞	
ʨiəʔ7	吃	
ʨiəʔ7	切	
ʨiəʔ7	窃	
ʨiəʔ7	漆	
ʨiəʔ7	膝	
iəʔ8	日	又读
poʔ7	卜	
poʔ7	北	
poʔ7	百	
poʔ7	佰	
poʔ7	伯	
poʔ7	柏	
poʔ7	博	
poʔ7	膊	
poʔ7	驳	
poʔ7	剥	
pʰoʔ7	拍	
pʰoʔ7	帕	
pʰoʔ7	泊	
pʰoʔ7	箔	
pʰoʔ7	舶	
pʰoʔ7	啪	
pʰoʔ7	粕	
pʰoʔ7	扑	
pʰoʔ7	朴	
pʰoʔ7	仆	
boʔ8	白	
boʔ8	帛	
boʔ8	薄	
moʔ8	木	
moʔ8	末	
moʔ8	沫	
moʔ8	莫	
moʔ8	摸	
foʔ7	福	
foʔ7	幅	
foʔ7	辐	
foʔ7	复	
foʔ7	腹	
foʔ7	覆	
voʔ8	服	
voʔ8	伏	
voʔ8	袱	
toʔ7	督	
toʔ7	笃	
toʔ7	沰	~雨
toʔ7	□	~眼皮
toʔ7	泽	凌~
toʔ7	□	~子：口吃的人
tʰoʔ7	托	
tʰoʔ7	铎	
tʰoʔ7	秃	
tʰoʔ7	拓	
tʰoʔ7	庹	两臂伸直时双手间的距离
doʔ8	毒	
doʔ8	读	
doʔ8	赎	
doʔ8	独	
doʔ8	□	用文火慢慢烧
noʔ8	诺	
noʔ8	喏	
noʔ8	□	拌和：~面
loʔ8	六	
loʔ8	乐	
loʔ8	陆	
loʔ8	洛	
loʔ8	骆	
loʔ8	络	
loʔ8	落	
loʔ8	烙	
loʔ8	鹿	
loʔ8	漉	
loʔ8	簏	
loʔ8	录	
loʔ8	逯	
loʔ8	绿	
loʔ8	禄	
ʦoʔ7	足	
ʦoʔ7	竹	
ʦoʔ7	作	
ʦoʔ7	粥	
ʦoʔ7	筑	
ʦoʔ7	着	又读
ʦʰoʔ7	促	
ʦʰoʔ7	龊	
ʦʰoʔ7	畜	
ʣoʔ8	浊	
ʣoʔ8	触	
ʣoʔ8	族	
ʣoʔ8	簇	
ʣoʔ8	逐	
ʣoʔ8	啄	
soʔ7	宿	
soʔ7	索	
soʔ7	肃	
soʔ7	束	
soʔ7	速	
zoʔ8	俗	
zoʔ8	熟	
zoʔ8	凿	
koʔ7	各	
koʔ7	谷	
koʔ7	角	
koʔ7	阁	
koʔ7	国	
koʔ7	觉	白读
kʰoʔ7	哭	
kʰoʔ7	壳	
kʰoʔ7	确	
goʔ8	□	鸡叫声
ŋoʔ7	恶	
ŋoʔ7	噩	
ŋoʔ8	颚	
ŋoʔ8	鄂	
ŋoʔ8	萼	
ŋoʔ8	愕	
ŋoʔ8	腭	
ŋoʔ8	鳄	
ŋoʔ8	谔	
ŋoʔ8	锷	
xoʔ7	郝	
xoʔ7	霍	
xoʔ7	□	靠近
ɣoʔ8	学	白读
ɣoʔ8	或	
ɣoʔ8	惑	
ɣoʔ8	获	
ɣoʔ8	鹤	
oʔ7	屋	
oʔ7	喔	
oʔ7	握	
oʔ7	龌	
ʣioʔ8	局	
ioʔ7	郁	
ioʔ7	育	
ioʔ8	肉	
ioʔ8	欲	
ioʔ8	浴	
ioʔ8	弱	又读
tʊʔ7	□	兑：~钱
tʊʔ7	掇	移动
tʊʔ7	□	沸水翻滚：粥锅~了
tʰʊʔ7	脱	
dʊʔ8	夺	
lʊʔ8	捋	
ɕʊʔ7	戍	
kʊʔ7	葛	
kʊʔ7	合	相处：并拢
kʊʔ7	郭	又读
kʰʊʔ7	嗑	
kʰʊʔ7	阔	
xʊʔ7	喝	
ɣʊʔ8	合	又读
ɣʊʔ8	活	文读
ʊʔ7	□	埋
ʊʔ8	活	白读
ʨyʊʔ7	捉	
ʨyʊʔ7	决	
ʨyʊʔ7	诀	
ʨyʊʔ7	桔	
ʨyʊʔ7	菊	
ʨʰyʊʔ7	缺	
ʨʰyʊʔ7	炔	
ʨʰyʊʔ7	曲	
ʨʰyʊʔ7	屈	
ʨʰyʊʔ7	阙	
ʥyʊʔ8	掘	
ʥyʊʔ8	说	
ɕyʊʔ7	血	
ɕyʊʔ7	穴	文读
ɕyʊʔ7	□	吸吮
ʑyʊʔ8	镯	
yʊʔ8	月	
yʊʔ8	玥	
yʊʔ8	悦	
yʊʔ8	穴	白读
yʊʔ8	阅	
yʊʔ8	越	
yʊʔ8	粤	
pɪʔ7	必	
pɪʔ7	毕	
pɪʔ7	笔	
pɪʔ7	逼	
pɪʔ7	壁	
pɪʔ7	碧	
pɪʔ7	鳖	
pʰɪʔ7	撇	
pʰɪʔ7	辟	
pʰɪʔ7	僻	
pʰɪʔ7	劈	
pʰɪʔ7	譬	
pʰɪʔ7	匹	
pʰɪʔ7	㓟	~篾
bɪʔ8	鼻	
bɪʔ8	别	
bɪʔ8	荸	又读
mɪʔ8	密	
mɪʔ8	蜜	
mɪʔ8	宓	
mɪʔ8	篾	
mɪʔ8	灭	
mɪʔ8	觅	
mɪʔ8	幂	
tɪʔ7	的	
tɪʔ7	镝	
tɪʔ7	嫡	
tɪʔ7	跌	
tɪʔ7	□	塞
tʰɪʔ7	铁	
tʰɪʔ7	帖	
tʰɪʔ7	贴	
tʰɪʔ7	剔	
dɪʔ8	迭	
dɪʔ8	叠	
dɪʔ8	碟	
dɪʔ8	迪	
dɪʔ8	狄	
dɪʔ8	荻	
dɪʔ8	敌	
dɪʔ8	笛	
dɪʔ8	籴	
dɪʔ8	涤	
dɪʔ8	翟	又读
lɪʔ8	立	
lɪʔ8	笠	
lɪʔ8	粒	
lɪʔ8	力	
lɪʔ8	历	
lɪʔ8	劣	
lɪʔ8	荔	
lɪʔ8	列	
lɪʔ8	烈	
lɪʔ8	裂	
lɪʔ8	栗	
lɪʔ8	溧	
lɪʔ8	猎	
ʨɪʔ7	急	
ʨɪʔ7	节	
ʨɪʔ7	疖	
ʨɪʔ7	即	
ʨɪʔ7	脊	
ʨɪʔ7	瘠	
ʨɪʔ7	激	
ʨɪʔ7	吉	
ʨɪʔ7	结	
ʨɪʔ7	洁	
ʨɪʔ7	诘	
ʨɪʔ7	击	
ʨɪʔ7	劫	
ʨɪʔ7	迹	
ʨɪʔ7	绩	
ʥɪʔ8	及	文读
ʥɪʔ8	极	
ʥɪʔ8	伋	
ʥɪʔ8	岌	
ʥɪʔ8	杰	
ʥɪʔ8	亟	
ʥɪʔ8	竭	
ʥɪʔ8	楫	
ʥɪʔ8	藉	
ʥɪʔ8	捷	
ʥɪʔ8	婕	
ʥɪʔ8	截	
ȵɪʔ8	热	
ȵɪʔ8	聂	
ȵɪʔ8	逆	
ȵɪʔ8	匿	
ȵɪʔ8	日	~子
ɕɪʔ7	锡	
ɕɪʔ7	歇	
ɕɪʔ7	吸	
ɕɪʔ7	胁	
ɕɪʔ7	夕	
ɕɪʔ7	汐	
ɕɪʔ7	矽	
ɕɪʔ7	息	
ɕɪʔ7	媳	
ɕɪʔ7	熄	
ɕɪʔ7	隙	
ɕɪʔ7	悉	
ɕɪʔ7	蟋	
ɕɪʔ7	泄	
ɕɪʔ7	屑	
ʑɪʔ8	习	
ʑɪʔ8	协	
ʑɪʔ8	席	
ʑɪʔ8	蓆	
ʑɪʔ8	疾	
ʑɪʔ8	蚀	~本
ɪʔ7	一	
ɪʔ7	乙	
ɪʔ7	揖	
ɪʔ7	亦	
ɪʔ7	奕	
ɪʔ7	抑	
ɪʔ7	逸	
ɪʔ7	益	
ɪʔ7	溢	
ɪʔ7	熠	
ɪʔ7	噎	
ɪʔ7	译	
ɪʔ7	轶	
ɪʔ7	佾	
ɪʔ7	叶	
ɪʔ8	页	
ɪʔ8	业	
ɪʔ8	易	
ɪʔ8	日	又读
