汉字	注释	声母	韵母	声调
知	2	ts	ɿ	[1]
蜘		ts	ɿ	[1]
支		ts	ɿ	[1]
枝	2	ts	ɿ	[1]
肢		ts	ɿ	[1]
资		ts	ɿ	[1]
姿		ts	ɿ	[1]
咨		ts	ɿ	[1]
脂	2（~肪）	ts	ɿ	[1]
滋		ts	ɿ	[1]
滋		ts	ɿ	[1]
之		ts	ɿ	[1]
芝		ts	ɿ	[1]
辎		ts	ɿ	[1]
撕	1	ts	ɿ	[1]
旨	2（宗~）	ts	ɿ	[3]
指	2（~示）	ts	ɿ	[3]
子	2（~丑寅卯）	ts	ɿ	[3]
梓	2（桑~）	ts	ɿ	[3]
滓		ts	ɿ	[3]
止		ts	ɿ	[3]
趾		ts	ɿ	[3]
址		ts	ɿ	[3]
只	1（副词）	ts	ɿ	[3]
制		ts	ɿ	[5]
志		ts	ɿ	[5]
置		ts	ɿ	[5]
至		ts	ɿ	[5]
智		ts	ɿ	[5]
子	3（后缀）	ts	ɿ	[0]
此		tsh	ɿ	[3]
耻		tsh	ɿ	[3]
次		tsh	ɿ	[5]
刺	2（~刀）	tsh	ɿ	[5]
池	2	dz	ɿ	[2]
驰		dz	ɿ	[2]
瓷		dz	ɿ	[2]
迟	2	dz	ɿ	[2]
持		dz	ɿ	[2]
自	3（~私）	dz	ɿ	[6]
稚		dz	ɿ	[6]
治		dz	ɿ	[6]
痔		dz	ɿ	[6]
斯		s	ɿ	[1]
撕	2	s	ɿ	[1]
厮		s	ɿ	[1]
施		s	ɿ	[1]
私		s	ɿ	[1]
师	2（老~）	s	ɿ	[1]
狮		s	ɿ	[1]
司		s	ɿ	[1]
思		s	ɿ	[1]
诗		s	ɿ	[1]
史	2（历~）	s	ɿ	[3]
使	2（大~）	s	ɿ	[3]
驶		s	ɿ	[3]
始		s	ɿ	[3]
试	2（考～）	s	ɿ	[5]
四	2（~人帮）	s	ɿ	[5]
瓷		z	ɿ	[2]
磁		z	ɿ	[2]
时	2（~间）	z	ɿ	[2]
鲥		z	ɿ	[2]
糍		z	ɿ	[2]
示		z	ɿ	[6]
士		z	ɿ	[6]
仕		z	ɿ	[6]
市	2（城~）	z	ɿ	[6]
恃		z	ɿ	[6]
视		z	ɿ	[6]
豉		z	ɿ	[6]
氏		z	ɿ	[6]
自	2（~家:自己）	z	ɿ	[6]
逝		z	ɿ	[6]
嗜		z	ɿ	[6]
是	2（实事求～）	z	ɿ	[6]
事	2（～业）	z	ɿ	[6]
蓖		p	i	[1]
彼		p	i	[3]
比		p	i	[3]
闭		p	i	[5]
算		p	i	[5]
贝		p	i	[5]
蔽		p	i	[6]
泌		p	i	[6]
鄙		p	i	[6]
秘		p	i	[6]
批		ph	i	[1]
譬		ph	i	[3]
屁		ph	i	[5]
庇		ph	i	[5]
皮		b	i	[2]
疲		b	i	[2]
脾		b	i	[2]
琵		b	i	[2]
枇		b	i	[2]
肥	1（洋~皂：肥皂）	b	i	[2]
敝		b	i	[6]
弊		b	i	[6]
币		b	i	[6]
毙		b	i	[6]
被	（名词）	b	i	[6]
备		b	i	[6]
鼻	1（鼻涕）	b	i	[6]
避	2	b	i	[6]
篦		b	i	[6]
迷		m	i	[2]
谜		m	i	[2]
糜		m	i	[2]
弥		m	i	[2]
眉		m	i	[2]
楣		m	i	[2]
每		m	i	[3]
味	2	m	i	[6]
米	2	m	i	[6]
非		f	i	[1]
飞		f	i	[1]
妃		f	i	[1]
匪		f	i	[3]
榧		f	i	[3]
废		f	i	[5]
费		f	i	[5]
翡		f	i	[5]
肥	2（化肥）	v	i	[2]
未		v	i	[6]
帝	2	t	i	[5]
提		d	i	[2]
题	2（问~）	d	i	[2]
蹄		d	i	[2]
啼	2	d	i	[2]
苔	2（青~）	d	i	[2]
来	1	l	i	[2]
离	（距~）	l	i	[2]
璃		l	i	[2]
篱		l	i	[2]
狸		l	i	[2]
梨		l	i	[2]
厘		l	i	[2]
李		l	i	[3]
里	2（城~）	l	i	[3]
里	（一~）	l	i	[3]
理		l	i	[3]
鲤		l	i	[3]
荔		l	i	[3]
离	2	l	i	[3]
利		l	i	[3]
痢		l	i	[3]
里	（～底：里面）	l	i	[3]
例		l	i	[6]
厉		l	i	[6]
励		l	i	[6]
丽		l	i	[6]
肌		tɕ	i	[1]
稽		tɕ	i	[1]
几	（茶~）	tɕ	i	[1]
基	2	tɕ	i	[1]
机		tɕ	i	[1]
饥		tɕ	i	[1]
讥		tɕ	i	[1]
□	（天萝~:油条）	tɕ	i	[1]
姊		tɕ	i	[3]
已		tɕ	i	[3]
纪	2（姓）	tɕ	i	[3]
麂		tɕ	i	[3]
祭	2	tɕ	i	[5]
际		tɕ	i	[5]
冀		tɕ	i	[5]
济		tɕ	i	[5]
剂		tɕ	i	[5]
季		tɕ	i	[5]
计		tɕ	i	[5]
继		tɕ	i	[5]
系	（~鞋带）	tɕ	i	[5]
髻		tɕ	i	[5]
纪	3（世~）	tɕ	i	[5]
致		tɕ	i	[5]
欺		tɕh	i	[1]
溪	2	tɕh	i	[1]
起		tɕh	i	[3]
杞		tɕh	i	[3]
岂		tɕh	i	[3]
企		tɕh	i	[3]
启		tɕh	i	[3]
□	（~救：抢救）	tɕh	i	[3]
菜		tɕh	i	[5]
器		tɕh	i	[5]
弃		tɕh	i	[5]
奇		dʑ	i	[2]
骑		dʑ	i	[2]
歧		dʑ	i	[2]
祁		dʑ	i	[2]
鳍		dʑ	i	[2]
棋		dʑ	i	[2]
期		dʑ	i	[2]
其		dʑ	i	[2]
祈		dʑ	i	[2]
技		dʑ	i	[6]
妓		dʑ	i	[6]
忌		dʑ	i	[6]
尼	2（～龙）	ȵ	i	[2]
疑	2（嫌～）	ȵ	i	[2]
沂		ȵ	i	[2]
宜		ȵ	i	[2]
儿	1（儿子;后缀）	ȵ	i	[3]
拟	2	ȵ	i	[3]
你		ȵ	i	[6]
尔	2（这）	ȵ	i	[6]
艺	2	ȵ	i	[6]
谊		ȵ	i	[6]
义	2（主～）	ȵ	i	[6]
议	2	ȵ	i	[6]
耳	2	ȵ	i	[6]
嬉	（玩儿）	ɕ	i	[1]
希		ɕ	i	[1]
稀		ɕ	i	[1]
熙		ɕ	i	[1]
牺		ɕ	i	[1]
洗		ɕ	i	[3]
喜		ɕ	i	[3]
蟢	（蜘蛛）	ɕ	i	[3]
矢		ɕ	i	[3]
屎		ɕ	i	[3]
四	1（一二三~）	ɕ	i	[5]
系	（关~）	ɕ	i	[5]
势		ɕ	i	[5]
誓	2（宣~）	ɕ	i	[5]
依		∅	i	[1]
医	2（~院）	∅	i	[1]
伊		∅	i	[1]
箕	2（粪~:簸箕）	∅	i	[1]
宜		∅	i	[2]
仪		∅	i	[2]
饴		∅	i	[2]
夷		∅	i	[2]
姨		∅	i	[2]
移		∅	i	[2]
毅		∅	i	[3]
已		∅	i	[3]
以		∅	i	[3]
易		∅	i	[3]
亿		∅	i	[3]
意		∅	i	[5]
忆		∅	i	[5]
异		∅	i	[6]
肆		∅	i	[6]
怖		p	u	[5]
捕		ph	u	[3]
甫		ph	u	[3]
脯	（杏~）	ph	u	[3]
普		ph	u	[3]
浦		ph	u	[3]
蒲	2（姓）	ph	u	[3]
殕	（食物长白毛）	ph	u	[3]
扶	1	b	u	[2]
菩		b	u	[2]
脯	（胸~）	b	u	[2]
□	（花~:花蕊）	b	u	[2]
部		b	u	[6]
牡		m	u	[3]
夫	2	f	u	[1]
府		f	u	[3]
腑		f	u	[3]
俯		f	u	[3]
武		f	u	[3]
舞	（跳~）	f	u	[3]
付		f	u	[6]
俘		v	u	[2]
敷		v	u	[2]
附		v	u	[6]
妇	2	v	u	[6]
负		v	u	[6]
阜		v	u	[6]
都	2（首~）	t	u	[1]
都	2（~是）	t	u	[1]
赌	2	t	u	[3]
斗	（一~）	t	u	[3]
妒		t	u	[5]
偷		th	u	[1]
敨	（展开）	th	u	[3]
透		th	u	[5]
途		d	u	[2]
头		d	u	[2]
投		d	u	[2]
图	2	d	u	[2]
堵		d	u	[6]
肚	2（猪~）	d	u	[6]
度	2（制~）	d	u	[6]
渡	2	d	u	[6]
镀	2	d	u	[6]
豆		d	u	[6]
逗		d	u	[6]
痘		d	u	[6]
努		n	u	[3]
卢		l	u	[2]
庐		l	u	[2]
萝	1（包~:玉米）	l	u	[2]
鲁		l	u	[3]
橹		l	u	[3]
虏		l	u	[3]
卤		l	u	[3]
流	1	l	u	[6]
漏		l	u	[6]
陋		l	u	[6]
组		ts	u	[3]
阻		ts	u	[3]
初	2（~中）	tsh	u	[1]
楚		tsh	u	[3]
础		tsh	u	[3]
助		dz	u	[6]
苏	2（江~）	s	u	[1]
酥		s	u	[1]
诉		s	u	[3]
嗽		s	u	[5]
素	2（朴~）	s	u	[0]
孤		k	u	[1]
姑	2（尼～）	k	u	[1]
阄		k	u	[1]
□	（蹲）	k	u	[1]
股	2（~票）	k	u	[3]
故		k	u	[3]
狗		k	u	[3]
估		k	u	[6]
固		k	u	[5]
顾		k	u	[5]
锢		k	u	[5]
枯		kh	u	[1]
口		kh	u	[3]
库		kh	u	[5]
厚		g	u	[6]
吾		ŋ	u	[2]
呼		x	u	[2]
乎		x	u	[2]
浒		x	u	[3]
污		∅	u	[1]
巫		∅	u	[1]
诬		∅	u	[1]
瓯	（碗）	∅	u	[1]
胡	（姓）	∅	u	[2]
湖	2（芜~）	∅	u	[2]
狐	2	∅	u	[2]
壶	2	∅	u	[2]
蜈	2	∅	u	[2]
梧		∅	u	[2]
无	3	∅	u	[2]
伍		∅	u	[3]
鹉		∅	u	[3]
悟		∅	u	[3]
互		∅	u	[6]
护		∅	u	[6]
瓠		∅	u	[6]
后	1（前~）	∅	u	[6]
后	（皇~）	∅	u	[6]
误		∅	u	[6]
务		∅	u	[6]
雾	2	∅	u	[6]
恶	（可~）	∅	u	[6]
驴		l	y	[2]
屡		l	y	[3]
吕		l	y	[3]
旅		l	y	[3]
虑		l	y	[6]
滤		l	y	[6]
拘		tɕ	y	[1]
驹		tɕ	y	[1]
诛		tɕ	y	[1]
蛛		tɕ	y	[1]
株		tɕ	y	[1]
朱	2（高~:地名）	tɕ	y	[1]
猪	2（~八戒）	tɕ	y	[1]
诸		tɕ	y	[1]
居		tɕ	y	[1]
车	（~马炮）	tɕ	y	[1]
嘴		tɕ	y	[3]
主	2（～席）	tɕ	y	[3]
举	2（高~）	tɕ	y	[3]
矩		tɕ	y	[3]
煮	2	tɕ	y	[3]
注	（~意）	tɕ	y	[5]
著		tɕ	y	[5]
据		tɕ	y	[5]
锯	3	tɕ	y	[5]
铸		tɕ	y	[5]
贵	1	tɕ	y	[5]
吹	1（~□琴）	tɕh	y	[1]
炊	1（~饭）	tɕh	y	[1]
亏	1	tɕh	y	[1]
区		tɕh	y	[1]
驱		tɕh	y	[1]
趋		tɕh	y	[1]
处	（相~）	tɕh	y	[3]
处	（人事~）	tɕh	y	[3]
取	2（争~）	tɕh	y	[3]
娶		tɕh	y	[3]
跪		tɕh	y	[3]
□	（嘴）	tɕh	y	[3]
趣		tɕh	y	[5]
去	2	tɕh	y	[5]
瞿		dʑ	y	[2]
除	2	dʑ	y	[2]
储		dʑ	y	[2]
渠	2（~道）	dʑ	y	[2]
衢	2（~县）	dʑ	y	[2]
巨		dʑ	y	[6]
拒		dʑ	y	[6]
距		dʑ	y	[6]
具		dʑ	y	[6]
惧		dʑ	y	[6]
住		dʑ	y	[6]
杵		dʑ	y	[6]
雉		dʑ	y	[6]
驻		dʑ	y	[6]
注	（~疏）	dʑ	y	[6]
聚		dʑ	y	[6]
女		ȵ	y	[3]
语		ȵ	y	[3]
遇		ȵ	y	[6]
寓		ȵ	y	[6]
书	2	ɕ	y	[1]
输	2（运~）	ɕ	y	[1]
舒		ɕ	y	[1]
枢		ɕ	y	[1]
须	（必~）	ɕ	y	[1]
需		ɕ	y	[1]
虚		ɕ	y	[1]
墟		ɕ	y	[1]
嘘		ɕ	y	[1]
戍		ɕ	y	[1]
暑		ɕ	y	[3]
许	2（姓）	ɕ	y	[3]
署		ɕ	y	[3]
薯		ɕ	y	[3]
黍		ɕ	y	[3]
恕		ɕ	y	[5]
絮		ɕ	y	[5]
儒		ʑ	y	[2]
如		ʑ	y	[2]
徐	2（~向前）	ʑ	y	[2]
序	2	ʑ	y	[6]
叙		ʑ	y	[6]
绪		ʑ	y	[6]
庶		ʑ	y	[6]
淤		∅	y	[1]
于		∅	y	[2]
盂		∅	y	[2]
榆		∅	y	[2]
逾		∅	y	[2]
愉		∅	y	[2]
思		∅	y	[2]
虞		∅	y	[2]
娱		∅	y	[2]
余	2（姓）	∅	y	[2]
余	（多~）	∅	y	[2]
宇		∅	y	[3]
羽		∅	y	[3]
禹		∅	y	[3]
与		∅	y	[3]
豫		∅	y	[3]
水		∅	y	[3]
愈		∅	y	[6]
誉		∅	y	[6]
预		∅	y	[6]
子	1（鸡~:鸡蛋）	ts	ə	[3]
梓	1（~坑:地名）	ts	ə	[3]
紫		ts	ə	[3]
籽		ts	ə	[3]
雌		tsh	ə	[1]
齿	2（牙~，~轮）	tsh	ə	[3]
刺	1（名词）	tsh	ə	[5]
丝		s	ə	[1]
死		s	ə	[3]
赐		s	ə	[3]
徐	1（姓）	z	ə	[2]
祠		z	ə	[2]
辞		z	ə	[2]
词		z	ə	[2]
脐		z	ə	[2]
莳		z	ə	[2]
似		z	ə	[5]
祀		z	ə	[5]
已		z	ə	[5]
字		z	ə	[6]
寺		z	ə	[6]
嗣		z	ə	[6]
饲		z	ə	[6]
牸	（母牛）	z	ə	[6]
摆		p	ɛ	[3]
拜		p	ɛ	[5]
派		ph	ɛ	[3]
剖		ph	ɛ	[3]
破		ph	ɛ	[5]
排		b	ɛ	[2]
牌		b	ɛ	[2]
败		b	ɛ	[6]
埋		m	ɛ	[2]
磨	（~刀）	m	ɛ	[2]
迈		m	ɛ	[6]
□	（不会。“弗解”的合音）	m	ɛ	[3]
带	2（名词）	t	ɛ	[3]
带	1（动词）	t	ɛ	[5]
拖	1	th	ɛ	[1]
胎	2（双胞~）	th	ɛ	[1]
台	（~州）	th	ɛ	[1]
太	2（老~：老年妇女）	th	ɛ	[3]
泰		th	ɛ	[3]
态		th	ɛ	[5]
太	1（~婆: 曾祖母）	th	ɛ	[5]
抬		d	ɛ	[2]
台	（戏~）	d	ɛ	[2]
待		d	ɛ	[6]
怠		d	ɛ	[6]
殆		d	ɛ	[6]
贷		d	ɛ	[6]
大	2（~蒜）	d	ɛ	[6]
代		d	ɛ	[6]
袋		d	ɛ	[6]
乃		n	ɛ	[3]
奶		n	ɛ	[6]
奈		n	ɛ	[6]
耐		n	ɛ	[6]
箩	1	l	ɛ	[2]
米	2（三十~岁）	l	ɛ	[2]
□	（解大小便）	l	ɛ	[2]
□	（差，不好）	l	ɛ	[3]
箩	2	l	ɛ	[6]
赖		l	ɛ	[6]
□	（讲~:讲大话）	l	ɛ	[6]
斋		ts	ɛ	[1]
灾		ts	ɛ	[1]
裁		ts	ɛ	[1]
宰		ts	ɛ	[3]
载	（三年五~）	ts	ɛ	[3]
再		ts	ɛ	[5]
债		ts	ɛ	[5]
猜		tsh	ɛ	[1]
钗		tsh	ɛ	[1]
差	（问阴~:问巫婆）	tsh	ɛ	[1]
彩		tsh	ɛ	[3]
采		tsh	ɛ	[3]
睬		tsh	ɛ	[3]
蔡		tsh	ɛ	[5]
豺		dz	ɛ	[2]
才	（刚~）	dz	ɛ	[2]
才	（人~）	dz	ɛ	[2]
材		dz	ɛ	[2]
财		dz	ɛ	[2]
裁		dz	ɛ	[2]
柴		dz	ɛ	[2]
在	（实~）	dz	ɛ	[6]
筛	（~酒）	s	ɛ	[1]
鳃		s	ɛ	[1]
洒		s	ɛ	[3]
赛		s	ɛ	[5]
寨		z	ɛ	[6]
□	（陡）	z	ɛ	[6]
街		k	ɛ	[1]
皆		k	ɛ	[1]
阶		k	ɛ	[1]
改		k	ɛ	[3]
概	2	k	ɛ	[3]
溉	2	k	ɛ	[3]
解	2（~树:锯树）	k	ɛ	[3]
个	1（一~）	k	ɛ	[5]
介	1（~绍）	k	ɛ	[5]
界		k	ɛ	[5]
戒	2（猪八~）	k	ɛ	[5]
芥		k	ɛ	[5]
疥		k	ɛ	[5]
个	2（尔~：这个）	k	ɛ	[0]
开		kh	ɛ	[1]
揩		kh	ɛ	[1]
慨		kh	ɛ	[3]
概	1	kh	ɛ	[3]
溉	1	kh	ɛ	[3]
凯		kh	ɛ	[3]
楷		kh	ɛ	[3]
艾		ŋ	ɛ	[6]
蚁		ŋ	ɛ	[6]
海		x	ɛ	[3]
孩		∅	ɛ	[2]
鞋		∅	ɛ	[2]
矮		∅	ɛ	[3]
□	（~□ne0:咱们）	∅	ɛ	[-53]
隘		∅	ɛ	[5]
爱		∅	ɛ	[5]
蔼		∅	ɛ	[6]
害		∅	ɛ	[6]
亥		∅	ɛ	[6]
□	（钝，不快）	d	uɛ	[6]
□	（一~葡萄:一串葡萄）	ts	uɛ	[3]
槌		dz	uɛ	[2]
棰		dz	uɛ	[2]
捶		dz	uɛ	[2]
帅		s	uɛ	[5]
□	（谷~：稻穗）	s	uɛ	[5]
□	（丑，难看）	z	uɛ	[2]
乖		k	uɛ	[1]
拐		k	uɛ	[3]
怪		k	uɛ	[5]
盖		k	uɛ	[5]
块		kh	uɛ	[3]
快		kh	uɛ	[5]
筷		kh	uɛ	[5]
骑		g	uɛ	[2]
柜		g	uɛ	[6]
饿		ŋ	uɛ	[6]
歪		∅	uɛ	[1]
怀		∅	uɛ	[2]
槐		∅	uɛ	[2]
淮		∅	uɛ	[2]
解	（助动词,会）	∅	uɛ	[6]
外		∅	uɛ	[6]
杯		p	e	[1]
碑		p	e	[1]
卑		p	e	[1]
痱		p	e	[3]
辈		p	e	[5]
背	（脊~）	p	e	[5]
胚		ph	e	[1]
坏		ph	e	[1]
丕		ph	e	[1]
□	（猪~:公猪）	ph	e	[1]
佩	2	ph	e	[3]
□	（~痰:吐痰）	ph	e	[3]
配		ph	e	[5]
培		b	e	[2]
陪		b	e	[2]
赔		b	e	[2]
裴		b	e	[2]
倍		b	e	[6]
佩	1	b	e	[6]
背	（~诵）	b	e	[6]
焙		b	e	[6]
吠		b	e	[6]
梅		m	e	[2]
枚		m	e	[2]
煤		m	e	[2]
媒		m	e	[2]
霉		m	e	[2]
美		m	e	[3]
□	（母亲）	m	e	[3]
妹		m	e	[6]
昧		m	e	[6]
咩		m	e	[6]
尾		m	e	[6]
□	（~鸟:小孩的阴茎）	m	e	[6]
□	（养细~：生小孩）	m	e	[6]
肺		f	e	[5]
堆		t	e	[1]
低		t	e	[1]
堤		t	e	[1]
抵		t	e	[3]
对		t	e	[5]
碓		t	e	[5]
戴		t	e	[5]
□	（~走~讲:边走边说）	t	e	[-44]
胎	1（车~;双胞~）	th	e	[1]
推		th	e	[1]
梯		th	e	[1]
腿		th	e	[3]
蜕		th	e	[3]
体		th	e	[3]
退		th	e	[5]
替		th	e	[5]
展		th	e	[5]
褪		th	e	[5]
苔	1（舌~）	d	e	[2]
题	1（~目）	d	e	[6]
第		d	e	[6]
递		d	e	[6]
帝	1（皇～）	n	e	[3]
内		n	e	[6]
□	（我~：我们）	n	e	[0]
□	（作神□ɕiŋ0~:小心）	n	e	[0]
雷		l	e	[2]
擂		l	e	[2]
犁		l	e	[2]
黎		l	e	[2]
□	（~过去:钻过去）	l	e	[3]
礼		l	e	[6]
祭	1	ts	e	[5]
穄		ts	e	[5]
渍		ts	e	[5]
妻		tsh	e	[1]
西		s	e	[1]
栖		s	e	[1]
犀		s	e	[1]
碎		s	e	[3]
细	1（小）	s	e	[5]
世		s	e	[5]
岁	1	s	e	[5]
婿		s	e	[5]
齐		z	e	[2]
罪		z	e	[6]
□	（一~风:一阵风）	z	e	[6]
饑	（腹里~:肚子饿）	k	e	[1]
该		k	e	[1]
几	（~个）	k	e	[3]
虮	（虱~:虱子）	k	e	[3]
寄		k	e	[5]
戒	1（~烟）	k	e	[5]
渠	1（他）	g	e	[6]
徛	（站立;在）	g	e	[6]
隑	（靠）	g	e	[6]
呆		ŋ	e	[2]
鱼		ŋ	e	[2]
渔		ŋ	e	[2]
蜈	1（~蚣）	ŋ	e	[2]
碍		ŋ	e	[6]
衣		∅	e	[1]
哀		∅	e	[1]
埃		∅	e	[1]
□	（那）	∅	e	[6]
把	1（一~）	p	ie	[3]
爬		b	ie	[2]
婆	（太~:曾祖母）	b	ie	[6]
耙	1	b	ie	[6]
避	1	b	ie	[6]
麻	1（油~:芝麻）	m	ie	[2]
模	1（~子）	m	ie	[2]
磨	（石~）	m	ie	[6]
马	1（单说）	m	ie	[6]
码		m	ie	[6]
骂		m	ie	[6]
爹		t	ie	[1]
𣥼	（装）（集韵去声御韵陟虑切: “吴俗调盛物於器曰𣥼”。开化今读阴平,声调不合。）	t	ie	[1]
底		t	ie	[3]
剃		th	ie	[5]
除	1（脱衣）	d	ie	[2]
啼	1（哭）	d	ie	[2]
苎		d	ie	[6]
弟		d	ie	[6]
地		d	ie	[6]
离	1	l	ie	[6]
遮		tɕ	ie	[1]
枝	1（横~:地名）	tɕ	ie	[1]
者		tɕ	ie	[3]
纸		tɕ	ie	[3]
解	3（~答）	tɕ	ie	[3]
借		tɕ	ie	[5]
届		tɕ	ie	[5]
车	（汽~）	tɕh	ie	[1]
溪	1	tɕh	ie	[1]
鼠		tɕh	ie	[3]
契		tɕh	ie	[5]
箸		dʑ	ie	[6]
藉		dʑ	ie	[6]
褯		dʑ	ie	[6]
𧄔	（蕃~:白薯）	dʑ	ie	[0]
泥		ȵ	ie	[2]
奢		ɕ	ie	[1]
赊		ɕ	ie	[1]
书	1	ɕ	ie	[1]
写		ɕ	ie	[3]
捨	（~弗得:舍不得）	ɕ	ie	[3]
舍	（宿~）	ɕ	ie	[3]
细	2（小）	ɕ	ie	[3]
□	（唾~:围嘴儿）	ɕ	ie	[3]
械		ɕ	ie	[5]
卸		ɕ	ie	[5]
□	（鸡~袋：鸡嗦子）	ɕ	ie	[5]
佘		ʑ	ie	[2]
畲		ʑ	ie	[2]
邪		ʑ	ie	[2]
斜		ʑ	ie	[2]
荠	（荸~）	ʑ	ie	[2]
匙		ʑ	ie	[2]
谐		ʑ	ie	[2]
谢		ʑ	ie	[6]
射		ʑ	ie	[6]
麝		ʑ	ie	[6]
社	（~会,~庙）	ʑ	ie	[6]
举	1（大~:地名）	k	ie	[3]
锯	1（名词）	k	ie	[5]
去	1	kh	ie	[5]
许	1（答应）	x	ie	[3]
鸡		∅	ie	[1]
箕	1（簸箕形的指纹）	∅	ie	[1]
萁		∅	ie	[1]
爷	2	∅	ie	[2]
耶		∅	ie	[2]
煮	1	∅	ie	[3]
燕	1（~儿）	∅	ie	[5]
也		∅	ie	[6]
□	（阴茎）	d	ue	[2]
醉		ts	ue	[5]
蛇		dz	ue	[2]
衰		s	ue	[1]
徙	（移动）	s	ue	[3]
税		s	ue	[5]
前	1（~后）	z	ue	[2]
穗		z	ue	[6]
归		k	ue	[1]
鬼	1（见～）	k	ue	[3]
葵		g	ue	[2]
灰		x	ue	[1]
回		∅	ue	[2]
茴		∅	ue	[2]
胃		∅	ue	[6]
汇		∅	ue	[6]
会	（开~）	∅	ue	[6]
馃	1	tɕ	ye	[3]
过	1（捶得~渠:打得过他）	tɕ	ye	[5]
窠		tɕh	ye	[1]
靴		ʑ	ye	[1]
货		ʑ	ye	[5]
和	（~尚）	∅	ye	[2]
话	1	∅	ye	[6]
尔	3	∅	ø	[3]
耳	3	∅	ø	[3]
而		∅	ø	[3]
饵		∅	ø	[3]
二	2	∅	ø	[6]
巴		p	ɔ	[1]
芭		p	ɔ	[1]
疤		p	ɔ	[1]
把	2（~握）	p	ɔ	[3]
褒		p	ɔ	[3]
霸		p	ɔ	[5]
坝		p	ɔ	[5]
钯		p	ɔ	[5]
脬		ph	ɔ	[1]
□	（披）	ph	ɔ	[1]
□	（~阄:拈阄）	ph	ɔ	[1]
琶		b	ɔ	[2]
杷		b	ɔ	[2]
簰	（筏子）	b	ɔ	[2]
瀑		b	ɔ	[6]
曝		b	ɔ	[6]
耙	2	b	ɔ	[6]
稗		b	ɔ	[6]
罢	（助词,了）	b	ɔ	[0]
妈	1（~~:婶婶）	m	ɔ	[1]
麻	2（~子）	m	ɔ	[2]
蟆		m	ɔ	[2]
猫	2	m	ɔ	[2]
卯	3	m	ɔ	[3]
买		m	ɔ	[6]
卖		m	ɔ	[6]
马	2（~上）	m	ɔ	[6]
妈	2（老~:老婆）	m	ɔ	[-8]
□	（□khɔʔ5~:如果）	m	ɔ	[0]
猪	1（单说）	t	ɔ	[1]
刀	2	t	ɔ	[1]
打	3（一~）	t	ɔ	[3]
□	（~起:架起来）	t	ɔ	[5]
太	3（~多）	th	ɔ	[3]
导		d	ɔ	[6]
大	3（~学生）	d	ɔ	[6]
道	2	d	ɔ	[6]
□	（~姊:姐姐）	d	ɔ	[6]
铙		n	ɔ	[2]
挠		n	ɔ	[2]
囡	（~儿:女儿,女孩儿）	n	ɔ	[6]
拉	（~车）	l	ɔ	[1]
涝		l	ɔ	[5]
老	2（~师）	l	ɔ	[6]
□	2（这个字应与“□”zɔ212”同源。）（弗~:不要）	l	ɔ	[-8]
查	（山~;姓）	ts	ɔ	[1]
渣		ts	ɔ	[1]
抓		ts	ɔ	[1]
□	（拥挤）	ts	ɔ	[3]
诈		ts	ɔ	[5]
炸		ts	ɔ	[5]
榨		ts	ɔ	[5]
灶	2	ts	ɔ	[5]
笊	（~篼:笊篱）	ts	ɔ	[-44]
叉		tsh	ɔ	[1]
杈		tsh	ɔ	[1]
差	（~别）	tsh	ɔ	[1]
岔		tsh	ɔ	[5]
炒	2（~米）	tsh	ɔ	[-44]
茶		dz	ɔ	[2]
搽		dz	ɔ	[2]
巢		dz	ɔ	[2]
查	（调~）	dz	ɔ	[2]
沙		s	ɔ	[1]
纱		s	ɔ	[1]
傻		s	ɔ	[1]
梳		s	ɔ	[1]
疏		s	ɔ	[1]
蔬		s	ɔ	[1]
腮		s	ɔ	[1]
洒		s	ɔ	[3]
晒		s	ɔ	[5]
锄		z	ɔ	[2]
皂	2	z	ɔ	[6]
□	1（要）	z	ɔ	[6]
加		k	ɔ	[1]
哥	2（单说）	k	ɔ	[1]
家	1（大~）	k	ɔ	[1]
胶	1（阿~）	k	ɔ	[1]
哥	1（~~）	k	ɔ	[3]
懈		k	ɔ	[3]
假	（真~）	k	ɔ	[3]
解	1（~开）	k	ɔ	[3]
架		k	ɔ	[5]
嫁		k	ɔ	[5]
价		k	ɔ	[5]
骹	（脚）	kh	ɔ	[1]
卡		kh	ɔ	[3]
□	（拿）	kh	ɔ	[3]
□	（拃）	g	ɔ	[6]
□	（～个:谁）	g	ɔ	[6]
蛤	（~蟆子:蝌蚪）	g	ɔ	[-313]
牙		ŋ	ɔ	[2]
芽		ŋ	ɔ	[2]
衙		ŋ	ɔ	[2]
我		ŋ	ɔ	[6]
瓦		ŋ	ɔ	[6]
傲		ŋ	ɔ	[6]
咬		ŋ	ɔ	[6]
鄂		ŋ	ɔ	[6]
岳		ŋ	ɔ	[6]
□	（～痒:挠使痒）	x	ɔ	[1]
蟹		x	ɔ	[3]
孝	1	x	ɔ	[5]
阿	（~胶，~哥）	∅	ɔ	[1]
黄	2（～昏）	∅	ɔ	[2]
霞	2（～山:地名）	∅	ɔ	[2]
夏	1（姓）	∅	ɔ	[6]
夏	1（～至）	∅	ɔ	[6]
浩		∅	ɔ	[6]
佳		tɕ	iɔ	[1]
嘉		tɕ	iɔ	[1]
家	2（~具）	tɕ	iɔ	[1]
较		tɕ	iɔ	[3]
假		tɕ	iɔ	[3]
贾		tɕ	iɔ	[3]
驾		tɕ	iɔ	[5]
稼		tɕ	iɔ	[5]
介	2	tɕ	iɔ	[5]
□	（完蛋,完了）	tɕh	iɔ	[1]
揉		ȵ	iɔ	[6]
尿	2	ȵ	iɔ	[6]
饶		ȵ	iɔ	[6]
桡		ȵ	iɔ	[6]
馊		ɕ	iɔ	[1]
少	（~年）	ɕ	iɔ	[3]
小	2	ɕ	iɔ	[3]
□	（唆使）	ɕ	iɔ	[3]
瘦		ɕ	iɔ	[5]
效		ɕ	iɔ	[5]
绍	（介~）	ɕ	iɔ	[0]
效		ɕ	iɔ	[0]
校	（上~）	ɕ	iɔ	[0]
校	（学~）	ɕ	iɔ	[0]
谐		ʑ	iɔ	[2]
霞	3（彩~）	ʑ	iɔ	[2]
瑕		ʑ	iɔ	[2]
遐		ʑ	iɔ	[2]
夏	2（姓）	ʑ	iɔ	[6]
夏	2（~天）	ʑ	iɔ	[6]
厦		ʑ	iɔ	[6]
黄	3（~昏）	∅	iɔ	[2]
雅		∅	iɔ	[3]
亚		∅	iɔ	[3]
要	（重~）	∅	iɔ	[5]
瓜		k	uɔ	[1]
寡		k	uɔ	[3]
剐		k	uɔ	[3]
挂		k	uɔ	[5]
卦		k	uɔ	[5]
□	（往上够）	k	uɔ	[5]
夸		kh	uɔ	[1]
侉		kh	uɔ	[3]
垮		kh	uɔ	[3]
跨		kh	uɔ	[5]
花		x	uɔ	[1]
化		x	uɔ	[5]
华	（中~）	∅	uɔ	[2]
铧		∅	uɔ	[2]
华	（~山）	∅	uɔ	[6]
桦		∅	uɔ	[6]
话	2（电~）	∅	uɔ	[6]
画		∅	uɔ	[6]
波		p	o	[1]
菠		p	o	[1]
玻		p	o	[1]
坡		ph	o	[1]
萄		b	o	[2]
□	（煨）	b	o	[2]
摩		m	o	[2]
魔		m	o	[2]
模	2（~范）	m	o	[2]
摹		m	o	[2]
无	2（动词,没有）	m	o	[3]
募		m	o	[6]
拇	（大~tɕyɛʔ4头:大拇指）	m	o	[0]
□	（骹~膝头:膝盖）	m	o	[0]
多		t	o	[1]
□	（动词,指）	t	o	[1]
朵		t	o	[3]
躲		t	o	[3]
剁		t	o	[5]
拖	2	th	o	[1]
妥		th	o	[3]
椭		th	o	[3]
驼		d	o	[2]
陀		d	o	[2]
驮		d	o	[2]
舵		d	o	[6]
大	1	d	o	[6]
挪		n	o	[2]
糯		n	o	[6]
罗		l	o	[2]
啰		l	o	[2]
锣		l	o	[2]
箩	3	l	o	[2]
萝	2（天~□tɕi45:油条）	l	o	[2]
骡		l	o	[2]
螺		l	o	[2]
脶		l	o	[2]
左		ts	o	[3]
佐		ts	o	[3]
做		ts	o	[5]
搓		tsh	o	[1]
苍	1（~蚁:蚂蚁）	tsh	o	[1]
锉		tsh	o	[5]
错		tsh	o	[5]
莎		s	o	[1]
蓑		s	o	[1]
梭		s	o	[1]
唆	（啰~）	s	o	[1]
锁		s	o	[3]
琐		s	o	[3]
所		s	o	[3]
座	（灵屋）	z	o	[6]
歌		k	o	[1]
□	（瓢~:汤匙）	k	o	[1]
馃	2（麻糍~:糍粑）	k	o	[3]
果		k	o	[3]
裹		k	o	[3]
过	2（~分）	k	o	[3]
科		kh	o	[1]
棵		kh	o	[1]
颗		kh	o	[1]
柯		kh	o	[1]
可		kh	o	[3]
课		kh	o	[5]
蛾		ŋ	o	[2]
鹅		ŋ	o	[2]
俄		ŋ	o	[2]
□	（~子:傻子）	ŋ	o	[2]
讹		ŋ	o	[6]
虾		x	o	[1]
火	2（~柴）	x	o	[3]
下	（~谷籽:撒播稻种）	x	o	[3]
□	（大便）	x	o	[5]
鸦		∅	o	[1]
桠		∅	o	[1]
丫		∅	o	[1]
和	（~气）	∅	o	[2]
禾		∅	o	[2]
河		∅	o	[2]
何		∅	o	[2]
荷		∅	o	[2]
霞	1（~湖:地名）	∅	o	[2]
哑		∅	o	[3]
祸		∅	o	[6]
下	（方位；～降）	∅	o	[6]
贺		∅	o	[6]
下	（等一~）	∅	o	[0]
补		p	uo	[3]
斧		p	uo	[3]
布		p	uo	[5]
怖		p	uo	[5]
蒲	1（菖~:地名）	p	uo	[5]
铺	（动词）	ph	uo	[1]
谱		ph	uo	[3]
铺	（店~）	ph	uo	[5]
□	（瓠子）	b	uo	[2]
步		b	uo	[6]
簿		b	uo	[6]
抱		b	uo	[6]
伏	（孵）	b	uo	[6]
埠	2	b	uo	[6]
埠	1（华~:地名）	b	uo	[0]
夫	1	f	uo	[1]
肤		f	uo	[1]
富		f	uo	[5]
副		f	uo	[5]
付		f	uo	[5]
符		v	uo	[2]
浮		v	uo	[2]
芙		v	uo	[2]
父		v	uo	[6]
釜		v	uo	[6]
腐		v	uo	[6]
辅		v	uo	[6]
妇	1（新~:儿媳妇）	v	uo	[6]
都	1（江~:地名）	t	uo	[1]
赌	1（~博）	t	uo	[3]
堵		t	uo	[3]
拄	1（打~:帮助挑担用的棍子）	t	uo	[3]
土		th	uo	[3]
讨		th	uo	[3]
兔		th	uo	[5]
吐		th	uo	[5]
徒		d	uo	[2]
涂		d	uo	[2]
图	1	d	uo	[2]
屠		d	uo	[2]
度	1	d	uo	[6]
镀	1	d	uo	[6]
渡	1	d	uo	[6]
□	（毒害）	d	uo	[6]
肚	1（腹~:肚子）	d	uo	[0]
奴		n	uo	[2]
农	2	n	uo	[2]
脓	2	n	uo	[2]
炉		l	uo	[2]
芦		l	uo	[2]
鸬		l	uo	[2]
路		l	uo	[6]
露		l	uo	[6]
鹭		l	uo	[6]
租		ts	uo	[1]
祖		ts	uo	[3]
蚤		ts	uo	[3]
粗		tsh	uo	[1]
草		tsh	uo	[3]
醋		tsh	uo	[5]
苏	1（落~:茄子）	s	uo	[1]
扫		s	uo	[1]
嫂		s	uo	[3]
素	1（~菜）	s	uo	[5]
姑	1（~娘:姑妈）	k	uo	[1]
古		k	uo	[3]
牯		k	uo	[3]
鼓		k	uo	[3]
股	1（~份）	k	uo	[3]
□	（车~:轮子）	k	uo	[3]
雇		k	uo	[5]
箍		kh	uo	[1]
苦		kh	uo	[3]
裤		kh	uo	[5]
糊	1（贴）	g	uo	[2]
糊	2（面~:糨糊）	g	uo	[6]
吴		ŋ	uo	[2]
五		ŋ	uo	[6]
午		ŋ	uo	[6]
虎		x	uo	[3]
乌		∅	uo	[1]
扶	2（~梯:梯子）	∅	uo	[2]
鬍	1（~鬚）	∅	uo	[2]
蝴		∅	uo	[2]
葫		∅	uo	[2]
壶	1（茶~）	∅	uo	[2]
湖	1（~里:地名）	∅	uo	[2]
狐	1（~狸）	∅	uo	[2]
瓠		∅	uo	[2]
坞		∅	uo	[3]
□	（遗失）	∅	uo	[3]
户		∅	uo	[6]
沪		∅	uo	[6]
□	（场~:地方）	∅	uo	[0]
缕		l	yo	[6]
珠		tɕ	yo	[1]
朱	1（姓）	tɕ	yo	[1]
主	1	tɕ	yo	[3]
拄	2	tɕ	yo	[3]
蛀		tɕ	yo	[5]
灶	1（~□tɕyŋ44老佛:灶王爷）	tɕ	yo	[5]
句		tɕ	yo	[5]
手		tɕh	yo	[3]
□	（~里:家里）	tɕh	yo	[-42]
厨		dʑ	yo	[2]
衢	1（~州）	dʑ	yo	[2]
柱		dʑ	yo	[6]
尿	1	ȵ	yo	[1]
输	1（赌~罢:赌输了）	ȵ	yo	[1]
数	（动词）	ȵ	yo	[3]
数	（名词）	ȵ	yo	[5]
竖		ʑ	yo	[6]
□	（动词，塞）	ʑ	yo	[6]
序	1	ʑ	yo	[6]
爷	1（父亲）	∅	yo	[2]
余	1（下~:地名）	∅	yo	[2]
帚		∅	yo	[3]
□	（看守）	∅	yo	[3]
咒		∅	yo	[5]
雨		∅	yo	[6]
芋		∅	yo	[6]
包		p	əɯ	[1]
胞		p	əɯ	[1]
保		p	əɯ	[3]
堡		p	əɯ	[3]
宝		p	əɯ	[3]
饱		p	əɯ	[3]
报		p	əɯ	[5]
豹		p	əɯ	[5]
爆		p	əɯ	[5]
抛		ph	əɯ	[1]
脬		ph	əɯ	[1]
泡	（名词）	ph	əɯ	[3]
炮		ph	əɯ	[5]
泡	（动词）	ph	əɯ	[5]
跑		b	əɯ	[2]
鉋		b	əɯ	[2]
袍		b	əɯ	[2]
鲍		b	əɯ	[6]
暴		b	əɯ	[6]
菢		b	əɯ	[6]
毛		m	əɯ	[2]
茅		m	əɯ	[2]
锚		m	əɯ	[2]
猫	1	m	əɯ	[2]
卯	1	m	əɯ	[3]
冒		m	əɯ	[6]
帽		m	əɯ	[6]
卯	2	m	əɯ	[6]
貌		m	əɯ	[6]
□	（猜~儿:猜谜）	m	əɯ	[6]
姥	1	m	əɯ	[6]
暮		m	əɯ	[6]
慕		m	əɯ	[6]
墓		m	əɯ	[6]
刀	1	t	əɯ	[1]
叨		t	əɯ	[1]
祷		t	əɯ	[3]
岛		t	əɯ	[3]
倒	（打~;~水）	t	əɯ	[3]
到		t	əɯ	[5]
滔		th	əɯ	[1]
掏		th	əɯ	[1]
涛		th	əɯ	[1]
套		th	əɯ	[5]
桃		d	əɯ	[2]
逃		d	əɯ	[2]
淘		d	əɯ	[2]
陶		d	əɯ	[2]
萄		d	əɯ	[2]
盜		d	əɯ	[3]
道	1（味~）	d	əɯ	[6]
稻		d	əɯ	[6]
脑		n	əɯ	[6]
恼		n	əɯ	[6]
闹	2	n	əɯ	[6]
捞		l	əɯ	[1]
□	（用手掏）	l	əɯ	[1]
劳		l	əɯ	[2]
牢		l	əɯ	[2]
唠		l	əɯ	[2]
老	1	l	əɯ	[6]
姥	2	l	əɯ	[6]
遭		ts	əɯ	[1]
糟		ts	əɯ	[1]
枣		ts	əɯ	[3]
爪		ts	əɯ	[3]
找		ts	əɯ	[3]
罩		ts	əɯ	[5]
操		tsh	əɯ	[1]
抄		tsh	əɯ	[1]
钞		tsh	əɯ	[1]
吵		tsh	əɯ	[3]
炒	1	tsh	əɯ	[3]
糙		tsh	əɯ	[5]
造		dz	əɯ	[6]
骚		s	əɯ	[1]
臊		s	əɯ	[1]
燥		s	əɯ	[3]
槽		z	əɯ	[2]
皂	1（洋肥~:肥皂）	z	əɯ	[6]
交	1	k	əɯ	[1]
郊	1	k	əɯ	[1]
胶	2（~水）	k	əɯ	[1]
高		k	əɯ	[1]
簡		k	əɯ	[1]
糕		k	əɯ	[1]
羔		k	əɯ	[1]
膏		k	əɯ	[1]
铰		k	əɯ	[3]
绞		k	əɯ	[3]
稿	（稻草）	k	əɯ	[3]
搞		k	əɯ	[3]
搅		k	əɯ	[3]
告		k	əɯ	[5]
酵		k	əɯ	[5]
窖		k	əɯ	[5]
敲	1	kh	əɯ	[1]
考		kh	əɯ	[3]
烤		kh	əɯ	[3]
巧	1	kh	əɯ	[3]
靠		kh	əɯ	[5]
犒		kh	əɯ	[5]
□	（斜靠，倚）	g	əɯ	[6]
熬		ŋ	əɯ	[2]
蒿		x	əɯ	[1]
好	（形容词）	x	əɯ	[3]
好	（爱~）	x	əɯ	[5]
耗		x	əɯ	[5]
坳		∅	əɯ	[1]
毫		∅	əɯ	[2]
豪		∅	əɯ	[2]
壕		∅	əɯ	[2]
嚎		∅	əɯ	[2]
袄		∅	əɯ	[3]
号	（对~）	∅	əɯ	[6]
标		p	iəɯ	[1]
彪		p	iəɯ	[1]
表		p	iəɯ	[3]
飘		ph	iəɯ	[1]
漂		ph	iəɯ	[3]
票		ph	iəɯ	[3]
嫖		b	iəɯ	[2]
瓢		b	iəɯ	[2]
薸		b	iəɯ	[2]
苗		m	iəɯ	[2]
描		m	iəɯ	[2]
杪	（树梢）	m	iəɯ	[3]
秒		m	iəɯ	[3]
渺		m	iəɯ	[3]
藐		m	iəɯ	[3]
庙		m	iəɯ	[6]
妙		m	iəɯ	[6]
刁		t	iəɯ	[1]
貂		t	iəɯ	[1]
雕		t	iəɯ	[1]
鸟		t	iəɯ	[3]
钓		t	iəɯ	[5]
吊		t	iəɯ	[5]
□	（~酒:酿酒）	t	iəɯ	[5]
挑		th	iəɯ	[1]
跳		th	iəɯ	[3]
粜		th	iəɯ	[5]
□	（~头:马头）	th	iəɯ	[-42]
条		d	iəɯ	[2]
调	（~和）	d	iəɯ	[2]
笤		d	iəɯ	[2]
调	（音~，~动）	d	iəɯ	[6]
掉		d	iəɯ	[6]
聊		l	iəɯ	[2]
辽		l	iəɯ	[2]
疗		l	iəɯ	[2]
撩		l	iəɯ	[2]
了	（~结）	l	iəɯ	[6]
料		l	iəɯ	[6]
寥		l	iəɯ	[6]
交	2（~关:非常）	tɕ	iəɯ	[1]
郊	2	tɕ	iəɯ	[1]
胶	3	tɕ	iəɯ	[1]
焦		tɕ	iəɯ	[1]
蕉		tɕ	iəɯ	[1]
椒		tɕ	iəɯ	[1]
召		tɕ	iəɯ	[1]
招		tɕ	iəɯ	[1]
昭		tɕ	iəɯ	[1]
浇		tɕ	iəɯ	[1]
朝	（今~）	tɕ	iəɯ	[1]
骄		tɕ	iəɯ	[1]
娇		tɕ	iəɯ	[1]
早		tɕ	iəɯ	[3]
澡		tɕ	iəɯ	[3]
沼		tɕ	iəɯ	[3]
缴		tɕ	iəɯ	[3]
侥		tɕ	iəɯ	[3]
狡		tɕ	iəɯ	[3]
照		tɕ	iəɯ	[5]
诏		tɕ	iəɯ	[5]
教	（~书）	tɕ	iəɯ	[5]
饺	（~子）	tɕ	iəɯ	[-44]
□	（~桌布:抹布）	tɕ	iəɯ	[-44]
锹		tɕh	iəɯ	[1]
缲		tɕh	iəɯ	[1]
悄		tɕh	iəɯ	[1]
超		tɕh	iəɯ	[1]
敲	2	tɕh	iəɯ	[1]
巧	2	tɕh	iəɯ	[3]
笑		tɕh	iəɯ	[5]
鞘		tɕh	iəɯ	[5]
窍		tɕh	iəɯ	[5]
跷	（~子:瘸子）	tɕh	iəɯ	[-44]
曹		dʑ	iəɯ	[2]
朝	（~代）	dʑ	iəɯ	[2]
潮		dʑ	iəɯ	[2]
樵		dʑ	iəɯ	[2]
瞧		dʑ	iəɯ	[2]
乔		dʑ	iəɯ	[2]
桥		dʑ	iəɯ	[2]
侨		dʑ	iəɯ	[2]
荞		dʑ	iəɯ	[2]
赵		dʑ	iəɯ	[6]
兆		dʑ	iəɯ	[6]
轿		dʑ	iəɯ	[6]
尧		ȵ	iəɯ	[2]
绕		ȵ	iəɯ	[6]
扰		ȵ	iəɯ	[6]
消		ɕ	iəɯ	[1]
硝		ɕ	iəɯ	[1]
销	（门~:门栓）	ɕ	iəɯ	[1]
稍		ɕ	iəɯ	[1]
宵		ɕ	iəɯ	[1]
霄		ɕ	iəɯ	[1]
烧		ɕ	iəɯ	[1]
萧		ɕ	iəɯ	[1]
箫		ɕ	iəɯ	[1]
枵		ɕ	iəɯ	[1]
嚣		ɕ	iəɯ	[1]
小	1（~厅间:厢房）	ɕ	iəɯ	[3]
少	（多~）	ɕ	iəɯ	[3]
晓		ɕ	iəɯ	[3]
孝	2	ɕ	iəɯ	[5]
韶		ʑ	iəɯ	[2]
樵	（柴）	ʑ	iəɯ	[2]
绍	（~兴）	ʑ	iəɯ	[6]
邵		ʑ	iəɯ	[6]
妖		∅	iəɯ	[1]
腰		∅	iəɯ	[1]
邀		∅	iəɯ	[1]
摇		∅	iəɯ	[2]
谣		∅	iəɯ	[2]
窑		∅	iəɯ	[2]
瑶		∅	iəɯ	[2]
姚		∅	iəɯ	[2]
□	（折叠）	∅	iəɯ	[3]
叫	（哭）	∅	iəɯ	[5]
要	（~紧）	∅	iəɯ	[5]
耀		∅	iəɯ	[6]
鹞		∅	iəɯ	[6]
舀		∅	iəɯ	[6]
□	（～儿:哨子）	∅	iəɯ	[6]
某		m	ɯ	[3]
亩		m	ɯ	[3]
贸		m	ɯ	[6]
茂		m	ɯ	[6]
戊		m	ɯ	[6]
兜		t	ɯ	[1]
篼	（笊～:笊篱）	t	ɯ	[1]
抖		t	ɯ	[3]
陡		t	ɯ	[3]
斗	（往一块儿凑）	t	ɯ	[5]
□	（抠）	l	ɯ	[1]
楼		l	ɯ	[2]
搂		l	ɯ	[2]
篓		l	ɯ	[6]
走		ts	ɯ	[3]
奏		ts	ɯ	[3]
凑		tsh	ɯ	[5]
骤		dz	ɯ	[6]
叟		s	ɯ	[3]
漱		s	ɯ	[6]
勾		k	ɯ	[1]
沟		k	ɯ	[1]
钩		k	ɯ	[1]
苟		k	ɯ	[3]
锯	2	k	ɯ	[5]
够		k	ɯ	[5]
构		k	ɯ	[5]
购		k	ɯ	[5]
扣		kh	ɯ	[5]
寇		kh	ɯ	[5]
偶		ŋ	ɯ	[3]
藕		ŋ	ɯ	[6]
纽	1（~子）	ŋ	ɯ	[6]
□	（馋嘴）	x	ɯ	[5]
欧		∅	ɯ	[1]
瓯		∅	ɯ	[1]
讴	（叫）	∅	ɯ	[1]
侯		∅	ɯ	[2]
喉		∅	ɯ	[2]
猴		∅	ɯ	[2]
候		∅	ɯ	[6]
后	2（前~）	∅	ɯ	[6]
谬		m	iɯ	[6]
丢		t	iɯ	[1]
□	（一~树:一棵树）	t	iɯ	[1]
溜		l	iɯ	[1]
馏		l	iɯ	[1]
流	2（~氓）	l	iɯ	[2]
硫		l	iɯ	[2]
琉		l	iɯ	[2]
刘		l	iɯ	[2]
留		l	iɯ	[2]
榴		l	iɯ	[2]
柳		l	iɯ	[6]
廖		l	iɯ	[6]
周	2（~恩来）	tɕ	iɯ	[1]
州		tɕ	iɯ	[1]
洲		tɕ	iɯ	[1]
舟		tɕ	iɯ	[1]
纠		tɕ	iɯ	[1]
鸠		tɕ	iɯ	[1]
九		tɕ	iɯ	[3]
酒		tɕ	iɯ	[3]
久		tɕ	iɯ	[3]
韭		tɕ	iɯ	[3]
灸		tɕ	iɯ	[3]
救		tɕ	iɯ	[5]
究		tɕ	iɯ	[5]
昼		tɕ	iɯ	[5]
皱		tɕ	iɯ	[5]
绉		tɕ	iɯ	[5]
秋		tɕh	iɯ	[1]
抽		tɕh	iɯ	[1]
丘		tɕh	iɯ	[1]
邱		tɕh	iɯ	[1]
□	（蚊虫~:孑孓）	tɕh	iɯ	[1]
丑	（子~寅卯）	tɕh	iɯ	[3]
醜		tɕh	iɯ	[3]
取	1（索还;~名字）	tɕh	iɯ	[3]
臭		tɕh	iɯ	[5]
售		tɕh	iɯ	[5]
囚		dʑ	iɯ	[2]
泅		dʑ	iɯ	[2]
绸		dʑ	iɯ	[2]
稠		dʑ	iɯ	[2]
筹		dʑ	iɯ	[2]
仇		dʑ	iɯ	[2]
求		dʑ	iɯ	[2]
球		dʑ	iɯ	[2]
舅		dʑ	iɯ	[6]
臼		dʑ	iɯ	[6]
咎		dʑ	iɯ	[6]
旧		dʑ	iɯ	[6]
柩		dʑ	iɯ	[6]
宙		dʑ	iɯ	[6]
就		dʑ	iɯ	[6]
树		dʑ	iɯ	[6]
牛		ȵ	iɯ	[2]
纽	2	ȵ	iɯ	[6]
修		ɕ	iɯ	[1]
羞		ɕ	iɯ	[1]
搜		ɕ	iɯ	[1]
飕		ɕ	iɯ	[1]
收		ɕ	iɯ	[1]
休		ɕ	iɯ	[1]
鬚	（鬍~）	ɕ	iɯ	[1]
手	2（~艺）	ɕ	iɯ	[3]
首		ɕ	iɯ	[3]
守		ɕ	iɯ	[3]
朽		ɕ	iɯ	[3]
秀		ɕ	iɯ	[5]
绣		ɕ	iɯ	[5]
锈		ɕ	iɯ	[5]
宿	（星~）	ɕ	iɯ	[5]
愁		ʑ	iɯ	[2]
袖		ʑ	iɯ	[6]
柔		ʑ	iɯ	[6]
受		ʑ	iɯ	[6]
寿		ʑ	iɯ	[6]
授		ʑ	iɯ	[6]
嗅		ʑ	iɯ	[6]
莠		ʑ	iɯ	[6]
优		∅	iɯ	[1]
忧		∅	iɯ	[1]
幽		∅	iɯ	[1]
悠		∅	iɯ	[1]
周	1（~年）	∅	iɯ	[1]
尤		∅	iɯ	[2]
犹		∅	iɯ	[2]
邮		∅	iɯ	[2]
由		∅	iɯ	[2]
油		∅	iɯ	[2]
游		∅	iɯ	[2]
有	2	∅	iɯ	[3]
酉		∅	iɯ	[3]
友		∅	iɯ	[3]
又		∅	iɯ	[6]
右		∅	iɯ	[6]
诱		∅	iɯ	[6]
柚		∅	iɯ	[6]
釉		∅	iɯ	[6]
幼		∅	iɯ	[6]
佑		∅	iɯ	[6]
有	1	∅	iɯ	[6]
胝		t	ui	[1]
短		t	ui	[3]
唾	2	th	ui	[3]
唾	1	th	ui	[5]
队		d	ui	[6]
兑		d	ui	[6]
垒		l	ui	[3]
累	（积~）	l	ui	[3]
履		l	ui	[3]
类		l	ui	[6]
泪		l	ui	[6]
累	（连~）	l	ui	[6]
锥		ts	ui	[1]
追		ts	ui	[1]
知	1（~了）	ts	ui	[1]
脂	1（猪~:猪油）	ts	ui	[1]
赘		ts	ui	[3]
缀		ts	ui	[3]
指	1	ts	ui	[3]
旨	1（圣~）	ts	ui	[3]
□	（扯）	ts	ui	[3]
□	（柱~:柱础）	ts	ui	[3]
痣		ts	ui	[5]
钻	（名词）	ts	ui	[5]
痴		tsh	ui	[1]
崔		tsh	ui	[1]
催		tsh	ui	[1]
初	1（正月~一）	tsh	ui	[1]
吹	2（~牛）	tsh	ui	[1]
炊	2（~事员）	tsh	ui	[1]
齿	1（牙~）	tsh	ui	[3]
脆		tsh	ui	[5]
翠		tsh	ui	[5]
粹		tsh	ui	[5]
迟	1	dz	ui	[2]
池	1（～淮:地名）	dz	ui	[2]
虽		s	ui	[1]
尸		s	ui	[1]
筛	（~子）	s	ui	[1]
绥		s	ui	[1]
酸	1	s	ui	[1]
师	1	s	ui	[1]
髓		s	ui	[3]
使	1（~毛笔写字）	s	ui	[3]
史	1（太~:地名）	s	ui	[3]
誓	1（发~愿:发誓）	s	ui	[5]
岁	2（万~）	s	ui	[5]
试	1	s	ui	[5]
随		z	ui	[2]
时	1（日~:白天）	z	ui	[2]
遂		z	ui	[6]
隧		z	ui	[6]
瑞		z	ui	[6]
侍		z	ui	[6]
坐		z	ui	[6]
座		z	ui	[6]
柿		z	ui	[6]
事	1（~干:事情）	z	ui	[6]
市	1（利~）	z	ui	[6]
龟		k	ui	[1]
规		k	ui	[1]
圭		k	ui	[1]
闺		k	ui	[1]
鳜		k	ui	[1]
基	1（老屋~:地名）	k	ui	[1]
纪	1（年~）	k	ui	[3]
轨		k	ui	[3]
诡		k	ui	[3]
鬼	2（~子）	k	ui	[3]
桂		k	ui	[5]
刽		k	ui	[5]
桧		k	ui	[5]
记		k	ui	[5]
贵	2	k	ui	[5]
窥		kh	ui	[1]
盔		kh	ui	[1]
魁		kh	ui	[1]
亏	2	kh	ui	[1]
愧		kh	ui	[5]
气		kh	ui	[5]
汽		kh	ui	[5]
逵		g	ui	[2]
旗		g	ui	[2]
癸		g	ui	[2]
义	1（~爷:干爹）	ŋ	ui	[6]
恢		x	ui	[1]
挥		x	ui	[1]
辉		x	ui	[1]
徽		x	ui	[1]
麾		x	ui	[1]
火	1（单说）	x	ui	[3]
伙		x	ui	[3]
讳		x	ui	[3]
戏		x	ui	[5]
贿		x	ui	[5]
惠	2	x	ui	[5]
慧	2	x	ui	[5]
悔		x	ui	[5]
威		∅	ui	[1]
危		∅	ui	[1]
医	1（~病）	∅	ui	[1]
为	（作~）	∅	ui	[2]
微		∅	ui	[2]
违		∅	ui	[2]
围		∅	ui	[2]
维		∅	ui	[2]
惟		∅	ui	[2]
唯		∅	ui	[2]
疑	3（~心）	∅	ui	[2]
□	（便宜）	∅	ui	[2]
伟		∅	ui	[3]
苇		∅	ui	[3]
倚		∅	ui	[3]
椅		∅	ui	[3]
委		∅	ui	[3]
伪		∅	ui	[3]
惠	1	∅	ui	[3]
慧		∅	ui	[3]
畏		∅	ui	[5]
慰		∅	ui	[5]
魏		∅	ui	[6]
纬		∅	ui	[6]
谓		∅	ui	[6]
汇		∅	ui	[6]
位		∅	ui	[6]
卫		∅	ui	[6]
为	（介词）	∅	ui	[6]
班		p	ã	[1]
斑		p	ã	[1]
颁		p	ã	[1]
扳		p	ã	[1]
般		p	ã	[1]
冰	2	p	ã	[1]
浜	2	p	ã	[1]
邦		p	ã	[1]
反	1（~手:左手）	p	ã	[3]
板		p	ã	[3]
版		p	ã	[3]
榜	2（~样）	p	ã	[3]
绑	2（捆~）	p	ã	[3]
扮		p	ã	[5]
谤		p	ã	[5]
粪	2	p	ã	[5]
柄	2	p	ã	[5]
攀		ph	ã	[1]
潘		ph	ã	[1]
襻		ph	ã	[5]
盼		ph	ã	[5]
判	2（批~）	ph	ã	[5]
爿		b	ã	[2]
滂		b	ã	[2]
旁		b	ã	[2]
螃		b	ã	[2]
庞		b	ã	[2]
办		b	ã	[6]
傍		b	ã	[6]
蚌		b	ã	[6]
病	1	b	ã	[6]
叛		b	ã	[6]
瓣		b	ã	[6]
蛮		m	ã	[2]
盲		m	ã	[2]
芒	2（光~）	m	ã	[2]
茫		m	ã	[2]
虻		m	ã	[2]
莽		m	ã	[2]
蟒		m	ã	[2]
明	1（~年）	m	ã	[2]
慢		m	ã	[6]
漫		m	ã	[6]
幔		m	ã	[6]
蔓		m	ã	[6]
万		m	ã	[6]
方	2（姓）	f	ã	[1]
芳		f	ã	[1]
番		f	ã	[1]
蕃		f	ã	[1]
翻		f	ã	[1]
藩		f	ã	[1]
反	2（相~）	f	ã	[3]
纺		f	ã	[3]
妨		f	ã	[3]
仿		f	ã	[3]
访		f	ã	[3]
放	2	f	ã	[5]
贩		f	ã	[5]
泛		f	ã	[5]
烦		v	ã	[2]
矾		v	ã	[2]
繁		v	ã	[2]
肪		v	ã	[2]
房		v	ã	[2]
防		v	ã	[2]
凡		v	ã	[2]
帆		v	ã	[2]
范	（姓）	v	ã	[6]
犯		v	ã	[6]
饭		v	ã	[6]
耽		t	ã	[1]
担	（~任）	t	ã	[1]
端	2（~午）	t	ã	[1]
胆		t	ã	[3]
党		t	ã	[3]
挡		t	ã	[3]
打	2	t	ã	[3]
担	（挑~）	t	ã	[5]
旦		t	ã	[5]
蘸	1	t	ã	[5]
贪		th	ã	[1]
躺		th	ã	[3]
倘		th	ã	[3]
探		th	ã	[5]
谭		d	ã	[2]
潭	2	d	ã	[2]
谈		d	ã	[2]
痰		d	ã	[2]
堂		d	ã	[2]
棠		d	ã	[2]
淡		d	ã	[6]
但		d	ã	[6]
弹	（子~）	d	ã	[6]
诞		d	ã	[6]
蛋		d	ã	[6]
荡		d	ã	[6]
□	（拿）	n	ã	[1]
南		n	ã	[2]
男		n	ã	[2]
囊		n	ã	[2]
蓝		l	ã	[2]
篮		l	ã	[2]
兰		l	ã	[2]
栏	2	l	ã	[2]
拦		l	ã	[2]
郎	2（~酒:酒名）	l	ã	[2]
廊		l	ã	[2]
狼	2	l	ã	[2]
螂		l	ã	[2]
览		l	ã	[3]
揽		l	ã	[3]
榄		l	ã	[3]
缆		l	ã	[3]
懒		l	ã	[3]
滥		l	ã	[6]
烂		l	ã	[6]
朗		l	ã	[6]
两	（一~三四）	l	ã	[6]
浪	2	l	ã	[6]
沾		ts	ã	[1]
钻	（动词）	ts	ã	[1]
□	（□□nʌʔ2khəʔ4~:栗暴）	ts	ã	[1]
斩		ts	ã	[3]
盏		ts	ã	[3]
蘸	2	ts	ã	[5]
赞		ts	ã	[5]
参	（~加）	tsh	ã	[1]
搀		tsh	ã	[1]
苍	3	tsh	ã	[1]
餐		tsh	ã	[1]
惨		tsh	ã	[3]
铲		tsh	ã	[3]
产	2（生~）	tsh	ã	[3]
纂		tsh	ã	[3]
闯		tsh	ã	[3]
灿		tsh	ã	[5]
创		tsh	ã	[5]
残		dz	ã	[2]
惭		dz	ã	[2]
谗		dz	ã	[2]
馋		dz	ã	[2]
饯		dz	ã	[6]
栈		dz	ã	[6]
暂		dz	ã	[6]
錾		dz	ã	[6]
站	（车~）	dz	ã	[6]
赚		dz	ã	[6]
三		s	ã	[1]
杉		s	ã	[1]
衫		s	ã	[1]
山		s	ã	[1]
珊		s	ã	[1]
桑		s	ã	[1]
丧	2（婚~）	s	ã	[1]
删		s	ã	[1]
产	1（~母:产妇）	s	ã	[3]
丧	（~失）	s	ã	[3]
甘		k	ã	[1]
柑		k	ã	[1]
尴		k	ã	[1]
监	1（~牢）	k	ã	[1]
今	1（~年）	k	ã	[1]
干	（天~）	k	ã	[1]
乾	（跟“湿”相对）	k	ã	[1]
间	1（房间）	k	ã	[1]
扛		k	ã	[1]
刚		k	ã	[1]
纲		k	ã	[1]
钢		k	ã	[1]
感		k	ã	[3]
敢		k	ã	[3]
橄		k	ã	[3]
杆		k	ã	[3]
赶		k	ã	[3]
擀		k	ã	[3]
港		k	ã	[3]
幹		k	ã	[5]
铅	1	kh	ã	[1]
坑	1（茅~:厕所）	kh	ã	[1]
刊		kh	ã	[1]
堪		kh	ã	[1]
龛		kh	ã	[1]
嵌		kh	ã	[1]
康		kh	ã	[1]
糠	2	kh	ã	[1]
慷		kh	ã	[1]
□	（□khəʔ4~;刚）	kh	ã	[1]
坎		kh	ã	[3]
砍		kh	ã	[3]
款	1	kh	ã	[3]
勘		kh	ã	[5]
抗		kh	ã	[5]
炕		kh	ã	[5]
衔		g	ã	[2]
□	（跨）	g	ã	[6]
岩		ŋ	ã	[2]
颜		ŋ	ã	[2]
昂	2	ŋ	ã	[2]
雁	（~鹅:雁）	ŋ	ã	[6]
眼	1	ŋ	ã	[6]
憨		x	ã	[1]
蚶		x	ã	[1]
喊		x	ã	[3]
罕		x	ã	[3]
夯		x	ã	[3]
□	（簸粮食）	x	ã	[3]
安		∅	ã	[1]
□	（凹）	∅	ã	[1]
含	2	∅	ã	[2]
函		∅	ã	[2]
寒	2（大~）	∅	ã	[2]
咸		∅	ã	[2]
韩		∅	ã	[2]
桓		∅	ã	[2]
行	（银~）	∅	ã	[2]
航		∅	ã	[2]
杭		∅	ã	[2]
按		∅	ã	[5]
憾		∅	ã	[6]
撼		∅	ã	[6]
馅		∅	ã	[6]
翰		∅	ã	[6]
限	1（~制）	∅	ã	[6]
苋		∅	ã	[6]
项	1（~羽）	∅	ã	[6]
巷		∅	ã	[6]
□	（这么）	∅	ã	[6]
帮		p	iã	[1]
榜	1（出~）	p	iã	[3]
绑	1（~起来）	p	iã	[3]
忙		m	iã	[2]
芒	1（~种）	m	iã	[2]
望	1（希~）	m	iã	[6]
方	1（形容词）	f	iã	[1]
张	1（量词）	t	iã	[1]
账	1	t	iã	[5]
帐	1（蚊~）	t	iã	[5]
良		l	iã	[2]
凉		l	iã	[2]
粮		l	iã	[2]
梁		l	iã	[2]
粱		l	iã	[2]
量	2	l	iã	[2]
两	（重量单位）	l	iã	[6]
俩		l	iã	[6]
量	（质~）	l	iã	[6]
亮		l	iã	[6]
谅		l	iã	[6]
将	（~来）	tɕ	iã	[1]
浆		tɕ	iã	[1]
张	2（姓）	tɕ	iã	[1]
章		tɕ	iã	[1]
樟		tɕ	iã	[1]
疆		tɕ	iã	[1]
僵		tɕ	iã	[1]
缰		tɕ	iã	[1]
姜	（生~）	tɕ	iã	[1]
姜	（姓）	tɕ	iã	[1]
江	2（长~）	tɕ	iã	[1]
蒋		tɕ	iã	[3]
奖		tɕ	iã	[3]
桨		tɕ	iã	[3]
长	（动词）	tɕ	iã	[3]
涨		tɕ	iã	[3]
掌		tɕ	iã	[3]
讲	2	tɕ	iã	[3]
酱		tɕ	iã	[5]
将	（大~）	tɕ	iã	[5]
胀		tɕ	iã	[5]
帐	2	tɕ	iã	[5]
账	2	tɕ	iã	[5]
障	（保~）	tɕ	iã	[5]
降	2（下~）	tɕ	iã	[5]
枪		tɕh	iã	[1]
昌		tɕh	iã	[1]
菖	2	tɕh	iã	[1]
羌		tɕh	iã	[1]
腔		tɕh	iã	[1]
抢		tɕh	iã	[3]
厂		tɕh	iã	[3]
强	（勉~）	tɕh	iã	[3]
唱		tɕh	iã	[5]
畅		tɕh	iã	[5]
倡	（提~）	tɕh	iã	[5]
详		dʑ	iã	[2]
祥		dʑ	iã	[2]
长	2（~白山）	dʑ	iã	[2]
肠	2	dʑ	iã	[2]
场	2	dʑ	iã	[2]
常		dʑ	iã	[2]
强	（形容词）	dʑ	iã	[2]
象		dʑ	iã	[6]
像		dʑ	iã	[6]
橡		dʑ	iã	[6]
丈		dʑ	iã	[6]
仗		dʑ	iã	[6]
杖		dʑ	iã	[6]
上	（~山）	dʑ	iã	[6]
上	1（～横头:上座）	dʑ	iã	[6]
匠	2	dʑ	iã	[6]
娘		ȵ	iã	[2]
酿		ȵ	iã	[6]
样	1（好~:好好地）	ȵ	iã	[6]
相	（互~）	ɕ	iã	[1]
箱		ɕ	iã	[1]
厢		ɕ	iã	[1]
湘		ɕ	iã	[1]
襄		ɕ	iã	[1]
镶		ɕ	iã	[1]
商		ɕ	iã	[1]
伤		ɕ	iã	[1]
香		ɕ	iã	[1]
乡		ɕ	iã	[1]
想		ɕ	iã	[3]
鲞		ɕ	iã	[3]
享		ɕ	iã	[3]
响		ɕ	iã	[3]
赏		ɕ	iã	[3]
饷		ɕ	iã	[3]
晌		ɕ	iã	[3]
向		ɕ	iã	[5]
相	（~貌）	ɕ	iã	[5]
墙		ʑ	iã	[2]
尝		ʑ	iã	[2]
降	（投~）	ʑ	iã	[2]
酿		ʑ	iã	[6]
匠	1	ʑ	iã	[6]
尚		ʑ	iã	[6]
上	2（~海）	ʑ	iã	[6]
让	2	ʑ	iã	[6]
项	2	ʑ	iã	[6]
央		∅	iã	[1]
秧		∅	iã	[1]
殃		∅	iã	[1]
羊		∅	iã	[2]
洋		∅	iã	[2]
烊		∅	iã	[2]
杨		∅	iã	[2]
阳		∅	iã	[2]
扬		∅	iã	[2]
疡		∅	iã	[2]
裳		∅	iã	[2]
痒	2	∅	iã	[3]
映		∅	iã	[5]
样	2	∅	iã	[6]
銮		l	uã	[2]
卵	2	l	uã	[3]
乱		l	uã	[6]
庄		ts	uã	[1]
装		ts	uã	[1]
壮	2	ts	uã	[5]
窗	2	tsh	uã	[1]
状	2	dz	uã	[6]
双	2	s	uã	[1]
孀		s	uã	[1]
爽	2	s	uã	[3]
光	2（~荣）	k	uã	[1]
冠	（衣~）	k	uã	[1]
鳏		k	uã	[1]
惊	1（害怕）	k	uã	[1]
广		k	uã	[3]
冠	（~军）	k	uã	[5]
逛		k	uã	[5]
筐		kh	uã	[1]
匡		kh	uã	[1]
眶		kh	uã	[1]
矿		kh	uã	[5]
旷		kh	uã	[5]
狂	2	g	uã	[2]
荒	2	ŋ	uã	[1]
慌	2	ŋ	uã	[1]
□	（乖）	ŋ	uã	[1]
谎		ŋ	uã	[3]
况		ŋ	uã	[5]
汪	2	∅	uã	[1]
弯		∅	uã	[1]
湾		∅	uã	[1]
环	2	∅	uã	[2]
魂	2	∅	uã	[2]
黄	4	∅	uã	[2]
簧	2	∅	uã	[2]
皇	2	∅	uã	[2]
蝗		∅	uã	[2]
亡		∅	uã	[2]
忘		∅	uã	[2]
妄		∅	uã	[2]
望	2	∅	uã	[2]
王	2	∅	uã	[2]
娩		∅	uã	[3]
豌		∅	uã	[3]
剜		∅	uã	[3]
碗		∅	uã	[3]
腕		∅	uã	[3]
晚		∅	uã	[3]
挽		∅	uã	[3]
枉		∅	uã	[3]
往		∅	uã	[3]
幻		∅	uã	[6]
患		∅	uã	[6]
旺	2	∅	uã	[6]
光	1（天~:早上）	tɕ	yã	[1]
供	1（~猪:养猪）	tɕ	yã	[1]
□	（大~:大不了）	tɕh	yã	[1]
狂	1	dʑ	yã	[2]
荒	1	ɕ	yã	[1]
慌	1	ɕ	yã	[1]
汪	1（~前坞:地名）	∅	yã	[1]
黄	1	∅	yã	[2]
簧	1	∅	yã	[2]
皇	1	∅	yã	[2]
篁		∅	yã	[2]
王	1	∅	yã	[2]
环	1（~碧坞:地名）	∅	yã	[2]
旺	1（~财坞:地名）	∅	yã	[6]
彭	2	b	uɑ̃	[2]
敦		t	uɑ̃	[1]
驐	（阉）	t	uɑ̃	[1]
墩		t	uɑ̃	[1]
端	3（~正）	t	uɑ̃	[1]
顿		t	uɑ̃	[5]
吞	2	th	uɑ̃	[1]
团		d	uɑ̃	[2]
潭	1	d	uɑ̃	[2]
屯	2	d	uɑ̃	[2]
豚		d	uɑ̃	[2]
钝		d	uɑ̃	[2]
臀		d	uɑ̃	[2]
□	（湿）	d	uɑ̃	[2]
段		d	uɑ̃	[6]
缎		d	uɑ̃	[6]
椴		d	uɑ̃	[6]
锻		d	uɑ̃	[6]
盾		d	uɑ̃	[6]
囤		d	uɑ̃	[6]
沌		d	uɑ̃	[6]
钝		d	uɑ̃	[6]
遁		d	uɑ̃	[6]
断	（决~）	d	uɑ̃	[6]
暖		n	uɑ̃	[3]
嫩		n	uɑ̃	[6]
伦		l	uɑ̃	[2]
沦		l	uɑ̃	[2]
论		l	uɑ̃	[6]
遵		ts	uɑ̃	[1]
尊		ts	uɑ̃	[1]
簪		ts	uɑ̃	[1]
撰		ts	uɑ̃	[3]
□	（用指甲掐）	ts	uɑ̃	[5]
村		tsh	uɑ̃	[1]
忖	（想）	tsh	uɑ̃	[3]
寸		tsh	uɑ̃	[5]
存		dz	uɑ̃	[2]
孙		s	uɑ̃	[1]
酸	2（硫~）	s	uɑ̃	[1]
损		s	uɑ̃	[3]
逊		s	uɑ̃	[5]
蚕		z	uɑ̃	[2]
关	2（开~）	k	uɑ̃	[1]
泔		k	uɑ̃	[1]
官		k	uɑ̃	[1]
观	（参~）	k	uɑ̃	[1]
棺		k	uɑ̃	[1]
管		k	uɑ̃	[3]
馆		k	uɑ̃	[3]
滚	1（~水:开水）	k	uɑ̃	[3]
灌		k	uɑ̃	[3]
罐		k	uɑ̃	[3]
贯		k	uɑ̃	[5]
惯		k	uɑ̃	[5]
观	（寺~）	k	uɑ̃	[5]
坤		kh	uɑ̃	[1]
昆		kh	uɑ̃	[1]
宽		kh	uɑ̃	[1]
款	2	kh	uɑ̃	[3]
磡		kh	uɑ̃	[5]
睏	（睡）	kh	uɑ̃	[5]
掼		g	uɑ̃	[6]
欢		x	uɑ̃	[1]
昏		x	uɑ̃	[1]
婚		x	uɑ̃	[1]
荤		x	uɑ̃	[1]
唤		x	uɑ̃	[5]
焕		x	uɑ̃	[5]
温		∅	uɑ̃	[1]
瘟		∅	uɑ̃	[1]
淹		∅	uɑ̃	[1]
玩		∅	uɑ̃	[2]
完		∅	uɑ̃	[2]
还	（~原）	∅	uɑ̃	[2]
还	（~有）	∅	uɑ̃	[2]
魂		∅	uɑ̃	[2]
稳		∅	uɑ̃	[3]
换		∅	uɑ̃	[6]
宦		∅	uɑ̃	[6]
搬		p	ɛ̃	[1]
冰	1	p	ɛ̃	[1]
本		p	ɛ̃	[3]
烘	（校：存疑，或为训读）	p	ɛ̃	[5]
半		p	ɛ̃	[5]
柄	1	p	ɛ̃	[5]
粪	1（~缸,~箕）	p	ɛ̃	[5]
判	1（~决）	ph	ɛ̃	[5]
盘		b	ɛ̃	[2]
盆		b	ɛ̃	[2]
伴		b	ɛ̃	[6]
拌		b	ɛ̃	[6]
瞒		m	ɛ̃	[2]
馒		m	ɛ̃	[2]
满		m	ɛ̃	[6]
抿		m	ɛ̃	[6]
闷		m	ɛ̃	[6]
问	1	m	ɛ̃	[6]
分		f	ɛ̃	[1]
芬		f	ɛ̃	[1]
纷		f	ɛ̃	[1]
粉		f	ɛ̃	[3]
粪	3	f	ɛ̃	[5]
奋		f	ɛ̃	[5]
焚		v	ɛ̃	[2]
坟		v	ɛ̃	[2]
文		v	ɛ̃	[2]
纹		v	ɛ̃	[2]
蚊	2	v	ɛ̃	[2]
闻		v	ɛ̃	[2]
愤		v	ɛ̃	[3]
忿		v	ɛ̃	[3]
问	2	v	ɛ̃	[6]
份		v	ɛ̃	[6]
□	（身~:身材）	v	ɛ̃	[0]
睁	（骹后~:脚后跟）	t	ɛ̃	[1]
转	1（~身）	t	ɛ̃	[3]
吞	2	th	ɛ̃	[1]
长	2（~短）	d	ɛ̃	[2]
肠	2	d	ɛ̃	[2]
量	1（动词）	l	ɛ̃	[2]
榛		ts	ɛ̃	[1]
臻		ts	ɛ̃	[1]
疮		tsh	ɛ̃	[1]
趁		tsh	ɛ̃	[5]
衬	2	tsh	ɛ̃	[5]
删		s	ɛ̃	[1]
森		s	ɛ̃	[1]
参	（人~）	s	ɛ̃	[1]
笋		s	ɛ̃	[3]
榫		s	ɛ̃	[3]
唇		z	ɛ̃	[2]
床		z	ɛ̃	[2]
层		z	ɛ̃	[2]
更	（五~）	k	ɛ̃	[1]
根		k	ɛ̃	[1]
斤	1	k	ɛ̃	[1]
筋	1	k	ɛ̃	[1]
金	1	k	ɛ̃	[1]
巾	1（毛~）	k	ɛ̃	[1]
禁	1	k	ɛ̃	[5]
更	（~加）	k	ɛ̃	[5]
坑	2	kh	ɛ̃	[1]
川	1（琅~:地名）	kh	ɛ̃	[1]
恳		kh	ɛ̃	[3]
垦		kh	ɛ̃	[3]
背		kh	ɛ̃	[3]
□	（~馃:糍粑）	kh	ɛ̃	[-44]
近		g	ɛ̃	[6]
银	1	ŋ	ɛ̃	[2]
硬		ŋ	ɛ̃	[6]
恩		∅	ɛ̃	[1]
音	1（~坑:地名）	∅	ɛ̃	[1]
阴	1	∅	ɛ̃	[1]
荫	1	∅	ɛ̃	[1]
痕		∅	ɛ̃	[2]
影	1	∅	ɛ̃	[3]
咽		∅	ɛ̃	[5]
恨		∅	ɛ̃	[6]
边		p	iɛ̃	[1]
鞭		p	iɛ̃	[1]
贬		p	iɛ̃	[3]
扁		p	iɛ̃	[3]
匾		p	iɛ̃	[3]
变		p	iɛ̃	[5]
遍		p	iɛ̃	[5]
篇		ph	iɛ̃	[1]
偏		ph	iɛ̃	[1]
编		ph	iɛ̃	[1]
篇		ph	iɛ̃	[1]
片		ph	iɛ̃	[5]
骗		ph	iɛ̃	[5]
便	（~宜）	b	iɛ̃	[2]
便	（方~）	b	iɛ̃	[6]
辫		b	iɛ̃	[6]
辩		b	iɛ̃	[6]
辨		b	iɛ̃	[6]
汴		b	iɛ̃	[6]
棉		m	iɛ̃	[2]
绵		m	iɛ̃	[2]
眠		m	iɛ̃	[2]
兔		m	iɛ̃	[3]
勉		m	iɛ̃	[3]
缅		m	iɛ̃	[6]
渑		m	iɛ̃	[6]
面		m	iɛ̃	[6]
麵		m	iɛ̃	[6]
颠		t	iɛ̃	[1]
掂		t	iɛ̃	[1]
点		t	iɛ̃	[3]
典		t	iɛ̃	[3]
店		t	iɛ̃	[5]
天		th	iɛ̃	[1]
添		th	iɛ̃	[1]
舔		th	iɛ̃	[3]
腆		th	iɛ̃	[3]
舔		th	iɛ̃	[5]
甜		d	iɛ̃	[2]
田		d	iɛ̃	[2]
填		d	iɛ̃	[2]
簟		d	iɛ̃	[6]
电		d	iɛ̃	[6]
殿		d	iɛ̃	[6]
奠		d	iɛ̃	[6]
佃		d	iɛ̃	[6]
垫		d	iɛ̃	[6]
廉		l	iɛ̃	[2]
镰		l	iɛ̃	[2]
连		l	iɛ̃	[2]
联		l	iɛ̃	[2]
怜		l	iɛ̃	[2]
莲		l	iɛ̃	[2]
帘		l	iɛ̃	[2]
脸		l	iɛ̃	[6]
敛		l	iɛ̃	[6]
殓		l	iɛ̃	[6]
练		l	iɛ̃	[6]
楝		l	iɛ̃	[6]
恋		l	iɛ̃	[6]
监	2（~视）	tɕ	iɛ̃	[1]
尖		tɕ	iɛ̃	[1]
歼		tɕ	iɛ̃	[1]
占	（~卜）	tɕ	iɛ̃	[1]
瞻		tɕ	iɛ̃	[1]
兼		tɕ	iɛ̃	[1]
艰		tɕ	iɛ̃	[1]
间	2（时~）	tɕ	iɛ̃	[1]
奸		tɕ	iɛ̃	[1]
煎		tɕ	iɛ̃	[1]
肩		tɕ	iɛ̃	[1]
坚		tɕ	iɛ̃	[1]
减		tɕ	iɛ̃	[3]
碱		tɕ	iɛ̃	[3]
舰		tɕ	iɛ̃	[3]
枧		tɕ	iɛ̃	[3]
检		tɕ	iɛ̃	[3]
简		tɕ	iɛ̃	[3]
裥		tɕ	iɛ̃	[3]
柬		tɕ	iɛ̃	[3]
拣		tɕ	iɛ̃	[3]
剪		tɕ	iɛ̃	[3]
展		tɕ	iɛ̃	[3]
趼		tɕ	iɛ̃	[3]
茧		tɕ	iɛ̃	[3]
笕		tɕ	iɛ̃	[3]
监	（国子~）	tɕ	iɛ̃	[5]
占	（霸~）	tɕ	iɛ̃	[5]
剑		tɕ	iɛ̃	[5]
间	（~苗）	tɕ	iɛ̃	[5]
谏		tɕ	iɛ̃	[5]
涧		tɕ	iɛ̃	[5]
见	2（意~）	tɕ	iɛ̃	[5]
箭		tɕ	iɛ̃	[5]
溅		tɕ	iɛ̃	[5]
战		tɕ	iɛ̃	[5]
颤		tɕ	iɛ̃	[5]
建		tɕ	iɛ̃	[5]
荐		tɕ	iɛ̃	[5]
剑		tɕ	iɛ̃	[5]
千		tɕh	iɛ̃	[1]
笺		tɕh	iɛ̃	[1]
牵		tɕh	iɛ̃	[1]
铅	2	tɕh	iɛ̃	[1]
签		tɕh	iɛ̃	[1]
谦		tɕh	iɛ̃	[1]
迁		tɕh	iɛ̃	[1]
浅		tɕh	iɛ̃	[3]
遣		tɕh	iɛ̃	[3]
欠		tɕh	iɛ̃	[5]
歉		tɕh	iɛ̃	[5]
潜		dʑ	iɛ̃	[2]
钳		dʑ	iɛ̃	[2]
钱		dʑ	iɛ̃	[2]
乾	（~坤）	dʑ	iɛ̃	[2]
虔		dʑ	iɛ̃	[2]
前	2（徐向~）	dʑ	iɛ̃	[2]
渐		dʑ	iɛ̃	[6]
俭		dʑ	iɛ̃	[6]
贱		dʑ	iɛ̃	[6]
践		dʑ	iɛ̃	[6]
件		dʑ	iɛ̃	[6]
键		dʑ	iɛ̃	[6]
健		dʑ	iɛ̃	[6]
腱		dʑ	iɛ̃	[6]
年	3（明~）	ȵ	iɛ̃	[1]
严		ȵ	iɛ̃	[2]
俨		ȵ	iɛ̃	[2]
言		ȵ	iɛ̃	[2]
年	1	ȵ	iɛ̃	[2]
研		ȵ	iɛ̃	[2]
黏		ȵ	iɛ̃	[2]
碾		ȵ	iɛ̃	[3]
染		ȵ	iɛ̃	[6]
验		ȵ	iɛ̃	[6]
念		ȵ	iɛ̃	[6]
谚		ȵ	iɛ̃	[6]
年	2（今~）	ȵ	iɛ̃	[6]
仙		ɕ	iɛ̃	[1]
鲜	（新~）	ɕ	iɛ̃	[1]
轩		ɕ	iɛ̃	[1]
掀		ɕ	iɛ̃	[1]
先		ɕ	iɛ̃	[1]
险		ɕ	iɛ̃	[3]
癣		ɕ	iɛ̃	[3]
显		ɕ	iɛ̃	[3]
闪		ɕ	iɛ̃	[5]
线		ɕ	iɛ̃	[5]
扇	（名词;动词）	ɕ	iɛ̃	[5]
宪		ɕ	iɛ̃	[5]
献		ɕ	iɛ̃	[5]
现	2（实~）	ɕ	iɛ̃	[5]
□	（厨~:厨房）	ɕ	iɛ̃	[0]
嫌		ʑ	iɛ̃	[2]
涎		ʑ	iɛ̃	[2]
蝉		ʑ	iɛ̃	[2]
禅		ʑ	iɛ̃	[2]
然		ʑ	iɛ̃	[2]
燃		ʑ	iɛ̃	[2]
贤		ʑ	iɛ̃	[2]
冉		ʑ	iɛ̃	[6]
善		ʑ	iɛ̃	[6]
羨		ʑ	iɛ̃	[6]
膳		ʑ	iɛ̃	[6]
单	（姓）	ʑ	iɛ̃	[6]
县	2	ʑ	iɛ̃	[6]
阉		∅	iɛ̃	[1]
爲		∅	iɛ̃	[1]
烟		∅	iɛ̃	[1]
炎		∅	iɛ̃	[2]
盐		∅	iɛ̃	[2]
阁		∅	iɛ̃	[2]
檐		∅	iɛ̃	[2]
延		∅	iɛ̃	[2]
筵		∅	iɛ̃	[2]
沿		∅	iɛ̃	[2]
掩		∅	iɛ̃	[3]
魇		∅	iɛ̃	[3]
眼	2	∅	iɛ̃	[3]
演		∅	iɛ̃	[3]
厣		∅	iɛ̃	[3]
厌		∅	iɛ̃	[5]
堰		∅	iɛ̃	[5]
燕	2	∅	iɛ̃	[5]
见	1（~鬼）	∅	iɛ̃	[5]
现	1（～成）	∅	iɛ̃	[5]
□	（食饭~儿:中午）	∅	iɛ̃	[6]
滚	2（～开）	k	uɛ̃	[3]
梗	1（菜~）	k	uɛ̃	[3]
棍		k	uɛ̃	[5]
捆		kh	uɛ̃	[3]
困		kh	uɛ̃	[5]
横		∅	uɛ̃	[2]
混		∅	uɛ̃	[6]
櫼	（《集韵》平声侵韵咨林切:“楔也”;平声盐韵将廉切:“说文:楔也”。另外,段玉裁认为江浙的读音为“知林切”（据说文解字注·六篇上）。开化的读音符合“知林切”。）（楔子）	tɕ	yɛ̃	[1]
真	1（~假）	tɕ	yɛ̃	[1]
针		tɕ	yɛ̃	[1]
斟		tɕ	yɛ̃	[1]
精	1（~神）	tɕ	yɛ̃	[1]
专		tɕ	yɛ̃	[1]
砖		tɕ	yɛ̃	[1]
捐		tɕ	yɛ̃	[1]
枕		tɕ	yɛ̃	[3]
捲	2	tɕ	yɛ̃	[3]
转	2（~身）	tɕ	yɛ̃	[3]
转	（~圈）	tɕ	yɛ̃	[5]
眷		tɕ	yɛ̃	[5]
卷	（名词）	tɕ	yɛ̃	[5]
绢		tɕ	yɛ̃	[5]
川	2	tɕh	yɛ̃	[1]
深		tɕh	yɛ̃	[1]
圈		tɕh	yɛ̃	[1]
喘		tɕh	yɛ̃	[3]
券		tɕh	yɛ̃	[3]
犬		tɕh	yɛ̃	[3]
□	（黄~:蚯蚓）	tɕh	yɛ̃	[3]
劝		tɕh	yɛ̃	[5]
全		dʑ	yɛ̃	[2]
泉		dʑ	yɛ̃	[2]
传	（~达）	dʑ	yɛ̃	[2]
鳝	（黄~）	dʑ	yɛ̃	[2]
椽		dʑ	yɛ̃	[2]
拳		dʑ	yɛ̃	[2]
权		dʑ	yɛ̃	[2]
颧		dʑ	yɛ̃	[2]
群		dʑ	yɛ̃	[2]
缠		dʑ	yɛ̃	[2]
尘	1	dʑ	yɛ̃	[2]
陷		dʑ	yɛ̃	[6]
篆		dʑ	yɛ̃	[6]
传	（~记）	dʑ	yɛ̃	[6]
倦		dʑ	yɛ̃	[6]
阵		dʑ	yɛ̃	[6]
□	（门～:门坎）	dʑ	yɛ̃	[6]
元		ȵ	yɛ̃	[2]
原		ȵ	yɛ̃	[2]
源		ȵ	yɛ̃	[2]
软		ȵ	yɛ̃	[6]
愿		ȵ	yɛ̃	[6]
宣		ɕ	yɛ̃	[1]
喧		ɕ	yɛ̃	[1]
身	1（~体）	ɕ	yɛ̃	[1]
狲		ɕ	yɛ̃	[1]
选		ɕ	yɛ̃	[3]
玄		ɕ	yɛ̃	[3]
悬		ɕ	yɛ̃	[3]
陕		ɕ	yɛ̃	[3]
楦		ɕ	yɛ̃	[5]
眩		ɕ	yɛ̃	[5]
弦		ʑ	yɛ̃	[2]
丸		ʑ	yɛ̃	[2]
旋		ʑ	yɛ̃	[2]
神	1（~仙）	ʑ	yɛ̃	[2]
旋	（头旋）	ʑ	yɛ̃	[6]
冤		∅	yɛ̃	[1]
渊		∅	yɛ̃	[1]
圆		∅	yɛ̃	[2]
员		∅	yɛ̃	[2]
缘		∅	yɛ̃	[2]
袁		∅	yɛ̃	[2]
辕		∅	yɛ̃	[2]
园	2	∅	yɛ̃	[2]
援		∅	yɛ̃	[2]
远	2	∅	yɛ̃	[3]
怨		∅	yɛ̃	[5]
院		∅	yɛ̃	[6]
阮		∅	yɛ̃	[6]
县	1（开化~）	∅	yɛ̃	[6]
崩		p	əŋ	[1]
畚		p	əŋ	[1]
放	1	p	əŋ	[5]
喷	2	ph	əŋ	[1]
□	（闻）	ph	əŋ	[1]
捧		ph	əŋ	[3]
碰		ph	əŋ	[5]
朋		b	əŋ	[2]
澎		b	əŋ	[2]
彭	1（姓）	b	əŋ	[2]
烹		b	əŋ	[2]
笨	2	b	əŋ	[6]
棒		b	əŋ	[6]
猛		m	əŋ	[3]
雾	1	m	əŋ	[6]
网		m	əŋ	[6]
孟		m	əŋ	[6]
暝	1（夜晚）	m	əŋ	[6]
暝	2（□ʑiɔʔ2~:昨天）	m	əŋ	[-8]
丰		f	əŋ	[1]
封		f	əŋ	[1]
峰		f	əŋ	[1]
蜂		f	əŋ	[1]
锋		f	əŋ	[1]
逢		v	əŋ	[2]
缝	（动词）	v	əŋ	[2]
缝	（名词）	v	əŋ	[6]
奉		v	əŋ	[6]
俸		v	əŋ	[6]
登	2	t	əŋ	[1]
东		t	əŋ	[1]
冬		t	əŋ	[1]
等	2	t	əŋ	[3]
董		t	əŋ	[3]
懂		t	əŋ	[3]
打	1	t	əŋ	[3]
凳	2	t	əŋ	[5]
冻		t	əŋ	[5]
栋		t	əŋ	[5]
通		th	əŋ	[1]
桶	2	th	əŋ	[3]
捅		th	əŋ	[3]
痛	2	th	əŋ	[5]
腾		d	əŋ	[2]
滕		d	əŋ	[2]
藤	2	d	əŋ	[2]
疼		d	əŋ	[2]
同		d	əŋ	[2]
铜		d	əŋ	[2]
桐		d	əŋ	[2]
简		d	əŋ	[2]
童		d	əŋ	[2]
瞳		d	əŋ	[2]
□	（~手:伸手）	d	əŋ	[2]
邓		d	əŋ	[6]
动		d	əŋ	[6]
桶	1	d	əŋ	[6]
□	（暖和）	d	əŋ	[6]
□	（~雨:下雨）	d	əŋ	[6]
能		n	əŋ	[2]
侬		n	əŋ	[2]
农	1（人）	n	əŋ	[2]
脓	1（□due313~:精液）	n	əŋ	[6]
□	（怎么）	n	əŋ	[6]
楞		l	əŋ	[2]
冷		l	əŋ	[6]
卵	1（~子:睾丸）	l	əŋ	[6]
增		ts	əŋ	[1]
曾	（姓）	ts	əŋ	[1]
憎		ts	əŋ	[1]
僧	2	ts	əŋ	[1]
争		ts	əŋ	[1]
筝		ts	əŋ	[1]
睁		ts	əŋ	[1]
粽	1	ts	əŋ	[5]
撑		tsh	əŋ	[1]
蹭		tsh	əŋ	[5]
凊	（冷）	tsh	əŋ	[5]
曾	（~经）	dz	əŋ	[2]
生	2（~意）	s	əŋ	[1]
牲	2	s	əŋ	[1]
僧	1	s	əŋ	[1]
笙		s	əŋ	[1]
甥		s	əŋ	[1]
省	（节~）	s	əŋ	[3]
省	（~长）	s	əŋ	[3]
省	（反~）	s	əŋ	[3]
松	（~树）	z	əŋ	[-21]
粳		k	əŋ	[1]
庚		k	əŋ	[1]
羹		k	əŋ	[1]
耕		k	əŋ	[1]
跟		k	əŋ	[1]
埂		k	əŋ	[3]
哽		k	əŋ	[3]
梗	2（桔~）	k	əŋ	[3]
耿		k	əŋ	[3]
啃		kh	əŋ	[3]
□	（盖住，罩住）	kh	əŋ	[3]
亨		x	əŋ	[1]
兄	1（~弟）	x	əŋ	[1]
恒		∅	əŋ	[2]
衡		∅	əŋ	[2]
宾		p	iŋ	[1]
槟		p	iŋ	[1]
滨		p	iŋ	[1]
彬		p	iŋ	[1]
兵		p	iŋ	[1]
浜	1	p	iŋ	[1]
颤	（校：存疑，或为训读）	p	iŋ	[3]
丙		p	iŋ	[3]
秉		p	iŋ	[3]
饼		p	iŋ	[3]
殡		p	iŋ	[5]
鬓		p	iŋ	[5]
柄	3	p	iŋ	[5]
并	（合~）	p	iŋ	[5]
拼		ph	iŋ	[1]
拚		ph	iŋ	[1]
品		ph	iŋ	[3]
聘		ph	iŋ	[5]
姘		ph	iŋ	[5]
贫		b	iŋ	[2]
频		b	iŋ	[2]
赁		b	iŋ	[2]
平		b	iŋ	[2]
坪		b	iŋ	[2]
评		b	iŋ	[2]
瓶		b	iŋ	[2]
屏		b	iŋ	[2]
萍		b	iŋ	[2]
病	2	b	iŋ	[6]
並		b	iŋ	[6]
民		m	iŋ	[2]
蚊	1（~虫:蚊子）	m	iŋ	[2]
萌		m	iŋ	[2]
鸣		m	iŋ	[2]
明	2（光~）	m	iŋ	[2]
盟		m	iŋ	[2]
名		m	iŋ	[2]
铭		m	iŋ	[2]
闽		m	iŋ	[3]
悯		m	iŋ	[3]
敏		m	iŋ	[3]
皿		m	iŋ	[3]
米	1	m	iŋ	[3]
命		m	iŋ	[3]
味	1（~道）	m	iŋ	[6]
灯		t	iŋ	[1]
丁		t	iŋ	[1]
盯		t	iŋ	[1]
疔		t	iŋ	[1]
钉	（名词）	t	iŋ	[1]
登	1	t	iŋ	[1]
等	1	t	iŋ	[3]
顶		t	iŋ	[3]
鼎		t	iŋ	[3]
凳	1	t	iŋ	[5]
订		t	iŋ	[5]
厅		th	iŋ	[1]
汀		th	iŋ	[1]
挺		th	iŋ	[3]
艇		th	iŋ	[3]
听		th	iŋ	[5]
□	（跟,和）	th	iŋ	[5]
沉		d	iŋ	[2]
藤	1	d	iŋ	[2]
亭		d	iŋ	[2]
停		d	iŋ	[2]
廷		d	iŋ	[2]
庭		d	iŋ	[2]
蜓		d	iŋ	[2]
绽		d	iŋ	[6]
澄	1（使变清）	d	iŋ	[6]
锭		d	iŋ	[6]
定		d	iŋ	[6]
林		l	iŋ	[2]
淋		l	iŋ	[2]
临		l	iŋ	[2]
邻		l	iŋ	[2]
鳞		l	iŋ	[2]
轮		l	iŋ	[2]
陵		l	iŋ	[2]
菱		l	iŋ	[2]
凌		l	iŋ	[2]
灵		l	iŋ	[2]
零		l	iŋ	[2]
伶		l	iŋ	[2]
拎		l	iŋ	[2]
翎		l	iŋ	[2]
铃		l	iŋ	[2]
岭		l	iŋ	[3]
领		l	iŋ	[6]
令		l	iŋ	[6]
另		l	iŋ	[6]
经		tɕ	iŋ	[1]
今	2	tɕ	iŋ	[1]
金	2	tɕ	iŋ	[1]
襟		tɕ	iŋ	[1]
珍		tɕ	iŋ	[1]
真	2	tɕ	iŋ	[1]
巾	2	tɕ	iŋ	[1]
斤	2	tɕ	iŋ	[1]
筋	2	tɕ	iŋ	[1]
征		tɕ	iŋ	[1]
蒸		tɕ	iŋ	[1]
京		tɕ	iŋ	[1]
荆		tɕ	iŋ	[1]
惊	2	tɕ	iŋ	[1]
鲸		tɕ	iŋ	[1]
精	2	tɕ	iŋ	[1]
晶		tɕ	iŋ	[1]
睛		tɕ	iŋ	[1]
贞		tɕ	iŋ	[1]
侦		tɕ	iŋ	[1]
正	（~月）	tɕ	iŋ	[1]
锦		tɕ	iŋ	[3]
诊		tɕ	iŋ	[3]
紧		tɕ	iŋ	[3]
谨		tɕ	iŋ	[3]
拯		tɕ	iŋ	[3]
景		tɕ	iŋ	[3]
警		tɕ	iŋ	[3]
整		tɕ	iŋ	[3]
颈		tɕ	iŋ	[3]
井		tɕ	iŋ	[3]
进		tɕ	iŋ	[3]
镇		tɕ	iŋ	[3]
浸		tɕ	iŋ	[5]
禁	2	tɕ	iŋ	[5]
背		tɕ	iŋ	[5]
证		tɕ	iŋ	[5]
症		tɕ	iŋ	[5]
境		tɕ	iŋ	[5]
径		tɕ	iŋ	[5]
劲		tɕ	iŋ	[5]
振		tɕ	iŋ	[5]
震		tɕ	iŋ	[5]
敬		tɕ	iŋ	[5]
正	（反~）	tɕ	iŋ	[5]
政		tɕ	iŋ	[5]
甑		tɕ	iŋ	[5]
竟		tɕ	iŋ	[5]
镜		tɕ	iŋ	[5]
侵		tɕh	iŋ	[1]
钦		tɕh	iŋ	[1]
消		tɕh	iŋ	[1]
青		tɕh	iŋ	[1]
蜻		tɕh	iŋ	[1]
亲		tɕh	iŋ	[1]
称	（动词）	tɕh	iŋ	[1]
卿		tɕh	iŋ	[1]
轻		tɕh	iŋ	[1]
请		tɕh	iŋ	[3]
庆		tɕh	iŋ	[3]
寝		tɕh	iŋ	[5]
衬	1	tɕh	iŋ	[5]
称	（对~）	tɕh	iŋ	[5]
秤		tɕh	iŋ	[5]
磬		tɕh	iŋ	[5]
岑		dʑ	iŋ	[2]
琴		dʑ	iŋ	[2]
禽		dʑ	iŋ	[2]
擒		dʑ	iŋ	[2]
秦		dʑ	iŋ	[2]
陈		dʑ	iŋ	[2]
尘	2	dʑ	iŋ	[2]
勤		dʑ	iŋ	[2]
芹		dʑ	iŋ	[2]
澄	2（~清）	dʑ	iŋ	[2]
惩		dʑ	iŋ	[2]
橙		dʑ	iŋ	[2]
乘	2（~除）	dʑ	iŋ	[2]
承		dʑ	iŋ	[2]
丞		dʑ	iŋ	[2]
仍		dʑ	iŋ	[2]
情	2	dʑ	iŋ	[2]
晴		dʑ	iŋ	[2]
呈		dʑ	iŋ	[2]
程		dʑ	iŋ	[2]
成		dʑ	iŋ	[2]
诚		dʑ	iŋ	[2]
城		dʑ	iŋ	[2]
尽		dʑ	iŋ	[6]
仅		dʑ	iŋ	[6]
剩		dʑ	iŋ	[6]
竞		dʑ	iŋ	[6]
静		dʑ	iŋ	[6]
靖		dʑ	iŋ	[6]
净		dʑ	iŋ	[6]
郑		dʑ	iŋ	[6]
人	1	ȵ	iŋ	[2]
银	2	ȵ	iŋ	[2]
仁		ȵ	iŋ	[2]
凝		ȵ	iŋ	[2]
迎		ȵ	iŋ	[2]
宁		ȵ	iŋ	[2]
吟		ȵ	iŋ	[2]
认	1	ȵ	iŋ	[6]
心		ɕ	iŋ	[1]
些		ɕ	iŋ	[1]
辛		ɕ	iŋ	[1]
新		ɕ	iŋ	[1]
薪		ɕ	iŋ	[1]
忻		ɕ	iŋ	[1]
身	2	ɕ	iŋ	[1]
申		ɕ	iŋ	[1]
伸		ɕ	iŋ	[1]
娠		ɕ	iŋ	[1]
欣		ɕ	iŋ	[1]
升		ɕ	iŋ	[1]
兴	（~旺）	ɕ	iŋ	[1]
生	1（~熟）	ɕ	iŋ	[1]
牲	1	ɕ	iŋ	[1]
声		ɕ	iŋ	[1]
星		ɕ	iŋ	[1]
腥		ɕ	iŋ	[1]
馨		ɕ	iŋ	[1]
蝇	1（苍~）	ɕ	iŋ	[1]
沈		ɕ	iŋ	[3]
审		ɕ	iŋ	[3]
婶		ɕ	iŋ	[3]
醒		ɕ	iŋ	[3]
幸		ɕ	iŋ	[3]
信		ɕ	iŋ	[5]
讯		ɕ	iŋ	[5]
迅		ɕ	iŋ	[5]
兴	（高~）	ɕ	iŋ	[5]
胜		ɕ	iŋ	[5]
性		ɕ	iŋ	[5]
姓		ɕ	iŋ	[5]
圣		ɕ	iŋ	[5]
情	1（亲~:亲戚）	ɕ	iŋ	[0]
□	（些）	ɕ	iŋ	[0]
寻		ʑ	iŋ	[2]
闲		ʑ	iŋ	[2]
人	2	ʑ	iŋ	[2]
神	2	ʑ	iŋ	[2]
辰		ʑ	iŋ	[2]
晨		ʑ	iŋ	[2]
臣		ʑ	iŋ	[2]
乘	1（~凉）	ʑ	iŋ	[2]
绳		ʑ	iŋ	[2]
塍		ʑ	iŋ	[2]
行	（~为）	ʑ	iŋ	[2]
□	（老~农:老头儿）	ʑ	iŋ	[2]
任		ʑ	iŋ	[6]
认	3	ʑ	iŋ	[6]
甚		ʑ	iŋ	[6]
赁		ʑ	iŋ	[6]
纫		ʑ	iŋ	[6]
限	2	ʑ	iŋ	[6]
肾		ʑ	iŋ	[6]
慎		ʑ	iŋ	[6]
杏		ʑ	iŋ	[6]
盛	（~饭;兴~）	ʑ	iŋ	[6]
蕈		ʑ	iŋ	[6]
音	2（声~）	∅	iŋ	[1]
阴	2（问~差:问巫婆）	∅	iŋ	[1]
荫	2	∅	iŋ	[1]
因		∅	iŋ	[1]
姻		∅	iŋ	[1]
般		∅	iŋ	[1]
应	（~该）	∅	iŋ	[1]
鹰		∅	iŋ	[1]
蝇	2	∅	iŋ	[1]
英		∅	iŋ	[1]
莺		∅	iŋ	[1]
鹦		∅	iŋ	[1]
樱		∅	iŋ	[1]
缨		∅	iŋ	[1]
婴		∅	iŋ	[1]
赢		∅	iŋ	[2]
寅		∅	iŋ	[2]
盈		∅	iŋ	[2]
形		∅	iŋ	[2]
型		∅	iŋ	[2]
刑		∅	iŋ	[2]
陉		∅	iŋ	[2]
荧		∅	iŋ	[2]
营		∅	iŋ	[2]
饮		∅	iŋ	[3]
影	2	∅	iŋ	[3]
引		∅	iŋ	[3]
隐		∅	iŋ	[3]
尹		∅	iŋ	[3]
印		∅	iŋ	[5]
应	（答~）	∅	iŋ	[5]
淫		∅	iŋ	[6]
孕		∅	iŋ	[6]
均		tɕ	yŋ	[1]
钧		tɕ	yŋ	[1]
君		tɕ	yŋ	[1]
军		tɕ	yŋ	[1]
津		tɕ	yŋ	[1]
捲	1	tɕ	yŋ	[3]
准		tɕ	yŋ	[3]
□	（一~笔:一支笔）	tɕ	yŋ	[3]
俊		tɕ	yŋ	[5]
春		tɕh	yŋ	[1]
椿		tɕh	yŋ	[1]
穿	（洞,孔）	tɕh	yŋ	[1]
蠢		tɕh	yŋ	[3]
菌		tɕh	yŋ	[3]
倾		tɕh	yŋ	[3]
顷		tɕh	yŋ	[3]
苘		tɕh	yŋ	[3]
串		tɕh	yŋ	[5]
□	（灶~老佛:灶王爷）	tɕh	yŋ	[-44]
裙		dʑ	yŋ	[2]
琼		dʑ	yŋ	[2]
郡		dʑ	yŋ	[6]
熏		ɕ	yŋ	[1]
薰		ɕ	yŋ	[1]
勋		ɕ	yŋ	[1]
荀		ɕ	yŋ	[2]
殉		ɕ	yŋ	[3]
训		ɕ	yŋ	[3]
舜		ɕ	yŋ	[5]
船		ʑ	yŋ	[2]
旬		ʑ	yŋ	[2]
循		ʑ	yŋ	[2]
巡	（去一~:去一趟）	ʑ	yŋ	[2]
纯		ʑ	yŋ	[2]
醇		ʑ	yŋ	[2]
顺		ʑ	yŋ	[6]
闰		ʑ	yŋ	[6]
润		ʑ	yŋ	[6]
肫		∅	yŋ	[1]
雲		∅	yŋ	[2]
匀		∅	yŋ	[2]
䘼		∅	yŋ	[3]
允		∅	yŋ	[3]
永		∅	yŋ	[3]
泳		∅	yŋ	[3]
咏		∅	yŋ	[3]
熨		∅	yŋ	[5]
韵		∅	yŋ	[6]
运		∅	yŋ	[6]
晕		∅	yŋ	[6]
奔		p	oŋ	[1]
绊		p	oŋ	[5]
畈		p	oŋ	[5]
喷	1（~香，~嚏）	ph	oŋ	[5]
棚		b	oŋ	[2]
蓬		b	oŋ	[2]
篷		b	oŋ	[2]
笨	1	b	oŋ	[6]
蚌		b	oŋ	[6]
门		m	oŋ	[2]
梦		m	oŋ	[6]
蒙		m	oŋ	[6]
蠓		m	oŋ	[6]
懵		m	oŋ	[6]
丰		f	oŋ	[1]
风		f	oŋ	[1]
枫		f	oŋ	[1]
疯		f	oŋ	[1]
讽		f	oŋ	[1]
□	（校：原作⿰弗曾）（未）	f	oŋ	[5]
凤	（校：存疑，原列于2调后，或为连读调）	v	oŋ	[1]
冯		v	oŋ	[2]
丹		t	oŋ	[1]
端	1（~午）	t	oŋ	[1]
单	（简~）	t	oŋ	[1]
中	1（~央:中间）	t	oŋ	[1]
当	（~时,应~）	t	oŋ	[1]
当	（典~）	t	oŋ	[5]
中	（打~）	t	oŋ	[5]
滩	2（读字）	th	oŋ	[1]
汤		th	oŋ	[1]
毯		th	oŋ	[3]
坦	（平~）	th	oŋ	[3]
捅		th	oŋ	[3]
统		th	oŋ	[3]
摊	1（摆~）	th	oŋ	[3]
炭		th	oŋ	[5]
吧	（校：存疑）	th	oŋ	[5]
烫		th	oŋ	[5]
趟		th	oŋ	[5]
痛	1	th	oŋ	[5]
铳	1	th	oŋ	[5]
檀		d	oŋ	[1]
坛		d	oŋ	[1]
弹	（~琴）	d	oŋ	[1]
屯	1	d	oŋ	[1]
堂		d	oŋ	[1]
唐		d	oŋ	[1]
糖		d	oŋ	[1]
塘		d	oŋ	[1]
虫	1	d	oŋ	[1]
坦	（晒~:晒坪）	d	oŋ	[6]
洞		d	oŋ	[6]
断	（拗~:折断）	d	oŋ	[6]
难	（~□tshəʔ5;难看）	n	oŋ	[2]
瓤		n	oŋ	[2]
穰		n	oŋ	[2]
闹	1（~热:热闹）	n	oŋ	[6]
难	（灾~）	n	oŋ	[6]
弄	2（□nəŋ21~法:怎么办）	n	oŋ	[6]
□	（蚊子咬成的疙瘩）	n	oŋ	[6]
笼		l	oŋ	[2]
咙		l	oŋ	[2]
聋		l	oŋ	[2]
隆		l	oŋ	[2]
狼	1（单说）	l	oŋ	[2]
郎	1（~中:医生）	l	oŋ	[2]
栏	1（猪~:猪圈）	l	oŋ	[2]
琅	（~川:地名）	l	oŋ	[2]
拢		l	oŋ	[3]
浪	1	l	oŋ	[6]
弄	1（胡同）	l	oŋ	[6]
□	（～蛤蟆:蟾蜍）	l	oŋ	[6]
咙	（喉～）	l	oŋ	[0]
棕		ts	oŋ	[1]
综		ts	oŋ	[1]
踪		ts	oŋ	[1]
鬃		ts	oŋ	[1]
总		ts	oŋ	[3]
葬		ts	oŋ	[5]
粽	2	ts	oŋ	[5]
仓		tsh	oŋ	[1]
苍	2（~蝇）	tsh	oŋ	[1]
聪		tsh	oŋ	[1]
匆		tsh	oŋ	[1]
葱		tsh	oŋ	[1]
囱		tsh	oŋ	[1]
铳	2	tsh	oŋ	[5]
从		dz	oŋ	[2]
丛	2	dz	oŋ	[2]
诵		dz	oŋ	[6]
颂		dz	oŋ	[6]
讼		dz	oŋ	[6]
丧	1（报~）	s	oŋ	[1]
桑		s	oŋ	[1]
嵩		s	oŋ	[1]
松	（放~）	s	oŋ	[1]
散	（鞋带~了;分~）	s	oŋ	[3]
伞		s	oŋ	[3]
嗓		s	oŋ	[3]
磉		s	oŋ	[3]
搡		s	oŋ	[3]
算		s	oŋ	[5]
蒜		s	oŋ	[5]
送		s	oŋ	[5]
宋		s	oŋ	[5]
藏	（隐~）	z	oŋ	[2]
丛	1	z	oŋ	[2]
㞞	（精液）	z	oŋ	[2]
□	（~柿:漤柿子）	z	oŋ	[2]
藏	（西~）	z	oŋ	[6]
脏	（肝~）	z	oŋ	[6]
肝		k	oŋ	[1]
竿		k	oŋ	[1]
关	1（~起来）	k	oŋ	[1]
冈		k	oŋ	[1]
岗		k	oŋ	[1]
钢		k	oŋ	[1]
缸		k	oŋ	[1]
江	1	k	oŋ	[1]
豇		k	oŋ	[1]
扛	（抬）	k	oŋ	[1]
公		k	oŋ	[1]
蚣		k	oŋ	[1]
工		k	oŋ	[1]
功		k	oŋ	[1]
攻		k	oŋ	[1]
弓		k	oŋ	[1]
躬		k	oŋ	[1]
宫		k	oŋ	[1]
恭		k	oŋ	[1]
供	2	k	oŋ	[1]
讲	1	k	oŋ	[3]
拱		k	oŋ	[3]
巩		k	oŋ	[3]
㔶	（盖子）	k	oŋ	[3]
干	（事~:事情）	k	oŋ	[5]
钢	（动词,刀~一~）	k	oŋ	[5]
杠		k	oŋ	[5]
降	1（下~）	k	oŋ	[5]
虹	1	k	oŋ	[5]
供	（上~）	k	oŋ	[5]
□	（熏）	k	oŋ	[5]
糠	1	kh	oŋ	[1]
空	（天~）	kh	oŋ	[1]
孔		kh	oŋ	[3]
恐		kh	oŋ	[3]
囥	（藏,放）	kh	oŋ	[5]
控		kh	oŋ	[5]
空	（有~）	kh	oŋ	[5]
寒	1	g	oŋ	[2]
含	1	g	oŋ	[2]
汗		g	oŋ	[6]
汞		g	oŋ	[6]
共		g	oŋ	[6]
昂	1	ŋ	oŋ	[2]
轰		x	oŋ	[1]
哄		x	oŋ	[1]
烘		x	oŋ	[1]
园	1（菜~）	x	oŋ	[1]
□	（鸡~:公鸡）	x	oŋ	[1]
远	1	x	oŋ	[3]
很		x	oŋ	[3]
□	（擤）	x	oŋ	[3]
汉		x	oŋ	[5]
庵		∅	oŋ	[1]
鞍		∅	oŋ	[1]
翁		∅	oŋ	[1]
浑		∅	oŋ	[2]
宏		∅	oŋ	[2]
红		∅	oŋ	[2]
洪		∅	oŋ	[2]
虹	2（读字）	∅	oŋ	[2]
鸿		∅	oŋ	[2]
弘		∅	oŋ	[2]
□	（胖）	∅	oŋ	[2]
□	（~虫:蟑螂）	∅	oŋ	[2]
塕	（灰~:灰尘）	∅	oŋ	[3]
□	（抽脾~:发疟子）	∅	oŋ	[3]
暗		∅	oŋ	[5]
案		∅	oŋ	[5]
晏		∅	oŋ	[5]
瓮		∅	oŋ	[5]
筅		∅	oŋ	[6]
旱		∅	oŋ	[6]
岸		∅	oŋ	[6]
焊		∅	oŋ	[6]
桩		t	ioŋ	[1]
□	（简易的堤坝。开化人写作提土旁加“忠”）	t	ioŋ	[1]
龙		l	ioŋ	[2]
中	2（当~）	tɕ	ioŋ	[1]
忠		tɕ	ioŋ	[1]
终		tɕ	ioŋ	[1]
钟		tɕ	ioŋ	[1]
盅		tɕ	ioŋ	[1]
种	2（~类,芒~）	tɕ	ioŋ	[3]
众		tɕ	ioŋ	[3]
肿	2	tɕ	ioŋ	[3]
冢		tɕ	ioŋ	[3]
壮	1	tɕ	ioŋ	[5]
菖	1（~蒲）	tɕh	ioŋ	[1]
窗	1（单说）	tɕh	ioŋ	[1]
充		tɕh	ioŋ	[1]
冲		tɕh	ioŋ	[1]
舂	2	tɕh	ioŋ	[1]
宠		tɕh	ioŋ	[3]
铳	3	tɕh	ioŋ	[5]
虫	2	dʑ	ioŋ	[2]
穷		dʑ	ioŋ	[2]
重	（~复）	dʑ	ioŋ	[2]
场	1（~□uo0:地方）	dʑ	ioŋ	[2]
撞		dʑ	ioŋ	[6]
仲		dʑ	ioŋ	[6]
重	（轻~）	dʑ	ioŋ	[6]
浓		ȵ	ioŋ	[2]
让	1	ȵ	ioŋ	[6]
霜		ɕ	ioŋ	[1]
双	1	ɕ	ioŋ	[1]
兄	2	ɕ	ioŋ	[1]
胸		ɕ	ioŋ	[1]
凶		ɕ	ioŋ	[1]
爽	1	ɕ	ioŋ	[3]
戎		ʑ	ioŋ	[2]
绒		ʑ	ioŋ	[2]
熊		ʑ	ioŋ	[2]
雄		ʑ	ioŋ	[2]
融		ʑ	ioŋ	[2]
茸		ʑ	ioŋ	[2]
状	1	ʑ	ioŋ	[6]
痒	1	ʑ	ioŋ	[6]
舂	1（~米）	∅	ioŋ	[1]
雍		∅	ioŋ	[1]
荣		∅	ioŋ	[2]
容		∅	ioŋ	[2]
蓉		∅	ioŋ	[2]
熔		∅	ioŋ	[2]
庸		∅	ioŋ	[2]
肿	1	∅	ioŋ	[3]
种	1	∅	ioŋ	[3]
冗		∅	ioŋ	[3]
拥		∅	ioŋ	[3]
甬		∅	ioŋ	[3]
勇		∅	ioŋ	[3]
涌		∅	ioŋ	[3]
种	（~田）	∅	ioŋ	[5]
养		∅	ioŋ	[6]
用		∅	ioŋ	[6]
八		p	ʌʔ	[7]
钵		p	ʌʔ	[7]
拨		p	ʌʔ	[7]
笔	1	p	ʌʔ	[7]
不		p	ʌʔ	[7]
北		p	ʌʔ	[7]
百		p	ʌʔ	[7]
柏		p	ʌʔ	[7]
伯		p	ʌʔ	[7]
泼		ph	ʌʔ	[7]
泊	2	ph	ʌʔ	[7]
迫		ph	ʌʔ	[7]
拔		b	ʌʔ	[8]
勃		b	ʌʔ	[8]
白		b	ʌʔ	[8]
帛		b	ʌʔ	[8]
荸	（~荠）	b	ʌʔ	[8]
抹		m	ʌʔ	[8]
末		m	ʌʔ	[8]
沫		m	ʌʔ	[8]
袜		m	ʌʔ	[8]
没	2（沉~）	m	ʌʔ	[8]
墨	2	m	ʌʔ	[8]
默	2	m	ʌʔ	[8]
陌		m	ʌʔ	[8]
麦		m	ʌʔ	[8]
脉		m	ʌʔ	[8]
法		f	ʌʔ	[7]
发	（出~）	f	ʌʔ	[7]
发	（头~）	f	ʌʔ	[7]
□	（接~:接吻）	f	ʌʔ	[7]
乏		v	ʌʔ	[8]
伐		v	ʌʔ	[8]
筏		v	ʌʔ	[8]
罚		v	ʌʔ	[8]
物		v	ʌʔ	[8]
佛		v	ʌʔ	[8]
得	2（给;被）	t	ʌʔ	[7]
德		t	ʌʔ	[7]
答		t	ʌʔ	[7]
搭		t	ʌʔ	[7]
着	1（~衣裳）	t	ʌʔ	[7]
□	（□lɔʔ2~;在）	t	ʌʔ	[7]
着	2（助词,了）	t	ʌʔ	[0]
榻		th	ʌʔ	[7]
塌		th	ʌʔ	[7]
溻		th	ʌʔ	[7]
遢	（邋~）	th	ʌʔ	[7]
塔		th	ʌʔ	[7]
忒		th	ʌʔ	[7]
□	（搽,涂抹）	th	ʌʔ	[7]
沓		d	ʌʔ	[8]
踏		d	ʌʔ	[8]
达		d	ʌʔ	[8]
特		d	ʌʔ	[8]
着	1（补语）	d	ʌʔ	[8]
纳		n	ʌʔ	[8]
捺		n	ʌʔ	[8]
日		n	ʌʔ	[8]
诺		n	ʌʔ	[8]
□	（~□□khəʔ4tsã45:栗暴）	n	ʌʔ	[8]
腊		l	ʌʔ	[8]
蜡		l	ʌʔ	[8]
邋	（~遢）	l	ʌʔ	[8]
立		l	ʌʔ	[8]
笠		l	ʌʔ	[8]
粒		l	ʌʔ	[8]
辣		l	ʌʔ	[8]
瘌		l	ʌʔ	[8]
肋		l	ʌʔ	[8]
勒		l	ʌʔ	[8]
札		ts	ʌʔ	[7]
扎		ts	ʌʔ	[7]
则		ts	ʌʔ	[7]
窄		ts	ʌʔ	[7]
摘	2	ts	ʌʔ	[7]
贵		ts	ʌʔ	[7]
侧	1	ts	ʌʔ	[7]
插		tsh	ʌʔ	[7]
獭		tsh	ʌʔ	[7]
擦		tsh	ʌʔ	[7]
察		tsh	ʌʔ	[7]
猝	2	tsh	ʌʔ	[7]
测		tsh	ʌʔ	[7]
侧	2	tsh	ʌʔ	[7]
策		tsh	ʌʔ	[7]
册		tsh	ʌʔ	[7]
拆		tsh	ʌʔ	[7]
坼		tsh	ʌʔ	[7]
贼	2	dz	ʌʔ	[8]
泽		dz	ʌʔ	[8]
择	2	dz	ʌʔ	[8]
宅		dz	ʌʔ	[8]
杂		dz	ʌʔ	[8]
撒		s	ʌʔ	[7]
萨		s	ʌʔ	[7]
杀		s	ʌʔ	[7]
瑟		s	ʌʔ	[7]
虱		s	ʌʔ	[7]
塞		s	ʌʔ	[7]
色		s	ʌʔ	[7]
啬		s	ʌʔ	[7]
涩		s	ʌʔ	[7]
屑	（木~）	s	ʌʔ	[7]
闸		z	ʌʔ	[8]
煠	（用水煮）	z	ʌʔ	[8]
铡		z	ʌʔ	[8]
贼	1	z	ʌʔ	[8]
个	3（的）	k	ʌʔ	[7]
夹		k	ʌʔ	[7]
甲	1（指~）	k	ʌʔ	[7]
轧		k	ʌʔ	[7]
格		k	ʌʔ	[7]
革		k	ʌʔ	[7]
隔		k	ʌʔ	[7]
眨		k	ʌʔ	[7]
恰		kh	ʌʔ	[7]
掐		kh	ʌʔ	[7]
客		kh	ʌʔ	[7]
刻	（时~）	kh	ʌʔ	[7]
刻	（雕~）	kh	ʌʔ	[7]
克		kh	ʌʔ	[7]
磕		kh	ʌʔ	[7]
□	（塌,压）	kh	ʌʔ	[7]
挟	1	g	ʌʔ	[8]
扼		ŋ	ʌʔ	[7]
轭		ŋ	ʌʔ	[7]
额		ŋ	ʌʔ	[8]
□	（折断）	ŋ	ʌʔ	[8]
合	2（~适）	x	ʌʔ	[7]
喝		x	ʌʔ	[7]
核	3	x	ʌʔ	[7]
黑		x	ʌʔ	[7]
赫		x	ʌʔ	[7]
吓		x	ʌʔ	[7]
鸭	1	∅	ʌʔ	[7]
押	1	∅	ʌʔ	[7]
压	1	∅	ʌʔ	[7]
狭		∅	ʌʔ	[8]
匣	2	∅	ʌʔ	[8]
核	2（~桃）	∅	ʌʔ	[8]
获		∅	ʌʔ	[8]
鳖		p	iɛʔ	[7]
剥	1（~花生）	p	iɛʔ	[7]
别	（区～）	ph	iɛʔ	[7]
撇		ph	iɛʔ	[7]
擘		ph	iɛʔ	[7]
别	（特~）	b	iɛʔ	[8]
钹		b	iɛʔ	[8]
缚		b	iɛʔ	[8]
薄	1（形容词）	b	iɛʔ	[8]
灭		m	iɛʔ	[8]
篾		m	iɛʔ	[8]
跌		t	iɛʔ	[7]
帖		th	iɛʔ	[7]
贴		th	iɛʔ	[7]
铁		th	iɛʔ	[7]
叠		d	iɛʔ	[8]
碟		d	iɛʔ	[8]
牒		d	iɛʔ	[8]
蝶		d	iɛʔ	[8]
谍		d	iɛʔ	[8]
猎		l	iɛʔ	[8]
列		l	iɛʔ	[8]
烈		l	iɛʔ	[8]
劣		l	iɛʔ	[8]
律		l	iɛʔ	[8]
率	（效~）	l	iɛʔ	[8]
略		l	iɛʔ	[8]
掠		l	iɛʔ	[8]
裂		l	iɛʔ	[8]
甲	2（~乙丙丁）	tɕ	iɛʔ	[7]
胛		tɕ	iɛʔ	[7]
接		tɕ	iɛʔ	[7]
挟	2	tɕ	iɛʔ	[7]
哲		tɕ	iɛʔ	[7]
蜇		tɕ	iɛʔ	[7]
折	（曲~）	tɕ	iɛʔ	[7]
浙		tɕ	iɛʔ	[7]
揭		tɕ	iɛʔ	[7]
节		tɕ	iɛʔ	[7]
疖		tɕ	iɛʔ	[7]
结		tɕ	iɛʔ	[7]
洁		tɕ	iɛʔ	[7]
爵		tɕ	iɛʔ	[7]
酌		tɕ	iɛʔ	[7]
觉	（知~）	tɕ	iɛʔ	[7]
激		tɕ	iɛʔ	[7]
劫		tɕ	iɛʔ	[7]
妾		tɕh	iɛʔ	[7]
怯		tɕh	iɛʔ	[7]
彻		tɕh	iɛʔ	[7]
撤		tɕh	iɛʔ	[7]
辙		tɕh	iɛʔ	[7]
切		tɕh	iɛʔ	[7]
雀		tɕh	iɛʔ	[7]
鹊		tɕh	iɛʔ	[7]
却		tɕh	iɛʔ	[7]
叶	1（树~）	dʑ	iɛʔ	[8]
舌		dʑ	iɛʔ	[8]
石	1（~头）	dʑ	iɛʔ	[8]
杰		dʑ	iɛʔ	[8]
截		dʑ	iɛʔ	[8]
嚼	2	dʑ	iɛʔ	[8]
匿		ȵ	iɛʔ	[8]
虐		ȵ	iɛʔ	[8]
疟		ȵ	iɛʔ	[8]
弱		ȵ	iɛʔ	[8]
箬		ȵ	iɛʔ	[8]
孽		ȵ	iɛʔ	[8]
热		ȵ	iɛʔ	[8]
聂		ȵ	iɛʔ	[8]
蹑		ȵ	iɛʔ	[8]
镊		ȵ	iɛʔ	[8]
业		ȵ	iɛʔ	[8]
摄		ɕ	iɛʔ	[7]
胁		ɕ	iɛʔ	[7]
薛		ɕ	iɛʔ	[7]
泄		ɕ	iɛʔ	[7]
设		ɕ	iɛʔ	[7]
歇		ɕ	iɛʔ	[7]
蝎		ɕ	iɛʔ	[7]
屑	（弗~:不屑）	ɕ	iɛʔ	[7]
雪		ɕ	iɛʔ	[7]
削		ɕ	iɛʔ	[7]
峡		ʑ	iɛʔ	[8]
洽		ʑ	iɛʔ	[8]
捷		ʑ	iɛʔ	[8]
涉		ʑ	iɛʔ	[8]
协		ʑ	iɛʔ	[8]
折	（亏本）	ʑ	iɛʔ	[8]
嚼	1	ʑ	iɛʔ	[8]
勺		ʑ	iɛʔ	[8]
芍		ʑ	iɛʔ	[8]
若		ʑ	iɛʔ	[8]
鸭	2	∅	iɛʔ	[7]
押	2	∅	iɛʔ	[7]
压	2	∅	iɛʔ	[7]
靥		∅	iɛʔ	[7]
约		∅	iɛʔ	[7]
□	（~起来:捡起来,提起来）	∅	iɛʔ	[7]
药		∅	iɛʔ	[8]
钥		∅	iɛʔ	[8]
叶	2	∅	iɛʔ	[8]
页		∅	iɛʔ	[8]
食	1（吃）	∅	iɛʔ	[8]
突		d	uʌʔ	[8]
凸		d	uʌʔ	[8]
卒		ts	uʌʔ	[7]
猝	1	tsh	uʌʔ	[7]
鸽		k	uʌʔ	[7]
括		k	uʌʔ	[7]
聒		k	uʌʔ	[7]
刮		k	uʌʔ	[7]
骨		k	uʌʔ	[7]
郭		k	uʌʔ	[7]
廓		k	uʌʔ	[7]
国		k	uʌʔ	[7]
□	（~坼:裂缝）	k	uʌʔ	[7]
扩		kh	uʌʔ	[7]
阔		kh	uʌʔ	[7]
忽		x	uʌʔ	[7]
霍	（~闪:闪电）	x	uʌʔ	[7]
豁	1（~拳）	x	uʌʔ	[7]
匣	2	∅	uʌʔ	[8]
核	1	∅	uʌʔ	[8]
合	1（~意）	∅	uʌʔ	[8]
盒		∅	uʌʔ	[8]
活		∅	uʌʔ	[8]
滑		∅	uʌʔ	[8]
猾		∅	uʌʔ	[8]
获		∅	uʌʔ	[8]
或		∅	uʌʔ	[8]
劃		∅	uʌʔ	[8]
决		tɕ	yɛʔ	[7]
诀		tɕ	yɛʔ	[7]
厥		tɕ	yɛʔ	[7]
汁		tɕ	yɛʔ	[7]
□	（~头:手指头）	tɕ	yɛʔ	[7]
出	1	tɕh	yɛʔ	[7]
屈		tɕh	yɛʔ	[7]
倔		tɕh	yɛʔ	[7]
缺		tɕh	yɛʔ	[7]
侄		dʑ	yɛʔ	[8]
秩		dʑ	yɛʔ	[8]
橛		dʑ	yɛʔ	[8]
绝		dʑ	yɛʔ	[8]
捏		ȵ	yɛʔ	[8]
血		ɕ	yɛʔ	[7]
说		ɕ	yɛʔ	[7]
刷		ɕ	yɛʔ	[7]
蟀		ɕ	yɛʔ	[7]
膝		ɕ	yɛʔ	[7]
实	1（~在）	ʑ	yɛʔ	[8]
十		ʑ	yɛʔ	[8]
自	1（~家:自己）	ʑ	yɛʔ	[8]
镬		∅	yɛʔ	[8]
穴		∅	yɛʔ	[8]
月		∅	yɛʔ	[8]
越		∅	yɛʔ	[8]
曰		∅	yɛʔ	[8]
粤		∅	yɛʔ	[8]
悦		∅	yɛʔ	[8]
阅		∅	yɛʔ	[8]
博		p	ɔʔ	[7]
剥	2（~削）	p	ɔʔ	[7]
驳		p	ɔʔ	[7]
朴		ph	ɔʔ	[7]
扑	2	ph	ɔʔ	[7]
仆		ph	ɔʔ	[7]
醭		ph	ɔʔ	[7]
拍		ph	ɔʔ	[7]
□	（~□lɔʔ24":雹）	ph	ɔʔ	[7]
薄	2	b	ɔʔ	[8]
雹		b	ɔʔ	[8]
泊	1	b	ɔʔ	[8]
没	1（~要紧:不要紧）	m	ɔʔ	[8]
莫		m	ɔʔ	[8]
摸		m	ɔʔ	[8]
墨	1	m	ɔʔ	[8]
默	1	m	ɔʔ	[8]
膜		m	ɔʔ	[8]
寞		m	ɔʔ	[8]
托		th	ɔʔ	[7]
秃		th	ɔʔ	[7]
脱		th	ɔʔ	[7]
庹		th	ɔʔ	[7]
忒		th	ɔʔ	[7]
铎		d	ɔʔ	[8]
镀		d	ɔʔ	[8]
独		d	ɔʔ	[8]
读		d	ɔʔ	[8]
犊		d	ɔʔ	[8]
牍		d	ɔʔ	[8]
择	1（选择）	d	ɔʔ	[8]
落		l	ɔʔ	[8]
烙		l	ɔʔ	[8]
骆		l	ɔʔ	[8]
酪		l	ɔʔ	[8]
洛		l	ɔʔ	[8]
络		l	ɔʔ	[8]
乐	（欢~）	l	ɔʔ	[8]
乐	1（音~）	l	ɔʔ	[8]
□	（□phɔʔ4~:雹）	l	ɔʔ	[8]
□	（~□tʌʔ5:在）	l	ɔʔ	[8]
□	（□iɛʔ4~:收拾东西）	l	ɔʔ	[8]
作		ts	ɔʔ	[7]
昨		dz	ɔʔ	[8]
索		s	ɔʔ	[7]
凿		z	ɔʔ	[8]
柞		z	ɔʔ	[8]
割		k	ɔʔ	[7]
葛		k	ɔʔ	[7]
各		k	ɔʔ	[7]
阁		k	ɔʔ	[7]
搁		k	ɔʔ	[7]
胳		k	ɔʔ	[7]
角		k	ɔʔ	[7]
酷		k	ɔʔ	[7]
揢	（抓）	kh	ɔʔ	[7]
渴		kh	ɔʔ	[7]
确		kh	ɔʔ	[7]
壳		kh	ɔʔ	[7]
□	（敲击）	kh	ɔʔ	[7]
□	（~□mɔ0:如果）	kh	ɔʔ	[7]
瞎		x	ɔʔ	[7]
辖		x	ɔʔ	[7]
豁	2	x	ɔʔ	[7]
郝		x	ɔʔ	[7]
霍		x	ɔʔ	[7]
藿		x	ɔʔ	[7]
恶	（善~）	∅	ɔʔ	[7]
鹤		∅	ɔʔ	[8]
学	1	∅	ɔʔ	[8]
桌	1	t	iɔʔ	[7]
六	2	l	iɔʔ	[8]
绿		l	iɔʔ	[8]
乐	2（音～）	l	iɔʔ	[8]
桌	2	tɕ	iɔʔ	[7]
卓		tɕ	iɔʔ	[7]
琢		tɕ	iɔʔ	[7]
啄		tɕ	iɔʔ	[7]
涿		tɕ	iɔʔ	[7]
着	2	tɕ	iɔʔ	[7]
脚		tɕ	iɔʔ	[7]
戳		tɕh	iɔʔ	[7]
镯		dʑ	iɔʔ	[8]
浊		dʑ	iɔʔ	[8]
□	（淋）	dʑ	iɔʔ	[8]
朔		ɕ	iɔʔ	[7]
学	2	ʑ	iɔʔ	[8]
□	（~暝:昨天）	ʑ	iɔʔ	[8]
□	（砍）	∅	iɔʔ	[7]
乐	3（音～）	∅	iɔʔ	[8]
挖		∅	uɔʔ	[8]
局		dʑ	yɔʔ	[8]
狱		ȵ	yɔʔ	[8]
卜		p	əʔ	[7]
腹	1（～肚:肚子）	p	əʔ	[7]
扑	1	ph	əʔ	[7]
覆	1（趴）	ph	əʔ	[7]
木		m	əʔ	[8]
目		m	əʔ	[8]
穆		m	əʔ	[8]
牧		m	əʔ	[8]
□	（□khəʔ5~:大概）	m	əʔ	[0]
弗	（不）	f	əʔ	[7]
福		f	əʔ	[7]
幅		f	əʔ	[7]
幅		f	əʔ	[7]
复		f	əʔ	[7]
腹	2	f	əʔ	[7]
覆	2	f	əʔ	[7]
服		v	əʔ	[8]
伏		v	əʔ	[8]
笃		t	əʔ	[7]
督		t	əʔ	[7]
筑	1	t	əʔ	[7]
都	1（副词）	t	əʔ	[7]
□	（~头:叩头）	t	əʔ	[7]
夺		d	əʔ	[8]
毒		d	əʔ	[8]
栗		l	əʔ	[8]
鹿		l	əʔ	[8]
禄		l	əʔ	[8]
六	1	l	əʔ	[8]
陆		l	əʔ	[8]
录		l	əʔ	[8]
只	2（副词）	ts	əʔ	[7]
足		ts	əʔ	[7]
促		tsh	əʔ	[7]
撮		tsh	əʔ	[7]
□	（看）	tsh	əʔ	[7]
族		dz	əʔ	[8]
俗		dz	əʔ	[8]
续		dz	əʔ	[8]
速		s	əʔ	[7]
肃		s	əʔ	[7]
宿		s	əʔ	[7]
缩		s	əʔ	[7]
粟		s	əʔ	[7]
束		s	əʔ	[7]
穀		k	əʔ	[7]
□	（~有:还有）	k	əʔ	[7]
哭		kh	əʔ	[7]
麯	1	kh	əʔ	[7]
□	（~萁:蕨）	kh	əʔ	[7]
□	（~狲:猴子）	kh	əʔ	[7]
□	（~臀:屁股）	kh	əʔ	[7]
□	（~□khã45:刚）	kh	əʔ	[7]
□	（~□məʔ0:大概）	kh	əʔ	[7]
□	（□nʌʔ2~□tsã45:栗暴）	kh	əʔ	[7]
沃		∅	əʔ	[7]
握		∅	əʔ	[7]
屋		∅	əʔ	[7]
笔	2	p	ieʔ	[7]
毕		p	ieʔ	[7]
必		p	ieʔ	[7]
逼		p	ieʔ	[7]
壁		p	ieʔ	[7]
碧		p	ieʔ	[7]
壁		p	ieʔ	[7]
匹		ph	ieʔ	[7]
𡛘	（女阴）	ph	ieʔ	[7]
辟		ph	ieʔ	[7]
僻		ph	ieʔ	[7]
劈		ph	ieʔ	[7]
弼		b	ieʔ	[8]
鼻	2（～头）	b	ieʔ	[8]
密		m	ieʔ	[8]
蜜		m	ieʔ	[8]
觅		m	ieʔ	[8]
的	（目~）	t	ieʔ	[7]
得	1（识~:知道）	t	ieʔ	[7]
滴		t	ieʔ	[7]
嫡		t	ieʔ	[7]
摘	1（用指甲掐）	t	ieʔ	[7]
□	（~□gɔ212:为什么）	t	ieʔ	[7]
踢		th	ieʔ	[7]
剔		th	ieʔ	[7]
笛		d	ieʔ	[8]
敌		d	ieʔ	[8]
狄		d	ieʔ	[8]
历	（~史）	l	ieʔ	[8]
曆		l	ieʔ	[8]
力		l	ieʔ	[8]
执		tɕ	ieʔ	[7]
急		tɕ	ieʔ	[7]
级		tɕ	ieʔ	[7]
给	（供~制）	tɕ	ieʔ	[7]
质		tɕ	ieʔ	[7]
吉		tɕ	ieʔ	[7]
即		tɕ	ieʔ	[7]
鲫		tɕ	ieʔ	[7]
织		tɕ	ieʔ	[7]
职		tɕ	ieʔ	[7]
戟		tɕ	ieʔ	[7]
积		tɕ	ieʔ	[7]
迹		tɕ	ieʔ	[7]
脊		tɕ	ieʔ	[7]
隻		tɕ	ieʔ	[7]
炙		tɕ	ieʔ	[7]
绩		tɕ	ieʔ	[7]
击		tɕ	ieʔ	[7]
泣		tɕh	ieʔ	[7]
七		tɕh	ieʔ	[7]
漆		tɕh	ieʔ	[7]
讫		tɕh	ieʔ	[7]
乞		tɕh	ieʔ	[7]
赤		tɕh	ieʔ	[7]
尺		tɕh	ieʔ	[7]
斥		tɕh	ieʔ	[7]
戚		tɕh	ieʔ	[7]
吃		tɕh	ieʔ	[7]
是	1	dʑ	ieʔ	[8]
蛰		dʑ	ieʔ	[8]
及	（~格,来得~）	dʑ	ieʔ	[8]
疾		dʑ	ieʔ	[8]
辑		dʑ	ieʔ	[8]
缉		dʑ	ieʔ	[8]
直		dʑ	ieʔ	[8]
值		dʑ	ieʔ	[8]
殖		dʑ	ieʔ	[8]
植		dʑ	ieʔ	[8]
极		dʑ	ieʔ	[8]
剧		dʑ	ieʔ	[8]
寂		dʑ	ieʔ	[8]
逆		ȵ	ieʔ	[8]
溺		ȵ	ieʔ	[8]
湿		ɕ	ieʔ	[7]
吸		ɕ	ieʔ	[7]
失		ɕ	ieʔ	[7]
室		ɕ	ieʔ	[7]
息		ɕ	ieʔ	[7]
熄		ɕ	ieʔ	[7]
媳		ɕ	ieʔ	[7]
饬		ɕ	ieʔ	[7]
识		ɕ	ieʔ	[7]
式		ɕ	ieʔ	[7]
饰		ɕ	ieʔ	[7]
昔		ɕ	ieʔ	[7]
惜		ɕ	ieʔ	[7]
适		ɕ	ieʔ	[7]
释		ɕ	ieʔ	[7]
锡		ɕ	ieʔ	[7]
析		ɕ	ieʔ	[7]
悉		ɕ	ieʔ	[7]
集		ʑ	ieʔ	[8]
习		ʑ	ieʔ	[8]
袭		ʑ	ieʔ	[8]
拾	（大写的十）	ʑ	ieʔ	[8]
入	2	ʑ	ieʔ	[8]
实	2（事~）	ʑ	ieʔ	[8]
食	2（粮~）	ʑ	ieʔ	[8]
蚀		ʑ	ieʔ	[8]
籍		ʑ	ieʔ	[8]
藉		ʑ	ieʔ	[8]
席		ʑ	ieʔ	[8]
夕		ʑ	ieʔ	[8]
石	2	ʑ	ieʔ	[8]
乙		∅	ieʔ	[7]
一		∅	ieʔ	[7]
抑		∅	ieʔ	[7]
益		∅	ieʔ	[7]
揖		∅	ieʔ	[7]
逸		∅	ieʔ	[8]
翼		∅	ieʔ	[8]
亦		∅	ieʔ	[8]
译		∅	ieʔ	[8]
易	（交~）	∅	ieʔ	[8]
液		∅	ieʔ	[8]
腋		∅	ieʔ	[8]
□	（折叠）	∅	ieʔ	[8]
橘		tɕ	yeʔ	[7]
□	（吮吸）	tɕ	yeʔ	[7]
出	2	tɕh	yeʔ	[7]
曲	（～折）	tɕh	yeʔ	[7]
术	（白~）	dʑ	yeʔ	[8]
戌		ɕ	yeʔ	[7]
恤		ɕ	yeʔ	[7]
什		ʑ	yeʔ	[8]
术	（技~）	ʑ	yeʔ	[8]
述		ʑ	yeʔ	[8]
秫		ʑ	yeʔ	[8]
入	1（~尔娘:骂人话）	ʑ	yeʔ	[8]
域		∅	yeʔ	[8]
役		∅	yeʔ	[8]
竹	1	t	yoʔ	[7]
竹	2	tɕ	yoʔ	[7]
筑	2	tɕ	yoʔ	[7]
祝		tɕ	yoʔ	[7]
粥		tɕ	yoʔ	[7]
菊		tɕ	yoʔ	[7]
掬		tɕ	yoʔ	[7]
烛		tɕ	yoʔ	[7]
嘱		tɕ	yoʔ	[7]
拙		tɕh	yoʔ	[7]
畜	（~牲）	tɕh	yoʔ	[7]
畜	（~牧）	tɕh	yoʔ	[7]
麴	2	tɕh	yoʔ	[7]
触		tɕh	yoʔ	[7]
曲	（歌~）	tɕh	yoʔ	[7]
逐		dʑ	yoʔ	[8]
轴		dʑ	yoʔ	[8]
赎		dʑ	yoʔ	[8]
蜀		dʑ	yoʔ	[8]
肉	1	ȵ	yoʔ	[8]
褥	1	ȵ	yoʔ	[8]
玉		ȵ	yoʔ	[8]
□	（~下:现在）	ȵ	yoʔ	[8]
叔		ɕ	yoʔ	[7]
淑		ɕ	yoʔ	[7]
蓄		ɕ	yoʔ	[7]
熟	（煮~,~悉）	ʑ	yoʔ	[8]
肉	2	ʑ	yoʔ	[8]
属		ʑ	yoʔ	[8]
辱		ʑ	yoʔ	[8]
褥	2	ʑ	yoʔ	[8]
育		∅	yoʔ	[8]
郁		∅	yoʔ	[8]
欲		∅	yoʔ	[8]
浴		∅	yoʔ	[8]
无	1（动词,没有）	∅	m̩	[3]
母		∅	m̩	[3]
疑	1（怀~）	∅	n̩	[2]
倪		∅	n̩	[2]
尼	1（~姑）	∅	n̩	[2]
儿	2	∅	n̩	[3]
尔	1（你;这）	∅	n̩	[6]
二	1	∅	n̩	[6]
耳	1	∅	n̩	[6]
艺	1	∅	n̩	[6]
拟	1	∅	n̩	[6]
议	1	∅	n̩	[6]
认	2（～真）	∅	n̩	[6]
