pɑ	1	巴[稀泥～]芭疤粑
pɑ	2	爬琶[琵～]杷[枇～]耙[～田]欛[刀～；手～子(胳膊)]壩-[修～]
pɑ	3	把[掃～；一～；～我(給我)]㞎[～～(多指小孩的糞便)]
pɑ	7	霸壩=[攔河～]爸罷八巴[尾～]
pɑ	6	稗[～子]敗-[(1)]
pʰɑ	2	怕-
pʰɑ	7	怕=[恐～]帕拔鈸拍
mɑ	1	媽[～～]□[偷]
mɑ	2	麻痳蟆[～公(青蛙)]
mɑ	3	馬碼
mɑ	7	罵=抹麥-[蕎(連讀音「強」)～]
mɑ	6	罵-[～人]
fɑ	1	花
fɑ	2	化-[～字爐(本縣地名)]
fɑ	3	否阜[曲～]
fɑ	7	化=[文～]法髮發伐筏罰
tɑ	1	遮-[(1)～瞞(包庇)；～攔(遮蓋)]
tɑ	3	打
tɑ	7	大=[～家]搭答達隻-[一～字(一個字)]
tɑ	6	大-[(2)]
tʰɑ	1	他=車-[(1)風～；～水；～穀(用風車除掉穀中雜質)]
tʰɑ	3	扯-[(1)～閃子(打閃)]
tʰɑ	7	踏搨塔榻塌䍇[罈子]獺尺-[一～布]赤-[打～脯(赤膊)]
lɑ	1	挪-拿拉=[～攏；～練]
lɑ	2	爬[(存疑)～起走(爬着走)]
lɑ	3	哪[～個(誰)]
lɑ	7	那納捺[撇～]拉-臘蠟辣
tsɑ	1	渣喳[唸唧～；～～喳喳]遮-[(2)]抓-[～草]
tsɑ	2	榨-[～油；油～(油坊)]炸[打～雷；～喉嚨(大嗓門)；用油～]煠[用油～]
tsɑ	3	鮓[～埠(本縣地名)]
tsɑ	7	榨=[～菜]詐雜劄[用針～]眨[～瞌孔(打瞌睡)]閘札扎鍘[～刀]啄-[雞～米；～木官(啄木鳥)]摘-[～下來]
tsʰɑ	1	差[～別]叉-[魚～]杈[椏～]
tsʰɑ	2	岔[～路子]叉=[打～(打叉形符號「×」)]
tsʰɑ	7	插擦察㿭[龜～(龜裂)]剎[～那]
sɑ	1	沙紗㸺[黃～(未下牛犢的黃牛)]賒-[～賬]杉[～樹]
sɑ	2	赦-[～罪]
sɑ	3	廈[偏～子]捨-[～得]傻耍[～去(玩去)]
sɑ	7	薩[菩～]殺煞[～黑唧(黃昏)；～車(也寫作剎車)]剎[～車]刷石-[～灰]歃[～血為盟]
zɑ	2	茶搽[～藥]查[調～]蛇-
zɑ	7	乍驟-[步～]
zɑ	6	社-[(1)春～]射-麝[～香]
kɑ	1	家-[搬～；～機布(土布)]枷[肩～(刑具)]
kɑ	2	架-[(1)搭～；繃～子(繡花規)]嫁-[～人]解[何～的(爲什麼)]
kɑ	3	□[～～(豬肉，兒童語)]假-
kɑ	7	架-[(2)饞～子(圍嘴)]蟹-[螃～]蛤[癩～蝦蟆(癩蛤蟆)]夾[～菜]裌-[～衣]甲-[手指～]
kʰɑ	1	拤[～頸骨(卡脖子)]
kʰɑ	2	胯[～裏(胯下)]
kʰɑ	3	卡[～子(山坡路口)；魚～子(用竹枝做的魚鉤)]
kʰɑ	7	掐
ŋɑ	1	椏[～杈]
ŋɑ	2	牙-[～刷子；打～尖(加餐喫好的)]芽-伢[～唧(小孩子)]
ŋɑ	3	啞[～巴]
ŋɑ	7	嚙[俗作咬]咬[(訓讀)本字嚙]軋[～花機]額-[～頭]
ŋɑ	6	砑[胡椒～子(研胡椒的用具)]
xɑ	1	他-哈[打～～(形容笑出聲來)]𨉣[～腰]
xɑ	2	還-[(1)～要；～有]
xɑ	3	哈[～子(常癡笑的精神病者)]
xɑ	7	嚇-[～一跳]瞎-[～子]
ɑ	1	阿=[～姨]
ɑ	2	蝦[～(連讀音「寒」)蟆子(一種癩蛤蟆)]
ɑ	6	下-[(1)～邊；底～；～山]夏-[姓氏]
piɑ	7	壁-[墻～]
pʰiɑ	3	□[～子(斜眼者)]
pʰiɑ	7	劈-[～柴；～開]
tiɑ	1	爹-[～～(祖父)]
tiɑ	2	提-[～水]
tiɑ	7	滴-[～水]
tʰiɑ	7	踢-[～一腳]締[(訓讀)拴：～頸鬼(吊死鬼)]
liɑ	1	□[～聲～氣(形容撒嬌的言語動作)]
liɑ	3	□[～舌子(伸舌頭)]
liɑ	7	累[(訓讀)～人]裂[皮～骨脫(也形容食物如豬蹄煮得爛)]栗-[～樹；～山河(本縣地名)]□[～殼(遊手好閑喫喝嫖賭者)]
tsiɑ	2	借-[～錢]
tsiɑ	3	姐-[～夫]
tsiɑ	7	脊-[屋～]□[～淡的(形容食物味淡)]
tsʰiɑ	1	□[做～～(藏老蒙)]
tsʰiɑ	7	刺[～嘴巴(用針扎嘴，多用來告誡小孩不要罵人)]
siɑ	1	些
siɑ	2	瀉-[～肚子]
siɑ	3	寫-[～信]
siɑ	7	錫-
ziɑ	2	邪斜
ziɑ	6	謝-[姓氏]
tɕiɑ	1	家=[冤～]傢[～具]加嘉佳
tɕiɑ	2	架-[(3)打～]價-[～錢]霞瑕遐
tɕiɑ	3	假[放～；(文)真～]賈[姓氏]
tɕiɑ	7	架=駕嫁=稼價=廈-[～門；大～]夏-[(2)春～]裌=甲=[～乙丙丁]澀[(存疑)]□[～舌頭(大舌頭)]
tɕiɑ	6	下-[(2)底～]夏-[(1)～至]
tɕʰiɑ	7	恰[～巧]洽喫-[～飯]
ȵiɑ	2	黏-[～起來]
ȵiɑ	3	惹-[莫～他]
ȵiɑ	7	入-[～孃(罵人爹娘)]
ɕiɑ	1	蝦[魚～]□[壓迫：以強～弱]
ɕiɑ	7	嚇=[～一跳]下=[床～；～山]夏=[～禹；季節]廈=[～門]狹峽匣[～子]瞎=轄
ɕiɑ	6	下-[(2)～山]
iɑ	1	鴉丫
iɑ	2	牙=[爪～]芽=衙爺-[～～(父親)]涯[天～]
iɑ	3	雅也-[～是]野-[～物(野生動物)；～堂客(姘婦)]
iɑ	7	亞押壓
iɑ	6	夜-[(1)～壺]
kuɑ	1	瓜呱[～～叫(稱讚極好)]
kuɑ	2	掛-[～念]卦褂-[～子]
kuɑ	3	寡剮
kuɑ	7	掛=褂=括[包～]刮[～閃子(打閃)；～火柴]
kʰuɑ	1	誇[～獎]
kʰuɑ	3	垮
uɑ	1	蝸[～牛]蛙窪挖=[～苦；～空心思]
uɑ	2	華[中～；(文)姓氏]鏵嘩[喧～]樺划[～子(小木船)]
uɑ	3	瓦
uɑ	7	華[～山；(白)姓氏]滑猾[狡～]挖-[～土]襪[～子]劃[計～]軛[牛～子]
uɑ	6	畫話
tɕyɑ	1	抓=[～一把]
tɕyɑ	2	茄[～子]瘸[～手]
tɕyɑ	6	□[～拃]跨[(存疑)大步跨過障礙物]
ɕyɑ	1	靴
ɕyɑ	2	甩[～遠遠(小孩遊戲)]
pɔ	1	褒包胞[同～]
pɔ	2	袍咆[～哮]刨爆-[～竹]浮[～眼珠(鼓眼泡)]
pɔ	3	寶保堡葆鴇飽
pɔ	7	報暴豹爆=[～炸]凸[(訓讀)～弓上]
pɔ	6	抱菢[～雞(孵小雞)]齙
pʰɔ	1	拋
pʰɔ	2	炮-[大～]泡[魚～(魚鰾)]
pʰɔ	3	跑
pʰɔ	7	炮=雹[冰～]
mɔ	1	貓-毛-[～熱子水(溫水)]
mɔ	2	貓=[～虎頭(貓頭鷹)]毛=茅錨謀矛
mɔ	3	卯鉚[～釘]某畝牡蜢[(訓讀)蚱～子]
mɔ	7	冒[～出來；～險]帽=眊[～子(眼睛)]貌茂貿懋
mɔ	6	帽-冇[沒有]
tɔ	1	刀朝[今～(今天)]昭招[～郎(招女婿)]
tɔ	2	桃逃淘陶綯[牛～(牽牛繩)]萄[葡～]濤倒[～的(對順的而言)]照-[～鏡子]頭-[～屋(正廳)]鬥-[～一個欛]
tɔ	3	禱島倒[打～；～水]斗抖陡
tɔ	7	到道=[～理]稻=[水～]盜=導=[教～]照=[對～]鬥=[～爭]豆=[大～(黃豆)]
tɔ	6	道-[～士]稻-[～穀]盜-[強～]導-[告～(教訓)]豆-[～豉]痘[種牛～；水～子(水痘)]
tʰɔ	1	滔超偷
tʰɔ	2	套-[～間]
tʰɔ	3	討
tʰɔ	7	套=[手～]透
lɔ	1	□[～輕的(形容東西輕)]
lɔ	2	勞撈牢
lɔ	3	腦惱老[～倌唧(尊稱老頭)]澇[～水沖(石井頭鄉地名)]
lɔ	7	鬧=陋
lɔ	6	鬧-[熱～]漏
tsɔ	1	遭糟鄒
tsɔ	2	竈-[～屋(廚房)]罩-[～子]
tsɔ	3	早棗蚤澡爪找走-[(1)]
tsɔ	7	竈=罩=[口～]奏
tsʰɔ	1	操抄鈔[～票]𤰬[～田(犁地)]□[鐃鏺]
tsʰɔ	2	糙[～米；～子子(痱子)]湊
tsʰɔ	3	草炒吵
tsʰɔ	7	造=[製～]躁
sɔ	1	騷臊[～氣]梢艄[～公；～婆]燒搜颼餿蒐[～集]
sɔ	2	掃-[～把；～把星(掃帚星)]潲[～水(泔水)]韶=[～關；～山]瘦-
sɔ	3	嫂稍少[多～]叟
sɔ	7	掃=少[～年]紹邵瘦=
zɔ	2	曹槽撓=[百折不～]巢朝[～代]潮韶-[～關；～山]饒
zɔ	3	擾繞
zɔ	7	趙=兆=召[號～]
zɔ	6	皂[肥～]造-趙-兆-[～頭(預兆)]
kɔ	1	高膏篙羔糕膠-[～水]勾鉤溝
kɔ	2	告-[～導]教-[～花子(乞丐)]窖[紅薯～]覺-[睏～(睡覺)]
kɔ	3	稿搞攪-狗苟[～且偷安]
kɔ	7	告=[～訴]覺=[(1)睏～]夠構購媾
kʰɔ	1	敲-
kʰɔ	2	靠-[～得住]釦-[～子]筘
kʰɔ	3	考烤口
kʰɔ	7	靠=叩[～首]釦=扣寇
ŋɔ	1	熬[～肉]□[～起(仰起頭)]歐甌毆
ŋɔ	2	熬[～夜]坳-[窩～(山坳)]
ŋɔ	3	襖藕偶嘔[～吐]
ŋɔ	7	傲奧懊坳=[多用於地名]漚[～糞]慪[～氣]
xɔ	1	蒿薅[～禾(除田草)]齁[～氣(臨終前喘息)]
xɔ	2	好-[～喫懶做]孝-[(1)～衣]
xɔ	3	好[～壞]
xɔ	7	好=[愛～]耗候阜
ɔ	2	豪壕毫號[～叫]侯喉猴[～子]
ɔ	7	浩號=[～召]後=厚=后[皇～]
ɔ	6	號-[～數；～召]後-厚-
piɔ	1	膘標彪
piɔ	2	瓢嫖
piɔ	3	表
pʰiɔ	1	飄
pʰiɔ	2	票-[戲～]朴[姓氏]
pʰiɔ	3	漂剽[～學(指沒有專門從師學習)]
pʰiɔ	7	票=漂[～亮]
miɔ	1	貓
miɔ	2	苗描瞄
miɔ	3	藐渺秒
miɔ	7	妙謬[～論]
miɔ	6	廟
tiɔ	1	刁貂雕[～刻]凋[～謝]
tiɔ	2	條調[～羹]迢[千里～～]
tiɔ	3	鳥-
tiɔ	7	釣吊掉=調[音～]
tiɔ	6	掉-[～腦殼(搖頭)]
tʰiɔ	1	挑
tʰiɔ	2	跳-[嚇一～]糶[～米(賣米，當地常把「糴米」也說成「糶米」，因避諱「糴」這個字眼)]
tʰiɔ	3	斢[～換(調換)]
tʰiɔ	7	跳=
liɔ	2	燎療聊遼撩寥繚
liɔ	3	了
liɔ	7	料=廖[姓氏]
liɔ	6	料-[棺材；材～]
tsiɔ	1	焦蕉[芭～]椒
tsiɔ	2	樵[～夫]
tsiɔ	3	剿走-[(2)慢～]
tsiɔ	7	□[貧窮]
tsʰiɔ	1	鍬繰
tsʰiɔ	2	俏-[暢銷]
tsʰiɔ	3	悄
tsʰiɔ	7	俏=[～貨(缺貨)]
siɔ	1	消宵霄硝銷蕭簫
siɔ	2	笑-
siɔ	3	小[～衣(褲子的統稱)]
siɔ	7	笑=[～話；哈哈～]肖[不～(不像)]鞘[刀～]
tɕiɔ	1	交郊膠=驕嬌
tɕiɔ	2	餚淆喬僑橋蕎叫-[～驢子]
tɕiɔ	3	絞狡攪=矯[～正]繳
tɕiɔ	7	教=[～育]校[～對；(白)～長]較覺=[(2)]效-叫=
tɕiɔ	6	轎藠[～子(藠頭)]
tɕʰiɔ	1	敲=
tɕʰiɔ	3	巧
tɕʰiɔ	7	竅
ȵiɔ	2	撓-[百折不～]橈[～片(划船的漿)]堯
ȵiɔ	3	鳥=[～字旁]
ȵiɔ	6	尿
ɕiɔ	1	囂僥[～倖]
ɕiɔ	2	孝-[(2)～服]
ɕiɔ	3	曉
ɕiɔ	7	酵孝=[帶～]哮[～喘]效=校=[學～]
iɔ	1	妖夭[逃之～～]邀腰要[～求]幺[～二三]
iɔ	2	搖謠窯姚要-[你～不～]鷂
iɔ	3	齩[新讀音]夭[～喪(夭折)]舀[～水]杳[～無音信]
iɔ	7	要=[緊～(要緊)]耀
po	1	波菠玻[～璃]
po	2	婆
po	7	撥博泊剝駁啵[象聲字，打～(親嘴)]
po	6	薄[～荷]
pʰo	1	坡
pʰo	2	破-
pʰo	3	頗跛剖
pʰo	7	破=[～壞]樸[厚～]
mo	1	摸[～相(腦子看相)]
mo	2	魔磨[～刀]蘑[～菇]摩饃模膜
mo	3	母拇麼[～子(什麼)]
mo	7	暮慕募墓=末沫莫幕寞漠陌[～生]木目穆牧
mo	6	磨[～子]墓-[墳～]
to	1	多哆[～囉囉(打寒噤)]
to	2	駝坨[油～(麻球)；落雪～(下雹子)]剁
to	3	朵躲
to	7	惰奪着-[穿衣]酌
to	6	舵大-[(1)俗作媠，～孃(姑母、姨母，專指父母之姐)]媠[本字大。～孃(姑母、姨母，專指父母之姐)]
tʰo	1	拖
tʰo	3	妥橢[～圓]唾
tʰo	7	託托鐸勺
lo	1	囉[～嗦]
lo	2	挪=羅鑼籮騾螺腡[～子(手指文)]嚧[呼豬聲]
lo	3	暖卵=[鵝～石]
lo	7	落烙駱酪洛絡樂[快～]
lo	6	糯
tso	3	左
tso	7	佐作[工～]着[睡～；=穿～]桌[月～(圓桌)]卓琢=啄=[～木鳥]涿[～縣]捉[～摸子(捉迷藏)]
tsʰo	1	搓
tsʰo	2	銼錯-[做～事]
tsʰo	3	挫[～折]
tsʰo	7	措錯[交錯；=～誤]鑿柞[油～樹]戳濁鐲-[～子]
so	1	蓑[～衣]梭唆[～使]
so	3	鎖瑣所
so	7	素塑率[～領]蟀[蟋～(書面語)]索爍[閃～]鑠芍[～藥]朔碩□[騙]
zo	2	昨[～日]
zo	7	諾[～言]若
zo	6	坐座
ko	1	歌哥過[姓氏]鍋戈
ko	2	個-[一～客]箇[～陣唧(這會兒)]
ko	3	果裹
ko	7	個=過=[前～日(前天)；赦～你(饒了你)]鴿葛各閣擱郭廓角-[牛～；豆～子(豇豆)]
kʰo	1	苛科窠[鳥～]
kʰo	2	課-[納～(交租金，舊詞)]
kʰo	3	可顆[一～心]棵[一～樹]
kʰo	7	課=磕渴闊=[～老]擴[～充]確-[正～]殼[腦～(腦袋)；蔥腦～(蔥白)]
ŋo	2	蛾鵝俄硪[打～(打夯)]
ŋo	3	我
ŋo	7	餓=臥鄂萼噩鱷[～魚]
ŋo	6	餓-
xo	2	貨
xo	3	火伙[打平～(均攤出錢聚餐)]夥
xo	7	喝合盒豁鶴霍藿[～香]縛或惑獲
o	1	阿-屙[～屎；～尿]倭窩萵[～筍]
o	2	河何荷[～花]和=[～平]
o	7	惡[善～]和=[～詩]𤌍[～人(開水或火焰燙人)]□[～陣唧(那會兒)]
o	6	賀禍和-[～詩]
lio	7	略掠
tsio	7	爵嚼□[～人子(窮人)]
tsʰio	7	雀[麻～]鵲[喜～]鰍[(訓讀)泥～]
sio	7	削
tɕio	7	腳覺[知～]角=[一～錢]钁
tɕʰio	7	卻確=[正～]
ȵio	7	弱虐瘧[～疾]
ɕio	7	學
io	7	約藥鑰[～匙]獄岳嶽樂[音～]
pie	1	鞭[～子(成串的小炮仗)]邊
pie	2	便[～宜]變-[～化]
pie	3	貶扁匾蝙[～蝠(書面語)]
pie	7	變=卞[姓氏]汴
pie	6	辨辯便[方～]辮[～子]
pʰie	1	篇偏編
pʰie	2	騙-[～子]
pʰie	3	片-[橈～]
pʰie	7	騙=[欺～]片=[～字旁]遍[～地]別[區～；離～]撇[～捺；～開]
mie	2	綿棉眠咩[羊～～(小羊，指羊叫說「～～」)]
mie	3	免勉娩[分～]緬[～懷]澠[～池(河南縣名)]
mie	7	面=[～子(臉面)]滅=[～火機]篾[竹～]□[～啊嗚(貓叫聲，也指貓)]
mie	6	面-[～唧(物體的表面)]麪[免碼～(清湯麪)]
tie	1	爹=[～～(父親)]顛癲[～子(瘋子)]
tie	2	甜田填
tie	3	點典
tie	7	店=[商～]電奠=[吊～(祭奠)]殿=淀澱跌疊迭
tie	6	簟[～子(竹蓆)]墊奠-[～酒]殿-[監察～(本縣地名)]佃[～戶]店-[落～(住旅店)]
tʰie	1	添天
tʰie	3	舔忝
tʰie	7	帖貼碟牒蝶[蝴～]諜鐵
lie	1	□[～毛子(鬈髮)]□[～起(縮着脖子)]
lie	2	廉鐮簾連聯憐蓮□[把衣料縫上]
lie	3	斂臉
lie	7	例獵列烈裂殮煉[鍛～]戀劣
lie	6	練鏈[～子；鎖～]
tsie	1	尖煎
tsie	2	借=[(1)]箭-[～鼓牌(商標)]牮[斜着支撐，側身靠着旁人]□[～嚧嚧(呼豬，也指小豬)]
tsie	3	姐=子-[俗作唧。草狗～(小母狗)，「子」專用作名詞後綴，變讀31低降調)]唧[本字子。草狗～(小母狗)，「唧」專用作名詞後綴，變讀31低降調)]剪翦[姓氏]戩
tsie	7	借=[(2)]藉[～口]接箭=薦節絕
tsʰie	1	籤簽殲遷千
tsʰie	3	且淺
tsʰie	7	妾捷婕切截
sie	1	仙鮮[新～]先宣
sie	2	穗-[抽～]線-[針～]
sie	3	寫=髓癬選
sie	7	瀉=卸謝=[～～]襲線=[～車(自行車)]羨薛洩[～漏]屑雪
zie	2	潛燖[煺雞毛]錢前全泉旋[～轉]
zie	7	漸踐濺賤=餞
zie	6	賤-[貴～]旋[～窩子風(旋風)]
tɕie	1	兼肩堅
tɕie	2	鉗劍-嫌乾[～坤]虔毽[踢～子]賢弦
tɕie	3	檢撿繭筧[～水(以竹通水)]□[菜幫子]
tɕie	7	儉劍=劫給=[供～]建鍵健腱揭見結潔
tɕie	6	徛-[雙～人(雙人旁)]件現-[(1)～在]縣-[(1)到～裏去)]
tɕʰie	1	謙牽鉛=
tɕʰie	2	欠-[～錢；～賬；～食窩(後腦窩子)]
tɕʰie	3	遣
tɕʰie	7	欠=怯歉傑
ȵie	1	研拈[～鬮(抓鬮)]
ȵie	2	黏=閻嚴鮎燃-[點～]年妍
ȵie	3	染-[～布；開～行(開染衣店)]儼[～然]碾[～子]撚[以指撚碎]
ȵie	7	聶[姓氏]鑷[～子]驗=業唸=[～書]念[掛～]彥諺熱-[～水；天色很～]孽蘖[分～]捏[～白(撒謊)]蟻[螞～子(螞蟻)]
ȵie	6	驗-[試～]釅[～茶]唸-[～唧喳(嘟囔，叨嘮，說人壞話)]硯[～池]黏[(訓讀)～糊]膩-[油～(頭上的污垢)]
ɕie	3	險顯
ɕie	7	脅協憲獻歇現=[～在]縣=穴睡-[～房(臥室)]
ɕie	6	現-[(2)～在]縣-[(2)桃江～]
ie	1	耶閹[～豬；～狗；～雞]焉[心不在～]煙燕[～京；姓氏]咽
ie	2	爺=[老～～]炎鹽簷[～老鼠(蝙蝠)]延筵言
ie	3	也=野=掩演兗
ie	7	夜=[熬～]淹[～死]厭艷鹽[～起來(醃上)]靨[酒～(酒窩)]葉頁燕[～子]宴乙液腋
ie	6	焰夜-[(2)]
tɕye	1	追專磚捐皸[開～(皸裂)]
tɕye	2	垂槌錘=錐誰-傳[～達]椽船轉[轉～子(一種兒童遊戲)]拳權絹玄-懸
tɕye	3	轉[打～]捲
tɕye	7	綴贅瑞=[(1)]墜篆=[大～；小～]眷卷倦拙券厥掘橛[～子]決訣
tɕye	6	瑞-篆-[～字]傳[自～]
tɕʰye	1	吹=炊川穿串-[一連～；～連]圈
tɕʰye	2	勸-
tɕʰye	3	喘犬撅[(存疑)～斷]
tɕʰye	7	串=[～連]勸=缺闕
ȵye	3	軟
ɕye	1	軒掀喧
ɕye	2	誰=楦[～頭(鞋楦)]玄=[～妙]眩[眼花目～]
ɕye	3	水=
ɕye	7	稅睡=[～椅(躺椅)]瑞=[(2)～金]說血
ye	1	冤箢[～箕(用竹篾編的抯土器具)]
ye	2	完=丸圓員緣沿鉛-鳶元原源沅[～江]黿袁轅園援[～救]淵
ye	3	阮遠
ye	7	院悅閱願=怨月越曰粵
ye	6	願-垸[心田～(地名)]
pɛ	1	跛[俗作𨃅。～子(瘸子)]𨃅[本字跛。～子(瘸子)]
pɛ	2	拜-[～年]排牌𥱼[木～(木筏)]
pɛ	3	擺
pɛ	7	拜=[禮～]敗=
pɛ	6	敗-[(2)～血病]
pʰɛ	2	□[～賴(邋遢)]
pʰɛ	3	𬧁[一～(兩臂左右伸開的長度)]
pʰɛ	7	派
mɛ	2	埋霾
mɛ	3	買賣-
mɛ	7	邁賣=[買～]
tɛ	2	臺苔[～蘚]擡戴-[～帽子；姓氏]帶-[～子]
tɛ	3	逮[～捕]歹[好～]
tɛ	7	待怠殆戴=[～帽子；姓氏]貸[～款]帶=大=[～夫(醫生，新詞)]
tɛ	6	大-[～蒜；～炮(也指吹牛的人)]代袋[～子]
tʰɛ	1	胎苔[舌～]
tʰɛ	7	態太泰
lɛ	1	賴-[(2)放～(耍賴)]
lɛ	2	來
lɛ	3	乃奶
lɛ	7	耐=睞[～子(眼睛)]奈=賴=[胡～子(浪蕩子)]
lɛ	6	耐-奈-賴-[(1)～家洲(本縣地名)；姓氏]癩[～子(禿子)]
tsɛ	1	災栽齋□[～起(蹲)]
tsɛ	3	宰載[三年五～]崽[牛～唧(牛犢子)；雞～唧(小雞)]
tsɛ	7	再載[裝～]債最
tsʰɛ	1	猜釵差[出～]
tsʰɛ	2	菜-[～秧子]
tsʰɛ	3	采彩睬踩
tsʰɛ	7	菜=[扯根～(菠菜)]蔡[姓氏]
sɛ	1	腮鰓篩衰
sɛ	2	曬
sɛ	3	灑
sɛ	7	賽塞[邊～]帥
zɛ	2	才纔材財裁豺柴
zɛ	7	在=[現～]
zɛ	6	在-寨
kɛ	1	該垓陔皆階街
kɛ	2	孩蓋-[～子]界-[～址(地界)]鋸[(存疑)～匠(專指鋸木料的木匠)]
kɛ	3	改解[～放]
kɛ	7	蓋=[～印；～子]丐[乞～(書面語)]介界=芥=疥屆戒械蟹=
kɛ	6	解[姓氏]
kʰɛ	1	開揩[～油(佔小便宜)]
kʰɛ	3	凱愷慨=[慷～]楷□[何～、何～子(哪兒)]
kʰɛ	7	概溉慨-[感～]
ŋɛ	1	哀挨娭[(訓讀)～唧(祖母)]
ŋɛ	2	呆[～笨(行動遲鈍)]磑[～墨(研墨)]崖[山～]捱岩埃[塵～；～及(國名)]
ŋɛ	3	矮
ŋɛ	7	愛艾=[姓氏]藹靄隘
ŋɛ	6	礙艾-[～葉]雁-[～鵝(大雁)]
xɛ	2	還-[(2)～有]
xɛ	3	海醢
xɛ	7	害=[～人精]懈
ɛ	1	唉[～聲歎氣]
ɛ	2	鞋
ɛ	6	亥害-[～人]
kuɛ	1	乖[美]
kuɛ	2	怪-[莫～我]
kuɛ	3	柺[～棍]拐[～子(騙子，扒手)]
kuɛ	7	怪=[精～(妖精)]
kʰuɛ	2	快-[～一點]筷[～子]
kʰuɛ	3	傀[～儡]塊
kʰuɛ	7	會[～計]劊檜快=
uɛ	1	歪
uɛ	2	懷槐淮
uɛ	7	外=[～面(新詞)；～後天(大後天的次日)]
uɛ	6	外-[～公(外祖父)；～痔]壞
pɯ	1	搬[～家]般-[一～]
pɯ	2	盤半-[～夜裏]彭
pɯ	7	半=[兩～]鉢[～子]北百柏伯迫白帛舶[～子(小船)]
pɯ	6	伴
pʰɯ	1	潘[姓氏]
pʰɯ	2	拚-[～命]□[估價購買]
pʰɯ	3	拌[～勻]
pʰɯ	7	判叛潑[～水]魄[魂～]
mɯ	1	□[～～黑(形容天黑)]
mɯ	2	瞞[遮～(包庇)]
mɯ	3	滿
mɯ	7	滅-[吹～]墨默麥=[～子]脈沒[沉～；～有(新詞)]
fɯ	1	歡
fɯ	2	喚-[～豬；～狗]
fɯ	3	緩皖[安徽]
fɯ	7	喚=[召～]煥渙活
tɯ	1	沾-[～溪(本縣地名)]粘[～米]瞻-[～仰]毡端登燈□[水～子(水舀子)]
tɯ	2	占[～卦]佔-[～領；～江山]顫[發～；打尿～子(撒尿時打寒噤)]團騰謄藤凳
tɯ	3	者展-[～覽]短等
tɯ	7	摺戰-[～爭；作～]哲折浙斷[決～]鍛[～煉]得德
tɯ	6	斷[～絕]段緞塅[湯家～(本縣地名)]鄧[姓氏]
tʰɯ	1	車-[(2)單～；線～；腳踏～(也叫自行車)]吞
tʰɯ	3	扯-[(2)～芽(在菜地裏拔菜)]
tʰɯ	7	徹-撤-轍忒特
lɯ	2	鸞巒欒孿[～生子]圞[圓]能
lɯ	3	卵-[男陰；野～公(姦夫)]
lɯ	7	亂=捋肋勒
lɯ	6	亂-
tsɯ	1	遮=沾=瞻=[～仰]曾[姓氏]增憎罾爭箏[風～]睜掙
tsɯ	2	鑽[～子]
tsɯ	3	展=[～覽]纂[編～]撰
tsɯ	7	蔗佔=[～領]戰=[作～]則側仄測-[～驗]廁[～所]窄蚱[～蜢子]摘=責
tsʰɯ	1	車=
tsʰɯ	2	撐[～船]
tsʰɯ	3	扯=
tsʰɯ	7	徹=[貫～]撤=[～職]竄撮篡賊[～崽子(罵人的話)]測=[～驗(新讀法)]拆[～字]澤擇宅策冊
sɯ	1	奢賒=森參[人～]酸僧生牲笙甥
sɯ	2	佘=[姓氏]蛇=[(2)]搧扇[～子]算蒜
sɯ	3	捨=陝[～西]閃省[湖南～]
sɯ	7	赦=舍射=社=[(2)合作～]攝涉澀舌設瑟虱[～婆子(虱子)]塞色嗇
sɯ	6	騸[～牛(閹牛)]
zɯ	2	蛇=[(1)]佘-[姓氏]蟾纏蟬禪[～宗]單[～于]然燃=曾[～經]層橙[～子]
zɯ	3	惹=染=冉
zɯ	7	社=[(1)～會主義]善=膳熱=[～鬧]贈[～送]
zɯ	6	社-[(2)合作～]善-[～惡不分]鱔[～魚]蟮[圍～子(蚯蚓)]
kɯ	1	跟根更[三～]庚耕
kɯ	2	鋸-[～斷；～開]
kɯ	3	給-[～你]粳[～稻(粳米)]哽[打飽～(打飽嗝)]嗝[(訓讀)打飽～]梗[阻～]耿
kɯ	7	更[～加]格革隔膈
kʰɯ	2	去-[單音詞]
kʰɯ	3	懇墾啃肯
kʰɯ	7	刻克咳客
ŋɯ	1	恩
ŋɯ	7	額=扼厄[災～]
ŋɯ	6	硬
xɯ	1	亨哼
xɯ	3	很-狠
xɯ	7	郝[姓氏]黑赫嚇[恐～]覈[審～]閡紇[回～]
ɯ	2	兒而恆衡
ɯ	3	爾耳[抱～瘋(痄腮)]餌
ɯ	7	恨-
ɯ	6	二貳
kuɯ	1	官[老～子(妻稱老伴；老漢互稱)]棺觀[參～]冠[衣～]
kuɯ	2	罐-灌-[滿堂～]
kuɯ	3	管館
kuɯ	7	貫灌=[～溉]罐=[～頭]冠[～軍]割[～禾]國虢[虞～]
kʰuɯ	1	寬
kʰuɯ	2	𡒵[圳～上(本縣地名)]
kʰuɯ	3	款
kʰuɯ	7	闊-[～氣]
uɯ	2	桓完-
uɯ	3	豌[～豆]碗腕[手～子]宛
uɯ	7	玩宦[～官]
uɯ	6	換
tsɿ	1	知蜘[～蛛]支肢枝梔[～子花]資姿咨脂[胭～]茲滋輜[～重]之芝
tsɿ	2	痣
tsɿ	3	紫紙姊旨指子=[葵花～(葵瓜子)；狗婆～(大母狗，「子」用作名詞後綴，變讀陰平調)]梓[～樹]止趾址
tsɿ	7	制製智只[～有]致至志誌蟄[驚～]執汁侄姪質織職擲隻=
tsʰɿ	1	雌疵[吹毛求～]差[參～]癡嗤蚩
tsʰɿ	2	刺-
tsʰɿ	3	此恥齒
tsʰɿ	7	刺=賜次置秩[～序]直值殖植赤=斥尺=
sɿ	1	斯撕廝施私師獅尸屍司絲思詩
sɿ	2	四-[～季豆]肆-[放～]試-
sɿ	3	豕死矢屎使史駛始
sɿ	7	世勢四=肆=試=濕十什[～物]拾[～起來]實失室食[豬～]蝕識式飾適釋石=[吸鐵～]
zɿ	2	池馳匙[鑰～]瓷餈[～粑]遲慈磁[～石]辭詞祠伺[～機而動]嗣飼持治時鰣
zɿ	7	滯誓逝雉稚[幼～]示視嗜似祀[祭～]士=市=[城～]侍日=
zɿ	6	是氏豉[豆～]自巳[辰～]字寺痔士-仕柿事市-[～面上]
pi	1	屄[女陰]□[旁～豆(扁豆)]
pi	2	培-陪-[～客]賠-[～款]裴-[姓氏；～公亭(益陽縣地名)]背-[～心；手～]皮疲脾琵[～琶]枇[～杷]痺[麻～]
pi	3	彼比
pi	7	貝蔽-[隱～；蒙～]幣-斃-[槍～]閉-陛[～下]輩-[班～(輩分)]背-[(2)違～]臂-秘-[～密；～書]備-[(2)]筆畢必逼碧璧壁=
pi	6	敝-弊倍-背-[(1)～書]焙被[～窩]備-[(1)劉～]篦[～梳(篦子)]
pʰi	1	批坯[～子(土坯)]披
pʰi	2	屁-
pʰi	3	丕鄙庇否[臧～]痞
pʰi	7	沛配-[～偶]譬避屁=鼻匹弼僻闢劈=
mi	1	瞇
mi	2	迷梅-枚煤煤-[～炭]靡眉楣霉-
mi	3	米每美
mi	7	昧秘=[～書]泌媚寐密蜜覓
mi	6	謎妹-[姊～]
ti	1	低堆-的[軟綿綿～；我～]
ti	2	堤題提=蹄啼對-[～堂客(男子找對象)]碓[～臼]
ti	3	底抵
ti	7	帝弟地=[土～]的[目～]滴=[十～水]嫡敵狄
ti	6	第遞兌[～款；～錢]地-[～方]淚[(存疑)眼～]
tʰi	1	梯推-[～粉子(推磨磨大米粉)]
tʰi	2	剃[～頭匠(理髮員)]退-[～步]
tʰi	3	體腿-
tʰi	7	替涕[鼻～]屜[抽～]踢=剔笛糴
li	2	驢-[叫～子(小毛驢)]犁黎藜[鐵蒺～(鐵絲網)]雷-[打～；嚮～]離[～別]籬璃[玻～]梨釐狸[狐～]
li	3	呂旅屢禮傀[～儡]履李里理鯉纍[～計]壘
li	7	慮濾厲勵麗[美～]利痢吏類淚立笠粒栗=律率[百分～]力歷曆
li	6	內[～家(妻子)]累[勞～]荔[～枝]□[～子(除掉穀殼的碾米器具)]
tsi	1	唧[唸～喳(嘟囔，叨嘮，說人壞話)；～～喳喳(形容鳥叫聲)]
tsi	2	祭[～祖宗]醉-
tsi	3	擠嘴
tsi	7	際臍薺濟劑緝[編～]疾蒺即鯽積跡脊-[～椎骨]籍藉[狼～]績寂
tsʰi	1	蛆趨妻棲催-[～芽]崔-[姓氏]沏=[～壺]
tsʰi	2	砌[～墻]脆-沏-[～茶]
tsʰi	3	取
tsʰi	7	趣[興～]妻[動詞]七漆戚
si	1	須鬚需-西犀雖綏
si	2	絮[～被(被套)]歲-[(1)幾～]細-[～茶]
si	3	洗璽徙
si	7	細=[～伢唧(小孩)]婿歲-[(2)壓～錢]習悉膝[～頭股(膝蓋)]戌恤卹息熄媳惜昔席蓆夕錫=析
zi	2	徐-齊隨
zi	7	聚罪=[～大惡極]遂-隧-[～道]穗
zi	6	序-敘-緒-[光～]罪-[認～]
tɕi	1	雞稽羈飢肌几[茶～]基幾[～乎]機譏饑
tɕi	2	攜畦[菜～]繫[～領巾]奇騎岐歧芪寄-[～信]祁其棋期旗記-[～號]祈
tɕi	3	己紀[年～]記-[日～；筆～]幾[～個]
tɕi	7	計繼薊髻企=[～業]技妓寄=冀記=[～錄]既季急級芨[白～]及吉極戟屐擊激
tɕi	6	徛=[立]企-[～石(本縣地名)]忌
tɕʰi	1	溪欺
tɕʰi	2	氣-[歇～(休息)]
tɕʰi	3	啟起杞豈
tɕʰi	7	契[～約]器棄氣=[運～；脾～]汽訖乞迄喫=
ȵi	2	泥倪尼呢[～子]妮宜儀誼[友～]疑沂[～河]
ȵi	3	蟻=議你=擬
ȵi	7	藝羿[姓氏]義毅日-匿逆溺[～死]
ȵi	6	膩=[～人]
ɕi	1	奚兮犧羲曦嬉熙希稀
ɕi	2	戲-[～票；花鼓～；木腦殼～(木偶)]
ɕi	3	喜
ɕi	7	系繫[連～]係戲=[～院子]吸
i	1	伊醫衣依瞖[白～療(白內障)]
i	2	移倚夷姨飴[高粱～]胰[洋～子(肥皂的舊稱)]遺
i	3	椅矣已以
i	7	縊肄[～業]意異邑浥挹揖[作～]一逸佚憶億抑翼益亦譯易[交～]
i	6	易[難～]
pu	2	蒲脯[打赤～(赤膊)]菩[～薩]布-[銀刀～；～傘]
pu	3	補
pu	7	布=佈怖[恐～]不
pu	6	部簿步捕埠
pʰu	1	鋪[～設；床～]
pʰu	2	鋪-[～子]
pʰu	3	普浦譜
pʰu	7	鋪=[～子]勃樸[～素]卜[姓氏]撲仆[倒]僕曝瀑[～布]
ɸu	1	呼夫膚敷俘孚麩
ɸu	2	戽[～水]符苻[姓氏]
ɸu	3	虎滸[水～]府腑甫斧撫釜腐=[～蝕]輔
ɸu	7	付賦傅富副忽彿[彷～]佛斛福幅蝠[蝙～]複腹覆服伏栿[梁]復袱[手～子(手帕)；洗臉～]
ku	1	姑孤箍估沽
ku	2	過-[～年；～節；～山雲(漂浮的雲)]
ku	3	古牯股鼓賈[商～]蠱[～惑人心]䀦[瞪着眼睛]
ku	7	故固僱顧骨=[蛇～村(本縣地名)]穀谷鼓[(存疑)～眼珠(大眼睛)]
kʰu	1	枯
kʰu	2	褲
kʰu	3	苦
kʰu	7	庫窟哭酷
ŋu	2	吳-蜈-[～蚣]吾-梧-[～桐]
ŋu	7	誤悟
u	1	烏污塢巫誣
u	2	禾[打～；～老蟲(螳螂)]和-[打麻將時的術語，表示牌贏了]吳=蜈=[～蚣蟲]吾=梧=[～桐]胡湖狐壺[～子(水壺)]乎瓠鬍扶芙[～蓉]無
u	3	五伍午武舞侮鵡[鸚～]腐-[豆～]
u	7	戶=[窗～]滬互=護惡[可～]父=[～親]務霧=婦=負物勿握齷[～齪]屋沃
u	6	戶-[～口]互-父-[廚子師～]附戊霧-婦-
tɕy	1	豬諸櫧[～樹]居車[～馬炮]誅蛛株朱硃珠殊拘駒
tɕy	2	除儲[～蓄]薯[紅～]渠廚瞿句-[～子]鑄[～造]錘-[～子]
tɕy	3	煮舉主矩[規～]
tɕy	7	著[顯～]巨拒距炬據鋸=駐註注蛀豎=[(1)～子]具懼橘劇菊拘鞠[～躬]局
tɕy	6	苧[～麻]苣柱住豎-[一～]樹炷[一～香]芋-[～頭]
tɕʰy	1	樞區[～域]驅吹-[～風；～滅]
tɕʰy	2	處-[～暑]
tɕʰy	3	處[相～]杵
tɕʰy	7	處=[辦事～]去=[～年]出屈
ȵy	2	愚
ȵy	3	女語
ȵy	7	遇寓
ɕy	1	書舒墟虛嘘[吹～]需=[～要]輸吁
ɕy	2	徐=
ɕy	3	薯鼠黍許緒=[(2)光～；情～]水-
ɕy	7	序=敘=緒=[(1)]庶恕署[專～]戍豎=[(2)～折(漢字筆畫)]澍術述秫
y	1	淤迂
y	2	如茹魚漁於余餘儒虞娛禺于盂竽榆愉餵-[～食(餵豬食)]
y	3	汝與[給～]嶼[島～]乳雨宇禹羽蕊
y	7	御=禦與[參～]譽預豫逾愈喻=[姓氏；比～]裕入=域疫役郁=玉=[～石]
y	6	御-[～花苑(御苑)]芋=[洋～頭(土豆)]喻-[姓氏]緯-[～紗]
pei	1	蓖[～麻]杯碑卑悲
pei	2	培=陪=賠=裴=
pei	7	蔽=幣=斃=閉=輩=背=[～心；(2)違～]臂=秘=[～密；～書]備=[(2)]
pei	6	敝=倍=背=[(1)～書]被備=[(1)劉～]
pʰei	1	胚=[～胎]
pʰei	7	配=佩
mei	2	梅=[臘～裝(旗袍)]煤=[～油]霉=
mei	7	妹=[兄～]
fei	1	灰[灰塵]恢麾飛非扉妃揮輝徽
fei	2	肺-
fei	3	賄悔毀匪翡[～翠]
fei	7	晦廢肺=吠費[～用]諱
tei	1	堆=
tei	7	對=[～象]隊
tʰei	1	推=
tʰei	3	腿=
tʰei	7	退=蛻[蟲～(蟬蛻)]
lei	2	雷=
tsei	7	醉=
tsʰei	1	催=崔=[姓氏]
tsʰei	2	脆=[(1)]
tsʰei	7	碎脆=[(2)乾～(新詞)]翠粹[純～]瘁
sei	7	歲=[萬～]
zei	7	遂=隧=[～道]
kuei	1	圭閨規龜歸
kuei	2	鱖[～魚]逵葵癸貴-
kuei	3	詭軌宄[奸～]鬼
kuei	7	桂貴=骨-[～頭]
kuei	6	櫃
kʰuei	1	奎[～寧丸]盔魁虧窺
kʰuei	3	跪
kʰuei	7	愧潰[～敗]簣
uei	1	煨[放進火灰裏～]威
uei	2	桅回茴危爲[作～]維惟唯肥微違圍圩[～子]
uei	3	萎委尾偉葦緯=[～線]
uei	7	會=[開～；～不會]衛穢惠慧僞餵=爲[～人謀]位=[地～]未味=魏=畏慰胃謂猬
uei	6	匯會-[開～；～不會]繪位-[～子]味-[～口(味道)]魏-[姓氏]彙
təu	1	都周-舟州洲
təu	2	徒屠途塗圖頭=咒-[詛～]
təu	3	堵賭肚[～片]肘帚
təu	7	妒杜=肚=度=渡=鍍=晝咒=獨讀牘犢篤督毒竹-[黃～蟲(黃鼠狼)]築祝-粥-燭囑
təu	6	杜-肚-[～子]度-渡-鍍-
tʰəu	1	抽
tʰəu	2	兔-[～子]臭-[～蛋]
tʰəu	3	土吐丑醜-
tʰəu	7	兔=[家～]突禿畜[～牲]逐軸觸束
ləu	1	摟
ləu	2	奴盧[姓氏]爐蘆鸕[～鶿]廬驢=樓
ləu	3	努魯櫓虜鹵縷[絲～]
ləu	7	怒路=露=鷺=[～鷥]鹿[野～旁(鹿字旁)]祿六陸綠錄淥
tsəu	1	租周=
tsəu	2	做-[～生意]
tsəu	3	祖組阻走=
tsəu	7	做=卒[兵～]竹=祝=粥=足
tsʰəu	1	粗初
tsʰəu	2	醋-愁=仇=
tsʰəu	3	楚礎醜=
tsʰəu	7	醋=驟=[步～；暴風～雨]臭-族促齪[齷～]
səu	1	蘇甦酥梳疏[親～]蔬收
səu	2	數-[名詞]疏-[～稟]漱[～口]
səu	3	數[動詞]手首[發～(聰明)]守
səu	7	訴疏=數=[～目]嗽[咳～]速肅縮叔熟[煮～]淑俗續贖蜀屬
zəu	2	鋤雛綢稠籌愁-仇-售[出～]柔揉椆[～樹(樹名)]
zəu	7	助紂=受=壽=授=肉=辱褥=
zəu	6	紂-受-壽-[做～]授-
tiəu	1	丟
liəu	1	溜[～達(散步)]
liəu	2	流劉留榴[石～]瘤騮硫[～黃]琉[～璃]
liəu	3	柳綹
tsiəu	2	㲃[擰：～衣(把衣服擰乾)]
tsiəu	3	酒
tsʰiəu	1	揪-秋鞦鰍啾[打噴～(打噴嚏)]
siəu	1	修羞
siəu	2	繡-[～花]鏽[鐵～]
siəu	7	秀繡=宿[星～]袖=[領～；～子]宿[～舍]粟
ziəu	2	囚
ziəu	7	宙
ziəu	6	就袖-[衫～(袖子)]
tɕiəu	1	鳩鬮糾揪=
tɕiəu	2	求球
tɕiəu	3	九久韭
tɕiəu	7	灸[針～]救究臼舅=咎舊=柩
tɕiəu	6	舅-[～子(妻舅)；～唧(母舅)]舊-
tɕʰiəu	1	丘邱
tɕʰiəu	7	麯蓄-[～豬婆(備用而不閹的母豬)]曲
ȵiəu	2	牛
ȵiəu	3	紐扭
ȵiəu	7	肉-[牙～子(齒齦)]玉-獄褥-[墊～子(椅墊)]
ɕiəu	1	休
ɕiəu	2	□[～興(愚笨)]
ɕiəu	3	朽
ɕiəu	7	嗅畜[～牧]蓄=[儲～]
iəu	1	憂優悠幽□[纏線，繞繩]
iəu	2	尤郵由油游遊猶猷蝣[蜉～]□[～贅症(病名)]
iəu	3	有友酋莠誘
iəu	7	又=右=佑幼郁-育欲慾浴
pan	1	班斑頒扳般=
pan	2	□[～桶(打穀桶)]
pan	3	板版
pan	7	扮[打～]
pan	6	瓣辦
pʰan	1	攀
pʰan	2	絆[～腳石]
pʰan	7	盼
man	2	蠻饅[～頭]
man	3	滿
man	7	慢=漫幔蔓
man	6	慢-
fan	1	翻番
fan	2	販
fan	3	反
fan	7	泛
tan	1	耽眈擔[～當]丹單
tan	2	潭譚罈談痰擔-[～子]檀壇彈[～琴]旦-[～角；老婆～(老～)]
tan	3	膽誕
tan	7	擔=[竹扁～]淡=[天高雲～；雲～風輕]旦=[元～]但蛋=
tan	6	淡-彈[炸～]蛋-
tʰan	1	貪灘攤癱[～子]
tʰan	2	探-炭-[木炭]
tʰan	3	毯坦
tʰan	7	探=炭=[煤～]歎
lan	2	男南藍籃難[～易]蘭攔欄
lan	3	覽攬欖[橄～]纜懶
lan	7	濫難[災～]
lan	6	爛
tsan	1	簪
tsan	2	灒[濺]□[～亮唧(拂曉)]
tsan	3	斬盞
tsan	7	站[立]贊讚
tsan	6	站[車～]
tsʰan	1	參[～加]餐
tsʰan	2	攙[～扶]
tsʰan	3	慘鏟產
tsʰan	7	燦
san	1	三衫珊[～瑚]山刪閂[門～子]
san	2	散-[～戲]
san	3	散[～文]傘
san	7	散=[分～]
zan	2	蠶慚讒饞殘
zan	6	暫賺棧鏨[～子]
kan	1	甘柑干肝乾[～濕]艱間-[房～]奸姦
kan	2	間-[～壁]
kan	3	感敢橄[～欖]減鹼桿[敲竹～(敲竹槓)]稈揀趕
kan	7	艦-[兵～]幹[捨得～(肯賣力)]間=[～斷]□[偷]
kʰan	1	堪戡龕勘嵌刊
kʰan	2	看-[～病；～牛伢唧(牧童)]
kʰan	3	坎[門～]砍侃
kʰan	7	看=[～病]
ŋan	1	庵安鞍
ŋan	2	晏-[晚]顏-[姓氏]
ŋan	3	眼-[～珠]
ŋan	7	暗岸=按案晏=[(1)姓氏；～子]
ŋan	6	岸-
xan	1	憨[～氣]酣[～睡]鼾[打～]
xan	3	喊罕
xan	7	憾旱=[(2)]漢翰=限=[無～]
xan	6	限-[(2)～期]
an	2	含函咸鹹銜寒韓
an	7	旱=[(1)]汗=
an	6	旱-汗-焊翰-莧[～菜]
tɕian	1	間=
tɕian	2	閑
tɕian	3	簡柬
tɕian	7	陷鑑鑒艦=[兵～]諫澗
tɕian	6	限-[(1)～期]
ian	2	顏=[姓氏；～色]
ian	3	眼=
ian	7	雁=晏=[(2)姓氏；～子]
kuan	1	鰥[～寡]關
kuan	7	慣
uan	1	彎灣
uan	2	凡帆玩[～耍]頑[～皮；～固]還[～原；=～有]環煩藩礬繁
uan	3	晚挽
uan	7	范=[姓氏]範犯=幻患=飯=萬-
uan	6	范-[姓氏]犯-患-飯-萬-
pən	1	奔□[扽]崩繃
pən	2	盆朋彭膨[～脹]澎棚篷蓬
pən	3	本
pən	7	笨=
pən	6	笨-[～重]
pʰən	1	烹
pʰən	3	捧
pʰən	7	噴[～香]奮[～鬥]
mən	1	捫蚊-[～子(小飛蟲的統稱)]
mən	2	門蒙
mən	3	悶猛懵[～懂]
mən	7	孟=夢=[做～]
mən	6	孟-夢-
fən	1	昏婚渾[～濁]分芬紛葷
fən	2	糞[～箢箕(糞箕子)]
fən	3	粉
fən	7	憤忿
tən	1	針-斟珍真-敦徵[～求]蒸貞偵正[～月]征-[～兵]東冬中-[當～；～時節(中午)]忠-終鐘鍾盅
tən	2	囤-豚臀正-[(1)～房；～合適]同銅桐筒童瞳
tən	3	枕診-疹振-[(2)]墩[碾～(柱石)]拯整-[～齊]董懂冢種[～子；(白)～田]腫[黃～漢(黃疸病的男患者)]
tən	7	鎮-振-[(1)]震-頓屯飩[餛～]囤=沌盾鈍遁證症瞪正-[(2)～確；立～]政-[～府]動=凍棟眾[群～]中-[～的(打中)]
tən	6	鈍動-洞
tʰən	1	稱[～呼]通捅充衝舂[～米]
tʰən	2	秤[一枝～(一桿秤)]痛-銃[鳥～；火～(一種土槍)]
tʰən	3	逞桶統寵
tʰən	7	趁稱[相～]痛=
lən	1	聾[～子]
lən	2	論[～語]崙侖倫淪輪籠農膿隆濃龍嚨[～哄(哄騙)]壠[～坑(山溝田，多用來種水稻)]
lən	3	冷攏隴籠[～子]
lən	7	論[議～]弄[蟆～子(蝌蚪)]
tsən	1	針=真=尊蹲遵征=棕鬃宗綜[～合]中=[當～]忠=蹤縱[～橫]
tsən	2	粽[～子]綜[織布機上的～]
tsən	3	診=[～病]整[～齊]總
tsən	7	俊鎮=振=震=正=[～確]政=[～府]中=縱[放～]種=[～田]
tsʰən	1	村皴[臉～]聰匆蔥囪[煙～]從[～容]
tsʰən	2	寸-[尺～]
tsʰən	3	忖懲[～罰]
tsʰən	7	襯寸=
sən	1	深身申伸孫升勝[柴木不可～用]聲鬆嵩松=[～柏樹]
sən	2	送-[～給你]
sən	3	沈審嬸損筍[乾～子(筍乾)]榫[～頭]慫[～恿]
sən	7	滲遜殉勝[～利]聖送=宋
zən	2	沉壬陳塵神娠辰晨臣人=仁存荀旬循巡唇澄乘繩[羊～子(毛線)]塍[田～(田埂)]承丞仍懲[～辦]呈程成城誠盛叢蟲崇從[跟～]松-[～樹]重[～複]
zən	3	忍
zən	7	甚任[主～]紝慎刃韌認=孕鄭盛=[興～]仲誦頌訟重=[輕～]
zən	6	陣腎[～包(尿脬)]認-[(2)]剩盛-[興～]重-[輕～]
kən	1	公蚣[蜈～蟲]工功攻[～擊]弓躬宮恭供[～給]
kən	3	拱[～橋]鞏[～固]
kən	7	貢供[～銷社]汞槓[竹篼～(竹子的根部)]共-[～產黨]
kən	6	共-[公～；一～；總～]
kʰən	1	空[天～]
kʰən	2	空-[鑽～子]
kʰən	3	孔恐
kʰən	7	控空=[得～]
xən	1	轟烘[～乾]風楓瘋[豬牢～(癲癇)]丰豐封峰蜂鋒
xən	3	很=哄[嚨癎(哄騙)]
xən	7	恨=諷[～刺]鳳奉=俸
pin	1	彬賓檳儐殯[～殮]冰[～糖]兵
pin	2	貧頻蘋[～果]瀕憑平坪評瓶屏[圍屏]萍
pin	3	稟丙秉柄餅炳
pin	7	鬢殯[出～]冰[～冷的]迸[～發]病=併[合～]並
pin	6	病-
pʰin	1	拼[～音；～湊]
pʰin	2	拚=[～命]
pʰin	3	品
pʰin	7	聘
min	2	閩民萌[～芽]鳴明盟名銘
min	3	憫敏皿[～字底]
min	7	命=[革～；壽～]
min	6	命-[算～]
tin	1	丁釘[鐵～]疔
tin	2	亭停婷廷庭蜓[蜻～]釘[動詞]
tin	3	頂鼎
tin	7	錠訂[裝～]定=
tin	6	定-
tʰin	1	廳汀
tʰin	2	聽-[～見]
tʰin	3	艇挺
tʰin	7	聽=[～其自然；～見]
lin	1	鈴=[(1)～子；打～]
lin	2	林淋臨鄰鱗燐楞陵凌菱靈零鈴=[(2)打～]伶拎[書面語]翎
lin	3	檁[～子]領嶺
lin	7	令另=[～外]
lin	6	另-[～外]
tsin	1	津精晶睛[眼～]
tsin	2	浸[～種]進-
tsin	3	儘井
tsin	7	進=晉縉搢
tsʰin	1	親清青蜻[～蜓]
tsʰin	2	㓎[冷：～水田]親[～家母]
tsʰin	3	寢請
tsʰin	7	侵
sin	1	心辛新薪星
sin	2	腥[～氣]姓-[貴～]
sin	3	省[反～]醒
sin	7	信訊迅性姓=
zin	2	尋秦情晴
zin	7	盡=靜靖淨=
zin	6	盡-淨-
tɕin	1	今金禁[～不住]斤筋京荊驚鯨經=
tɕin	2	琴禽擒襟[連～]禁-[～忌；～𥱼(本縣地名)]勤芹行-[～爲]鏡-[～子]形型刑窮熊雄鱅[～魚]
tɕin	3	錦緊謹境-[環～]景警頸=
tɕin	7	禁=[～止]饉勁近=杏[～子]行[品～]莖幸-[～福]境=[～界]敬竟鏡=兢徑
tɕin	6	近-
tɕʰin	1	欽卿輕
tɕʰin	2	磬慶-[～菩薩]
tɕʰin	7	僅慶=
ȵin	2	吟人-[嫁～]銀凝迎寧
ȵin	7	吝[～嗇]佞
ȵin	6	認-[～字；～得]
ɕin	1	欣興[～旺]馨[～香]兄胸凶[吉～]兇[～惡]
ɕin	2	行=[～爲]
ɕin	3	□[～子(傻子)]
ɕin	7	釁興[高～]幸=[～福]嗅[用鼻子聞]
in	1	音陰因姻殷應[～該]鷹蠅[蒼～]鶯鸚[～鵡]櫻英嬰纓雍癰
in	2	淫痕寅盈贏戎絨融茸容溶蓉[芙～]熔庸
in	3	飲引隱影穎擁甬[～道]勇湧踴蛹冗
in	7	蔭印[～子(圖章)]應[答～]映用=[作～]
in	6	用-
kuən	2	棍-
kuən	3	滾
kuən	7	棍=
kʰuən	1	昆崑坤
kʰuən	2	睏[～覺]
kʰuən	3	睏捆
kʰuən	7	困
uən	1	溫瘟
uən	2	魂餛=[～飩]焚墳文紋蚊=聞橫[～折；～鉤；～撇]
uən	3	穩吻刎
uən	7	混=問=璺餛-[～飩]
uən	6	份問-混-[～賬鬼(罵人的話)]
tɕyn	1	均鈞君軍
tɕyn	2	純醇-[酒味～]群裙窘瓊圳[水～(田邊的水溝)]
tɕyn	3	準准
tɕyn	7	順=[(1)]菌=郡=
tɕyn	6	順-[～便；～的(對側的而言)]菌-郡-肫[～子(雞肫肝、鴨肫肝的統稱)]
tɕʰyn	1	椿[～樹]春傾
tɕʰyn	3	蠢頃
ɕyn	1	熏勛薰
ɕyn	2	醇=
ɕyn	3	盾[矛～]瞬迥[～然不同]
ɕyn	7	順=[(2)]舜訓
yn	1	暈[發～]
yn	2	勻云雲榮瑩營塋螢=滎[～陽]
yn	3	允尹永
yn	7	潤=閏=熨=[～頭髮(燙頭髮)]韻運泳詠
yn	6	潤-閏-熨-[～斗]
pɔŋ	1	幫邦浜[小河]梆[打～]
pɔŋ	2	滂[～沱]旁螃[～蟹]龐篣[～箕(箢箕)]
pɔŋ	3	榜綁
pɔŋ	7	謗傍[依傍]棒[冰～(冰棍)]蚌=[～埠]
pɔŋ	6	蚌-[～殼]湴[～田子(冒出地下水的田)]
pʰɔŋ	1	胮[～臭的(很臭)]
pʰɔŋ	2	胖-[～子]
pʰɔŋ	3	髈[豬的大腿肉]乓[乒～]
pʰɔŋ	7	胖=
mɔŋ	1	□[～酸的(很酸)]□[～開眼睛(睜開眼睛)]
mɔŋ	2	忙芒茫盲虻
tɔŋ	1	當[～時]張-[彎弓～(講「張」字的形體)]裝-[～東西]章-[立早～]樟-[～樹]獐-漳-彰-
tɔŋ	2	堂棠螳[～螂]唐糖塘當-[～鋪]仗-[(1)打～]賬-[(1)欠～]脹[(1)]
tɔŋ	3	黨擋長[生～]漲掌[～病(看病)]
tɔŋ	7	蕩當=[～鋪]宕仗-[(2)打～]脹-[(2)欠～]脹-[(2)]
tɔŋ	6	凼[田裏的蓄糞池]
tʰɔŋ	1	湯昌菖[～蒲]
tʰɔŋ	2	唱-[(1)～歌]□[斗～子(米槩)]
tʰɔŋ	3	倘躺淌趟闖廠
tʰɔŋ	7	燙暢唱-[(2)]倡[提～]
lɔŋ	2	囊囔郎廊狼螂[螳～]
lɔŋ	3	朗
lɔŋ	7	浪=[～費]□[～頸罈子(指罈口一凸一凹一凸的罈子)]
lɔŋ	6	浪-[波～]
tsɔŋ	1	贓髒[不乾淨]臧張=莊裝=[～苞(孕穗)]章=樟=獐=漳=彰=樁[木～]
tsɔŋ	2	仗=[(1)打～]賬=[(1)欠～]脹=[(2)]壯-[～肥]
tsɔŋ	7	葬仗=[(2)]賬=[(2)]脹=[(2)]壯=[～大]
tsʰɔŋ	1	倉蒼瘡窗[亮～子(窗戶)]
tsʰɔŋ	2	戧[～起(撐起)]嗆
tsʰɔŋ	3	撞
tsʰɔŋ	7	創唱=
sɔŋ	1	桑喪[婚～]霜孀商傷雙
sɔŋ	3	磉[～墩]嗓[～子(喉結)]爽賞上=[平～去入]
sɔŋ	7	喪[～失]上=[(2)～午]
zɔŋ	2	藏[隱～]臟-[心～]長[～短]腸場床常嘗裳[衣～]償[賠～]
zɔŋ	3	攘
zɔŋ	7	藏[西～]臓=[心～]杖狀=尚=[高～]上=[(1)]壤[土～]嚷釀[～酒]讓=
zɔŋ	6	丈狀-[～元]尚-[和～]上-[～山；高～(上頭)]讓-[(2)～開；～步]
kɔŋ	1	岡剛=綱鋼缸降[霜～]光江-[石牛～(本縣地名)]
kɔŋ	2	扛狂逛[～馬路]虹槓-[～子]
kɔŋ	3	廣講-港
kɔŋ	7	光[溜～的(形容光滑)]槓=[～子]
kʰɔŋ	1	康糠坑
kʰɔŋ	2	□[～乾(烘乾)]
kʰɔŋ	3	慷[～慨]
kʰɔŋ	7	抗炕曠況礦
ŋɔŋ	2	昂
xɔŋ	1	荒慌方芳
xɔŋ	2	放-[～假；～風箏；～賴(耍賴)]
xɔŋ	3	謊晃倣[模～]紡仿[相似]彷[～彿]訪
xɔŋ	7	放=
ɔŋ	1	汪
ɔŋ	2	行[銀～]航杭黃簧[鎖簧]皇蝗肪[脂～]妨[～害]房防亡忘[～記]王[～旁(斜玉旁)]
ɔŋ	3	網枉往
ɔŋ	7	妄望=[希～]旺[興～]項
ɔŋ	6	巷[～子(山間凹下的小道，多指人工開出來的)]望-[～一下]
liɔŋ	1	鈴-[～子；傳～子(蟬)]
liɔŋ	2	良涼量[～長短]糧梁粱
liɔŋ	3	兩輛
liɔŋ	7	亮=諒量[數～]
liɔŋ	6	亮-[月～]
tsiɔŋ	1	將[～來]漿
tsiɔŋ	2	醬[辣椒～]
tsiɔŋ	3	蔣獎槳
tsiɔŋ	7	將[大～]
tsʰiɔŋ	1	槍
tsʰiɔŋ	3	搶
siɔŋ	1	相[互～]箱廂湘襄鑲
siɔŋ	2	相-[～貌；照～；～片]
siɔŋ	3	想
siɔŋ	7	相=[～貌]
ziɔŋ	2	墻詳祥
ziɔŋ	6	象像橡[～樹]匠[泥水～]
tɕiɔŋ	1	剛-[～纔；～～]疆僵薑韁[～繩]姜江=[桃～縣]豇[～豆]
tɕiɔŋ	2	強經-[～紗]
tɕiɔŋ	3	講=頸-[大～骨(大脖子)]
tɕiɔŋ	6	勥
tɕʰiɔŋ	1	羌匡筐[籮～]眶[眼～]腔
tɕʰiɔŋ	3	強[～迫]
ȵiɔŋ	2	娘孃
ȵiɔŋ	3	仰
ȵiɔŋ	7	𨈓[～女子(小姑娘)]
ȵiɔŋ	6	讓-[～開；～步]
ɕiɔŋ	1	香鄉
ɕiɔŋ	2	降[投～]向-[～天睡(仰着睡)]
ɕiɔŋ	3	享響餉
ɕiɔŋ	7	向=
iɔŋ	1	央秧殃怏
iɔŋ	2	羊洋楊陽揚瘍[奶～子(奶瘡)]螢-[～火蟲]
iɔŋ	3	養癢
iɔŋ	7	樣=養
iɔŋ	6	樣-[～子]
n̩	1	翁嗡[～～叫(蜜蜂飛時的響聲)]𡟸[～媽唧(夫稱老伴，也指老年婦女)]
n̩	2	宏紅洪鴻馮逢縫[～衣服]
n̩	3	你-
n̩	7	甕蕹[～菜]
n̩	6	蕻[～子(某些蔬菜的莖)]奉-[～承；～承話]縫[一條～]
