武義同音字表							
简体	繁體	吳拼	IPA	备注			
资	資	tsy1	tsɿ24				
姿	姿	tsy1	tsɿ24				
咨	咨	tsy1	tsɿ24				
脂	脂	tsy1	tsɿ24	~油：豬油			
之	之	tsy1	tsɿ24	百分~一			
紫	紫	tsy3	tsɿ445				
指	指	tsy3	tsɿ445	戒~			
子	子	tsy3	tsɿ445				
籽	籽	tsy3	tsɿ445				
知	知	tsy3	tsɿ445	~識			
雌	雌	tshy1	tsʰɿ24				
此	此	tshy3	tsʰɿ445				
齿	齒	tshy3	tsʰɿ445				
刺	刺	tshy5	tsʰɿ53	~猬			
次	次	tshy5	tsʰɿ53				
斯	斯	sy1	sɿ24				
筛	篩	sy1	sɿ24	米~			
私	私	sy1	sɿ24				
师	師	sy1	sɿ24				
狮	獅	sy1	sɿ24				
蛳	螄	sy1	sɿ24				
司	司	sy1	sɿ24				
丝	絲	sy1	sɿ24				
思	思	sy1	sɿ24				
死	死	sy3	sɿ445				
使	使	sy3	sɿ445				
史	史	sy3	sɿ445				
驶	駛	sy3	sɿ445				
时	時	sy3	sɿ445	~節			
试	試	sy5	sɿ53				
疏	疏	sy5	sɿ53	生~			
自	自	sy5	sɿ53	~刎			
瓷	瓷	zy2	zɿ423				
糍	糍	zy2	zɿ423				
慈	慈	zy2	zɿ423				
辞	辭	zy2	zɿ423				
词	詞	zy2	zɿ423				
祠	祠	zy2	zɿ423				
嗣	嗣	zy2	zɿ423				
巳	巳	zy4	zɿ334				
祀	祀	zy4	zɿ334				
士	士	zy4	zɿ334				
仕	仕	zy4	zɿ334				
市	市	zy4	zɿ334				
逝	逝	zy6	zɿ31				
字	字	zy6	zɿ31				
牸	牸	zy6	zɿ31	水~：未生育的母水牛			
寺	寺	zy6	zɿ31				
饲	飼	zy6	zɿ31	~奶：餵奶			
事	事	zy6	zɿ31				
碑	碑	pi1	pi24				
卑	卑	pi1	pi24				
屄	屄	pi1	pi24				
比	比	pi3	pi445				
闭	閉	pi5	pi53				
蔽	蔽	pi5	pi53				
毙	斃	pi5	pi53				
臂	臂	pi5	pi53				
秘	秘	pi5	pi53				
沛	沛	phi5	pʰi53				
譬	譬	phi5	pʰi53				
屁	屁	phi5	pʰi53				
皮	皮	bi2	bi423				
脾	脾	bi2	bi423				
彼	彼	bi2	bi423				
坒	坒	bi2	bi423	一~磚：一層磚			
被	被	bi4	bi334	被子			
倍	倍	bi6	bi31				
佩	佩	bi6	bi31				
避	避	bi6	bi31				
痹	痹	bi6	bi31				
备	備	bi6	bi31				
篦	篦	bi6	bi31				
琵	琵	bi	bi21	~琶			
枇	枇	bi	bi21	~杷			
迷	迷	mi2	mi423				
弥	彌	mi2	mi423				
眉	眉	mi2	mi423				
楣	楣	mi2	mi423				
每	每	mi4	mi334				
美	美	mi4	mi334				
敏	敏	mi4	mi334				
未	未	mi5	mi53	副詞			
未	未	mi6	mi31	副詞			
非	非	fi1	fi24				
飞	飛	fi1	fi24				
妃	妃	fi1	fi24				
匪	匪	fi3	fi445				
痱	痱	fi5	fi53				
维	維	vi2	vi423				
惟	惟	vi2	vi423				
唯	唯	vi2	vi423				
肥	肥	vi2	vi423				
微	微	vi2	vi423				
未	未	vi6	vi31	地支之一			
味	味	vi6	vi31				
地	地	di6	di31	荡地：落若干荡地（在很多地方）			
猪	豬	li1	li24				
脶	腡	li2	li423				
驴	驢	li2	li423				
离	離	li2	li423				
篱	籬	li2	li423				
梨	梨	li2	li423				
厘	釐	li2	li423				
莱	萊	li3	li445	大~口：地名			
吕	呂	li4	li334				
李	李	li4	li334	姓			
里	裡	li4	li334	城~			
理	理	li4	li334				
鲤	鯉	li4	li334				
𣥼	𣥼	li5	li53	~飯：盛飯；裝			
榈	櫚	li5	li53	棕~：棕樹			
履	履	li5	li53	~坦：地名			
厉	厲	li6	li31				
隶	隸	li6	li31				
利	利	li6	li31				
吏	吏	li6	li31				
泪	淚	li6	li31				
里	里	li6	li31	一~			
狸	狸	li6	li31	狐~			
齑	齏	ci1	ʨi24	~菜：一種醃菜			
稽	稽	ci1	ʨi24				
支	支	ci1	ʨi24				
枝	枝	ci1	ʨi24				
肢	肢	ci1	ʨi24				
栀	梔	ci1	ʨi24				
岐	岐	ci1	ʨi24				
饥	飢	ci1	ʨi24				
饥	饑	ci1	ʨi24				
肌	肌	ci1	ʨi24				
之	之	ci1	ʨi24	走~旁			
芝	芝	ci1	ʨi24				
基	基	ci1	ʨi24				
机	機	ci1	ʨi24				
纸	紙	ci3	ʨi445				
姊	姊	ci3	ʨi445				
旨	旨	ci3	ʨi445				
麂	麂	ci3	ʨi445				
止	止	ci3	ʨi445				
址	址	ci3	ʨi445				
己	己	ci3	ʨi445				
纪	紀	ci3	ʨi445	年~			
杞	杞	ci3	ʨi445				
嘴	嘴	ci3	ʨi445				
穄	穄	ci5	ʨi53	蘆~：高粱			
计	計	ci5	ʨi53	夥~			
寄	寄	ci5	ʨi53				
致	致	ci5	ʨi53				
至	至	ci5	ʨi53				
置	置	ci5	ʨi53				
志	志	ci5	ʨi53				
志	誌	ci5	ʨi53				
痣	痣	ci5	ʨi53				
记	記	ci5	ʨi53				
既	既	ci5	ʨi53				
暨	暨	ci5	ʨi53				
醉	醉	ci5	ʨi53				
季	季	ci5	ʨi53				
苎	苧	ci5	ʨi53	~布：做蚊帳的布			
脂	脂	ci5	ʨi53	胭~			
指	指	ci5	ʨi53	~示			
几	几	ci5	ʨi53	茶~			
起	起	ci0	ʨi0	補語			
舒	舒	chi1	ʨʰi24	~牀：鋪牀			
欺	欺	chi1	ʨʰi24				
鼠	鼠	chi3	ʨʰi445				
企	企	chi3	ʨʰi445				
耻	恥	chi3	ʨʰi445				
起	起	chi3	ʨʰi445				
觑	覷	chi5	ʨʰi53	近~：近視			
刺	刺	chi5	ʨʰi53	植物的刺			
器	器	chi5	ʨʰi53				
弃	棄	chi5	ʨʰi53				
气	氣	chi5	ʨʰi53				
汽	汽	chi5	ʨʰi53				
池	池	ji2	ʥi423				
奇	奇	ji2	ʥi423				
骑	騎	ji2	ʥi423				
迟	遲	ji2	ʥi423				
祁	祁	ji2	ʥi423				
持	持	ji2	ʥi423				
其	其	ji2	ʥi423				
棋	棋	ji2	ʥi423				
旗	旗	ji2	ʥi423				
期	期	ji2	ʥi423				
祈	祈	ji2	ʥi423				
是	是	ji4	ʥi334				
痔	痔	ji4	ʥi334				
箸	箸	ji6	ʥi31				
技	技	ji6	ʥi31				
治	治	ji6	ʥi31				
忌	忌	ji6	ʥi31				
及	及	ji6	ʥi31	來得~			
雉	雉	ji33	ʥi33	~雞：山雞			
记	記	ji0	ʥi0	阿~：現在			
谊	誼	gni2	ȵi423				
尼	尼	gni2	ȵi423				
疑	疑	gni2	ȵi423				
凝	凝	gni2	ȵi423				
仪	儀	gni4	ȵi334				
议	議	gni4	ȵi334				
艺	藝	gni6	ȵi31				
义	義	gni6	ȵi31				
毅	毅	gni6	ȵi31				
宜	宜	gni6	ȵi31	便~			
施	施	shi1	ɕi24				
羲	羲	shi1	ɕi24				
尸	尸	shi1	ɕi24				
牺	犧	shi1	ɕi24				
诗	詩	shi1	ɕi24				
嬉	嬉	shi1	ɕi24	玩兒			
熙	熙	shi1	ɕi24				
希	希	shi1	ɕi24				
稀	稀	shi1	ɕi24				
尿	尿	shi1	ɕi24				
玺	璽	shi3	ɕi445				
始	始	shi3	ɕi445				
喜	喜	shi3	ɕi445				
髓	髓	shi3	ɕi445				
蟢	蟢	shi3	ɕi445	~網窠：蜘蛛網			
絮	絮	shi5	ɕi53				
戏	戲	shi5	ɕi53				
四	四	shi5	ɕi53				
试	試	shi5	ɕi53	攷~			
薯	薯	shi5	ɕi53	山~：白薯			
徐	徐	zhi2	ʑi423				
匙	匙	zhi2	ʑi423				
时	時	zhi2	ʑi423	~間			
系	系	zhi4	ʑi334				
氏	氏	zhi4	ʑi334				
豉	豉	zhi6	ʑi31				
自	自	zhi6	ʑi31	自己			
示	示	zhi6	ʑi31				
视	視	zhi6	ʑi31				
姨	姨	i1	i24				
萁	萁	i1	i24	蕨~uo53：蕨			
箕	箕	i1	i24				
医	醫	i1	i24				
衣	衣	i1	i24				
依	依	i1	i24				
移	移	i2	i423				
胰	胰	i2	i423				
遗	遺	i2	i423				
煮	煮	i3	i445				
已	已	i4	i334				
以	以	i4	i334				
意	意	i5	i53				
忆	憶	i5	i53				
亿	億	i5	i53				
补	補	pu3	pu445				
谱	譜	pu3	pu445				
布	布	pu5	pu53				
布	佈	pu5	pu53				
蒲	蒲	pu5	pu53	水菖~：菖蒲			
潽	潽	phu1	pʰu24	溢			
普	普	phu3	pʰu445				
浦	浦	phu3	pʰu445				
甫	甫	phu3	pʰu445				
捕	捕	phu3	pʰu445				
铺	鋪	phu5	pʰu53	名詞			
匏	匏	bu2	bu423	瓠子			
部	部	bu4	bu334				
簿	簿	bu4	bu334				
步	步	bu6	bu31				
埠	埠	bu6	bu31	溪~頭：小碼頭			
伏	伏	bu6	bu31	孵			
葡	葡	bu	bu21	~萄			
荸	荸	bu	bu21	~薺			
模	模	mu2	mu423				
膜	膜	mu2	mu423				
墓	墓	mu6	mu31				
慕	慕	mu6	mu31				
暮	暮	mu6	mu31				
募	募	mu6	mu31				
幕	幕	mu6	mu31				
夫	夫	fu1	fu24				
肤	膚	fu1	fu24				
麸	麩	fu1	fu24				
府	府	fu3	fu445				
无	無	fu3	fu445	~輸贏：和棋			
敷	敷	fu5	fu53	動詞			
付	付	fu5	fu53				
咐	咐	fu5	fu53				
傅	傅	fu5	fu53				
附	附	fu5	fu53				
富	富	fu5	fu53				
副	副	fu5	fu53				
俘	俘	fu5	fu53	~虜			
芙	芙	fu5	fu53	~蓉花			
俯	俯	fu5	fu53	~首			
抚	撫	fu5	fu53	~養			
符	符	vu2	vu423				
浮	浮	vu2	vu423				
武	武	vu4	vu334				
舞	舞	vu4	vu334				
侮	侮	vu4	vu334				
鹉	鵡	vu4	vu334				
妇	婦	vu4	vu334				
腐	腐	vu6	vu31				
辅	輔	vu6	vu31				
务	務	vu6	vu31				
雾	霧	vu6	vu31				
婺	婺	vu6	vu31				
斧	斧	vu	vu33	~頭			
土	土	thu3	tʰu445				
吐	吐	thu3	tʰu445	~口痰：吐痰			
吐	吐	thu5	tʰu53	嘔吐			
徒	徒	du2	du423				
途	途	du2	du423				
涂	涂	du2	du423				
图	圖	du2	du423				
杜	杜	du4	du334				
肚	肚	du4	du334	~臍			
度	度	du6	du31				
渡	渡	du6	du31				
镀	鍍	du6	du31				
努	努	nu5	nu53	~力			
啰	啰	lu1	lu24	~唆			
都	都	lu1	lu24	首~			
卢	盧	lu2	lu423				
炉	爐	lu2	lu423				
芦	蘆	lu2	lu423	~：高粱			
庐	廬	lu2	lu423				
都	都	lu3	lu445	副詞			
赌	賭	lu3	lu445				
肚	肚	lu3	lu445	豬~			
鲁	魯	lu4	lu334				
堵	堵	lu5	lu53				
拄	拄	lu5	lu53				
卤	鹵	lu5	lu53	~貨			
路	路	lu6	lu31				
露	露	lu6	lu31				
鹭	鷺	lu6	lu31				
租	租	tsu1	tsu24				
祖	祖	tsu3	tsu445				
组	組	tsu3	tsu445				
租	租	tsu3	tsu445				
粗	粗	tshu1	tsʰu24				
初	初	tshu1	tsʰu24				
楚	楚	tshu3	tsʰu445				
础	礎	tshu3	tsʰu445				
醋	醋	tshu5	tsʰu53				
梭	梭	su1	su24				
苏	蘇	su1	su24				
酥	酥	su1	su24				
蔬	蔬	su1	su24				
须	鬚	su1	su24	鬍~			
鸶	鷥	su1	su24	鷺~			
素	素	su5	su53				
诉	訴	su5	su53				
塑	塑	su5	su53				
数	數	su5	su53	名詞			
唆	唆	su5	su53	啰~			
稣	穌	su5	su53	耶~			
助	助	zu6	zu31				
姑	姑	ku1	ku24				
孤	孤	ku1	ku24				
菇	菇	ku1	ku24				
古	古	ku3	ku445				
估	估	ku3	ku445				
牯	牯	ku3	ku445				
股	股	ku3	ku445				
鼓	鼓	ku3	ku445				
故	故	ku5	ku53				
固	固	ku5	ku53				
锢	錮	ku5	ku53				
雇	僱	ku5	ku53				
顾	顧	ku5	ku53				
箍	箍	khu1	kʰu24				
枯	枯	khu1	kʰu24				
苦	苦	khu3	kʰu445				
库	庫	khu5	kʰu53				
裤	褲	khu5	kʰu53				
误	誤	ngu6	ŋu31				
悟	悟	ngu6	ŋu31				
互	互	ngu6	ŋu31				
呼	呼	hu1	xu24				
乎	乎	hu1	xu24				
虎	虎	hu3	xu445				
浒	滸	hu3	xu445				
薅	薅	hu3	xu445	~田：耘田			
戽	戽	hu5	xu53				
乌	烏	u1	u24	黑			
污	污	u1	u24				
吴	吳	u2	u423				
胡	胡	u2	u423				
湖	湖	u2	u423				
糊	糊	u2	u423	動詞			
坞	塢	u3	u445	山~：山谷			
蝴	蝴	u3	u445	~蝶			
户	戶	u4	u334				
沪	滬	u4	u334				
恶	惡	u5	u53	可~			
糊	糊	u6	u31	名詞			
护	護	u6	u31				
壶	壺	u6	u31	茶~			
梧	梧	u	u21	~桐			
胡	鬍	u	u21	~鬚			
狐	狐	u	u21	~狸			
葫	葫	u	u21	~蘆			
旅	旅	liu4	ly334				
铝	鋁	liu4	ly334				
屡	屢	liu4	ly334				
虑	慮	liu6	ly31				
类	類	liu6	ly31				
诸	諸	ciu1	ʨy24				
车	車	ciu1	ʨy24	~馬炮			
诛	誅	ciu1	ʨy24				
朱	朱	ciu1	ʨy24				
朱	硃	ciu1	ʨy24				
珠	珠	ciu1	ʨy24				
拘	拘	ciu1	ʨy24				
追	追	ciu1	ʨy24				
龟	龜	ciu1	ʨy24				
举	舉	ciu3	ʨy445				
主	主	ciu3	ʨy445				
矩	矩	ciu3	ʨy445				
嘴	嘴	ciu3	ʨy445	香煙~			
着	著	ciu5	ʨy53				
据	據	ciu5	ʨy53				
注	注	ciu5	ʨy53				
注	註	ciu5	ʨy53				
蛀	蛀	ciu5	ʨy53				
铸	鑄	ciu5	ʨy53				
句	句	ciu5	ʨy53				
贵	貴	ciu5	ʨy53				
拒	拒	ciu5	ʨy53	~絕			
区	區	chiu1	ʨʰy24				
驱	驅	chiu1	ʨʰy24				
吹	吹	chiu1	ʨʰy24				
炊	炊	chiu1	ʨʰy24				
取	取	chiu3	ʨʰy445				
处	處	chiu5	ʨʰy53	相~			
处	處	chiu5	ʨʰy53	到~			
戍	戍	chiu5	ʨʰy53	~當：家裡			
翠	翠	chiu5	ʨʰy53				
除	除	jiu2	ʥy423				
储	儲	jiu2	ʥy423				
渠	渠	jiu2	ʥy423	~道			
巨	巨	jiu2	ʥy423	要~：地名			
厨	廚	jiu2	ʥy423				
橱	櫥	jiu2	ʥy423				
衢	衢	jiu2	ʥy423				
槌	槌	jiu2	ʥy423				
锤	錘	jiu2	ʥy423				
捶	捶	jiu2	ʥy423	~背			
葵	葵	jiu2	ʥy423				
绪	緒	jiu4	ʥy334	光~			
苎	苧	jiu4	ʥy334				
巨	巨	jiu4	ʥy334				
距	距	jiu4	ʥy334				
柱	柱	jiu4	ʥy334				
跪	跪	jiu4	ʥy334				
居	居	jiu6	ʥy31				
驻	駐	jiu6	ʥy31				
住	住	jiu6	ʥy31				
具	具	jiu6	ʥy31				
惧	懼	jiu6	ʥy31				
柜	櫃	jiu6	ʥy31				
鱼	魚	gniu2	ȵy423				
渔	漁	gniu2	ȵy423				
愚	愚	gniu2	ȵy423				
虞	虞	gniu2	ȵy423				
娱	娛	gniu2	ȵy423				
女	女	gniu4	ȵy334				
语	語	gniu4	ȵy334				
蕊	蕊	gniu4	ȵy334	花~：花蕾			
御	御	gniu6	ȵy31				
书	書	shiu1	ɕy24				
舒	舒	shiu1	ɕy24				
虚	虛	shiu1	ɕy24				
叙	敘	shiu1	ɕy24				
需	需	shiu1	ɕy24				
须	須	shiu1	ɕy24				
输	輸	shiu1	ɕy24	敗；運~			
暑	暑	shiu3	ɕy445				
许	許	shiu3	ɕy445				
数	數	shiu3	ɕy445	動詞			
水	水	shiu3	ɕy445				
庶	庶	shiu5	ɕy53				
恕	恕	shiu5	ɕy53				
署	署	shiu5	ɕy53				
戍	戍	shiu5	ɕy53				
荽	荽	shiu5	ɕy53	芫~：香菜			
如	如	zhiu2	ʑy423				
殊	殊	zhiu2	ʑy423				
儒	儒	zhiu2	ʑy423				
随	隨	zhiu2	ʑy423				
隋	隋	zhiu2	ʑy423				
序	序	zhiu4	ʑy334				
绪	緒	zhiu4	ʑy334				
汝	汝	zhiu4	ʑy334				
竖	豎	zhiu4	ʑy334				
乳	乳	zhiu4	ʑy334				
瑞	瑞	zhiu4	ʑy334				
树	樹	zhiu6	ʑy31				
隧	隧	zhiu6	ʑy31				
遂	遂	zhiu	ʑy	~昌：地名			
余	余	iu2	y423				
余	餘	iu2	y423				
愉	愉	iu2	y423				
俞	俞	iu2	y423				
愈	愈	iu2	y423				
椅	椅	iu3	y445				
守	守	iu3	y445	看守			
于	於	iu4	y334				
于	于	iu4	y334				
雨	雨	iu4	y334				
宇	宇	iu4	y334				
羽	羽	iu4	y334				
誉	譽	iu6	y31				
预	預	iu6	y31				
豫	豫	iu6	y31				
芋	芋	iu6	y31				
喻	喻	iu6	y31				
裕	裕	iu6	y31				
位	位	iu6	y31	~牌：牌位			
盂	盂	iu6	y31	痰~			
围	圍	iu	y21	~牆			
杯	杯	paa1	pa24				
悲	悲	paa1	pa24				
贝	貝	paa5	pa53				
辈	輩	paa5	pa53				
背	背	paa5	pa53	~脊			
背	背	paa5	pa53	用背馱			
胚	胚	phaa1	pʰa24				
坯	坯	phaa1	pʰa24				
配	配	phaa7	pʰa5				
培	培	baa2	ba423				
陪	陪	baa2	ba423				
赔	賠	baa2	ba423				
彭	彭	baa2	ba423				
搒	搒	baa2	ba423	拂			
棚	棚	baa2	ba423	冬瓜~			
白	白	baa4	ba334				
背	背	baa6	ba31	背誦			
焙	焙	baa6	ba31				
罢	罷	baa0	ba0	助詞，了			
梅	梅	maa2	ma423				
枚	枚	maa2	ma423				
媒	媒	maa2	ma423				
煤	煤	maa2	ma423				
莓	莓	maa2	ma423				
盲	盲	maa2	ma423				
猛	猛	maa4	ma334				
蜢	蜢	maa4	ma334				
孟	孟	maa4	ma334				
麦	麥	maa4	ma334				
脉	脈	maa4	ma334				
柄	柄	maa5	ma53				
摒	摒	maa5	ma53	拔，抽			
妹	妹	maa6	ma31				
妈	媽	maa0	ma0	姆~：母親			
胎	胎	thaa1	tʰa24				
台	台	thaa1	tʰa24	~州			
苔	苔	thaa1	tʰa24				
梯	梯	thaa1	tʰa24				
推	推	thaa1	tʰa24				
煺	煺	thaa1	tʰa24	~毛：用滾水燙後去掉雞毛			
腿	腿	thaa3	tʰa445				
态	態	thaa5	tʰa53				
退	退	thaa5	tʰa53				
台	臺	daa2	da423				
待	待	daa4	da334				
贷	貸	daa6	da31				
代	代	daa6	da31				
袋	袋	daa6	da31				
队	隊	daa6	da31				
兑	兌	daa6	da31				
鲐	鮐	daa6	da31	鮎~：鮎魚			
打	打	naa3	na445				
耐	耐	naa4	na334				
冷	冷	naa4	na334				
内	內	naa6	na31				
呢	呢	naa0	na0	助詞，了			
来	來	laa1	la24	用作補語			
堆	堆	laa1	la24				
来	來	laa2	la423				
儡	儡	laa4	la334				
戴	戴	laa5	la53	姓			
对	對	laa5	la53				
碓	碓	laa5	la53				
𨀤	𨀤	laa6	la31	滾動			
待西儿	待西儿	laa	la33	da33~:什麼。作定語。			
雷	雷	laa	la21	~公			
灾	災	tsaa1	tsa24				
栽	栽	tsaa1	tsa24				
争	爭	tsaa1	tsa24				
再	再	tsaa5	tsa53				
载	載	tsaa5	tsa53	滿~			
猜	猜	tshaa1	tsʰa24				
催	催	tshaa1	tsʰa24				
崔	崔	tshaa1	tsʰa24				
撑	撐	tshaa1	tsʰa24				
彩	彩	tshaa3	tsʰa445				
采	采	tshaa3	tsʰa445				
睬	睬	tshaa3	tsʰa445				
踩	踩	tshaa3	tsʰa445				
菜	菜	tshaa5	tsʰa53				
牚	牚	tshaa5	tsʰa53				
泽	澤	dzaa4	dza334				
择	擇	dzaa4	dza334	挑選			
宅	宅	dzaa4	dza334	王~：地名			
腮	腮	saa1	sa24				
鳃	鰓	saa1	sa24				
生	生	saa1	sa24				
牲	牲	saa1	sa24				
笙	笙	saa1	sa24				
甥	甥	saa1	sa24				
碎	碎	saa4	sa334				
省	省	saa4	sa334	浙江~			
省	省	saa4	sa334	節~			
赛	賽	saa5	sa53				
栖	栖	saa5	sa53	雞~：雞屋			
碎	碎	saa5	sa53	散~：零錢			
帅	帥	saa5	sa53				
生	生	saa5	sa53	~好：怎麼辦			
昨	昨	saa5	sa53	~日			
才	才	zaa2	za423				
材	材	zaa2	za423				
财	財	zaa2	za423				
裁	裁	zaa2	za423				
在	在	zaa4	za334				
罪	罪	zaa4	za334				
该	該	kaa1	ka24				
更	更	kaa1	ka24	五~ （早饭）			
庚	庚	kaa1	ka24				
羹	羹	kaa1	ka24				
耕	耕	kaa1	ka24				
改	改	kaa3	ka445				
几	幾	kaa3	ka445	~個			
虮	蟣	kaa3	ka445	虱~			
概	概	kaa5	ka53				
溉	溉	kaa5	ka53				
盖	蓋	kaa5	ka53				
哽	哽	kaa5	ka53				
更	更	kaa5	ka53	副詞			
开	開	khaa1	kʰa24				
盔	盔	khaa1	kʰa24				
铅	鉛	khaa1	kʰa24				
坑	坑	khaa1	kʰa24				
徛	徛	gaa4	ɡa334	住			
隑	隑	gaa6	ɡa31	倚靠			
额	額	ngaa2	ŋa423				
碍	礙	ngaa6	ŋa31				
硬	硬	ngaa6	ŋa31				
行	行	ngaa6	ŋa31	品～			
呆	呆	ngaa	ŋa33	~du31：傻瓜			
杏	杏	ngaa	ŋa33	~梅：杏子			
行	行	ngaa	ŋa21	~頭			
桁	桁	ngaa	ŋa21	~條：檁			
亨	亨	haa1	xa24				
海	海	haa3	xa445				
哀	哀	aa1	a24				
亥	亥	aa4	a334				
爱	愛	aa5	a53				
害	害	aa6	a31				
我	我	aa	a33	~農：我			
摆	擺	piaa3	pia445				
簸	簸	piaa5	pia53	動詞			
拜	拜	piaa5	pia53				
破	破	phiaa5	pʰia53				
派	派	phiaa5	pʰia53				
排	排	biaa2	bia423				
牌	牌	biaa2	bia423				
簰	簰	biaa2	bia423				
败	敗	biaa6	bia31				
买	買	miaa4	mia334				
卖	賣	miaa6	mia31				
拖	拖	thiaa1	tʰia24				
替	替	thiaa5	tʰia53				
太	太	thiaa5	tʰia53				
泰	泰	thiaa5	tʰia53				
䈆	䈆	diaa4	dia334	篩穀~：一種圓形竹器			
迭	疊	diaa4	dia334				
蝶	蝶	diaa4	dia334				
碟	碟	diaa4	dia334				
谍	諜	diaa4	dia334				
牒	牒	diaa4	dia334				
大	大	diaa6	dia31	~學			
汏	汏	diaa6	dia31	漂洗			
捏	捏	niaa1	nia24				
奶	奶	niaa4	nia334	乳房			
蚁	蟻	niaa4	nia334				
伢	伢	niaa5	nia53	細~uaŋ334：嬰兒			
奈	奈	niaa6	nia31				
爹	爹	liaa1	lia24				
凉	涼	liaa1	lia24	~帽：草帽			
𥲁	𥲁	liaa4	lia334	索粉乾：曬粉乾用的竹簾			
戴	戴	liaa5	lia53	動詞			
带	帶	liaa5	lia53	名詞；動詞			
滴	滴	liaa5	lia53				
鳢	鱧	liaa5	lia53	~狗：烏鱧			
赖	賴	liaa6	lia31				
癞	癩	liaa6	lia31				
箩	籮	liaa6	lia31	槽~：籮			
遮	遮	ciaa1	ʨia24				
斋	齋	ciaa1	ʨia24				
阶	階	ciaa1	ʨia24				
街	街	ciaa1	ʨia24				
解	解	ciaa3	ʨia445	動詞			
庎	庎	ciaa3	ʨia445	碗~櫥：碗櫥			
债	債	ciaa3	ʨia445	取~鬼：夭折的小孩			
借	借	ciaa5	ʨia53				
䶓	䶓	ciaa5	ʨia53	麻絲			
楂	楂	ciaa5	ʨia53	毛~：山楂			
者	者	ciaa0	ʨia0	記~			
车	車	chiaa1	ʨʰia24	貨~			
揩	揩	chiaa1	ʨʰia24				
钗	釵	chiaa1	ʨʰia24				
楷	楷	chiaa3	ʨʰia445				
且	且	chiaa5	ʨʰia53				
笡	笡	chiaa5	ʨʰia53	斜			
蔡	蔡	chiaa5	ʨʰia53				
懈	懈	jiaa4	ʥia334	慢			
峡	峽	jiaa4	ʥia334				
艾	艾	gniaa6	ȵia31	草名			
外	外	gniaa6	ȵia31				
饵	餌	gniaa6	ȵia31	誘餌			
沙	沙	shiaa1	ɕia24				
纱	紗	shiaa1	ɕia24				
赊	賒	shiaa1	ɕia24				
写	寫	shiaa3	ɕia445				
舍	捨	shiaa3	ɕia445	弗~kɤ53：捨不得			
蟹	蟹	shiaa3	ɕia445				
畬	畬	shiaa3	ɕia445	~客農：畬族人			
泻	瀉	shiaa5	ɕia53				
赦	赦	shiaa5	ɕia53				
舍	舍	shiaa5	ɕia53				
细	細	shiaa5	ɕia53	小			
邪	邪	zhiaa2	ʑia423				
斜	斜	zhiaa2	ʑia423				
蛇	蛇	zhiaa2	ʑia423				
豺	豺	zhiaa2	ʑia423				
柴	柴	zhiaa2	ʑia423				
社	社	zhiaa4	ʑia334				
截	截	zhiaa4	ʑia334	剪			
谢	謝	zhiaa6	ʑia31				
射	射	zhiaa6	ʑia31				
麝	麝	zhiaa6	ʑia31				
也	也	iaa1	ia24				
挨	挨	iaa1	ia24	~罵			
爷	爺	iaa2	ia423	父親			
鞋	鞋	iaa2	ia423	皮~			
矮	矮	iaa3	ia445				
也	也	iaa4	ia334				
野	野	iaa4	ia334				
协	協	iaa4	ia334				
夜	夜	iaa6	ia31				
耶	耶	iaa	ia21	~穌			
惊	驚	kuaa1	kua24	怕			
梗	梗	kuaa3	kua445				
魁	魁	khuaa1	kʰua24				
奎	奎	khuaa1	kʰua24				
傀	傀	khuaa3	kʰua445				
块	塊	khuaa5	kʰua53				
快	快	khuaa5	kʰua53	爽~			
横	橫	nguaa2	ŋua423				
衡	衡	nguaa2	ŋua423				
怀	懷	uaa2	ua423	~念			
淮	淮	uaa2	ua423				
会	會	uaa6	ua31	乖			
外	外	uaa6	ua31				
巴	巴	pua1	puɑ24				
芭	芭	pua1	puɑ24				
疤	疤	pua1	puɑ24				
靶	靶	pua5	puɑ53				
霸	霸	pua5	puɑ53				
坝	壩	pua5	puɑ53				
把	把	pua5	puɑ53	量詞			
巴	巴	bua2	buɑ423	下~			
爬	爬	bua2	buɑ423				
筢	筢	bua2	buɑ423				
罢	罷	bua4	buɑ334	午~：下午			
拔	拔	bua4	buɑ334				
耙	耙	bua6	buɑ31	田~			
䶕	䶕	bua6	buɑ31	牙齒外露			
稗	稗	bua6	buɑ31				
琶	琶	bua6	buɑ31	琵~			
杷	杷	bua6	buɑ31	枇~			
巴	巴	mua1	muɑ24	尾~			
麻	麻	mua2	muɑ423				
痳	痳	mua2	muɑ423				
蟆	蟆	mua3	muɑ445	蛤~蒼蠅：牛虻			
毛	毛	mua3	muɑ445	~竹			
马	馬	mua4	muɑ334				
袜	襪	mua4	muɑ334				
码	碼	mua5	muɑ53	~頭			
骂	罵	mua6	muɑ31				
蚂	螞	mua	muɑ33	~蟥			
罚	罰	vua4	vuɑ334				
达	達	dua4	duɑ334				
踏	踏	dua6	duɑ31				
女	女	nua5	nuɑ53	~婿：女婿			
鲇	鮎	nua	nuɑ21	~鮐：鮎魚			
槐	槐	lua2	luɑ423				
曰	曰	lua2	luɑ423				
腊	臘	lua4	luɑ334				
蜡	蠟	lua4	luɑ334				
镴	镴	lua4	luɑ334				
辣	辣	lua4	luɑ334				
渣	渣	tsua1	tsuɑ24				
怪	怪	tsua5	tsuɑ53				
挂	掛	tsua5	tsuɑ53	雞食~：雞嗉子			
䖳	䖳	tsua5	tsuɑ53	~魚頭：海蜇			
扎	扎	tsua5	tsuɑ53	~實			
叉	叉	tshua1	tsʰuɑ24				
杈	杈	tshua1	tsʰuɑ24				
差	差	tshua1	tsʰuɑ24	~別			
差	差	tshua1	tsʰuɑ24	出~			
快	快	tshua5	tsʰuɑ53				
茶	茶	dzua2	dzuɑ423				
搽	搽	dzua2	dzuɑ423				
查	查	dzua2	dzuɑ423	動詞			
怀	懷	dzua2	dzuɑ423	~當：懷裡			
抓	抓	dzua4	dzuɑ334	~牌			
射	射	dzua6	dzuɑ31	~牀：尿牀			
痧	痧	sua1	suɑ24				
梳	梳	sua1	suɑ24				
疏	疏	sua1	suɑ24				
洒	灑	sua3	suɑ445				
甩	甩	sua3	suɑ445				
钐	釤	sua3	suɑ445	~：鐮刀			
晒	曬	sua5	suɑ53				
锄	鋤	zua2	zuɑ423				
闸	閘	zua4	zuɑ334				
煠	煠	zua4	zuɑ334	用水煮			
家	家	kua1	kuɑ24				
加	加	kua1	kuɑ24				
嘉	嘉	kua1	kuɑ24				
枷	枷	kua1	kuɑ24				
瓜	瓜	kua1	kuɑ24				
佳	佳	kua1	kuɑ24				
假	假	kua3	kuɑ445	真~			
贾	賈	kua3	kuɑ445				
假	假	kua3	kuɑ445	放~			
剐	剮	kua3	kuɑ445				
架	架	kua5	kuɑ53				
驾	駕	kua5	kuɑ53				
嫁	嫁	kua5	kuɑ53				
稼	稼	kua5	kuɑ53				
价	價	kua5	kuɑ53				
挂	掛	kua5	kuɑ53				
卦	卦	kua5	kuɑ53				
褂	褂	kua5	kuɑ53				
哥	哥	kua5	kuɑ53	~~			
寡	寡	kua5	kuɑ53	~婦			
夸	夸	khua1	kʰuɑ24				
垮	垮	khua1	kʰuɑ24				
揢	揢	khua5	kʰuɑ53	捉			
挟	挾	gua4	ɡuɑ334	夾在腋下			
牙	牙	ngua2	ŋuɑ423				
芽	芽	ngua2	ŋuɑ423				
岩	岩	ngua2	ŋuɑ423				
癌	癌	ngua2	ŋuɑ423				
颜	顏	ngua2	ŋuɑ423				
雅	雅	ngua4	ŋuɑ334				
瓦	瓦	ngua4	ŋuɑ334				
虾	蝦	hua1	xuɑ24	~皮			
花	花	hua1	xuɑ24				
化	化	hua5	xuɑ53				
鸦	鴉	ua1	uɑ24				
桠	椏	ua1	uɑ24	樹~			
亚	亞	ua1	uɑ24				
华	華	ua2	uɑ423				
划	划	ua2	uɑ423	~船			
蛤	蛤	ua3	uɑ445	~蟆蒼蠅：牛虻			
下	下	ua4	uɑ334	鄉~			
狭	狹	ua4	uɑ334				
活	活	ua4	uɑ334				
伢	伢	ua5	uɑ53	細~鬼兒：小孩兒			
雅	雅	ua5	uɑ53	~畈：地名			
哑	啞	ua5	uɑ53	~口：啞巴			
会	會	ua5	uɑ53	助動詞			
滑	滑	ua5	uɑ53	~ɕiu53：滑			
厦	廈	ua6	uɑ31	~門			
下	下	ua6	uɑ31	動詞			
夏	夏	ua6	uɑ31	春~秋冬			
画	畫	ua6	uɑ31				
话	話	ua6	uɑ31				
衙	衙	ua	uɑ21	~門			
怀	懷	iua2	iuɑ423	彭德~			
槐	槐	iua2	iuɑ423				
曰	曰	iua2	iuɑ423				
坏	壞	iua6	iuɑ31				
农	農	nao4	nɔ334	你			
笤	笤	toe5	tɤ53	~帚：掃帚			
贪	貪	thoe1	tʰɤ24				
吞	吞	thoe1	tʰɤ24				
讨	討	thoe3	tʰɤ445				
套	套	thoe5	tʰɤ53				
探	探	thoe5	tʰɤ53				
桃	桃	doe2	dɤ423				
淘	淘	doe2	dɤ423				
陶	陶	doe2	dɤ423				
潭	潭	doe2	dɤ423				
谭	譚	doe2	dɤ423				
团	團	doe2	dɤ423				
锻	鍛	doe2	dɤ423				
道	道	doe4	dɤ334				
稻	稻	doe4	dɤ334				
盗	盜	doe6	dɤ31				
导	導	doe6	dɤ31				
缎	緞	doe6	dɤ31				
钝	鈍	doe6	dɤ31				
萄	萄	doe6	dɤ31	葡~			
昙	曇	doe	dɤ21	~花			
端	端	noe1	nɤ24				
南	南	noe2	nɤ423				
楠	楠	noe2	nɤ423				
男	男	noe2	nɤ423				
鸾	鸞	noe2	nɤ423				
短	短	noe3	nɤ445				
脑	腦	noe4	nɤ334				
纳	納	noe4	nɤ334				
倒	倒	noe5	nɤ53	顛~畈：地名			
乱	亂	noe6	nɤ31				
嫩	嫩	noe6	nɤ31				
刀	刀	loe1	lɤ24				
劳	勞	loe2	lɤ423				
牢	牢	loe2	lɤ423				
涝	澇	loe2	lɤ423				
岛	島	loe3	lɤ445				
倒	倒	loe3	lɤ445	打~			
老	老	loe4	lɤ334				
到	到	loe5	lɤ53				
答	答	loe5	lɤ53				
掇	掇	loe5	lɤ53	雙手拿東西			
痨	癆	loe	lɤ21	~病			
糟	糟	tsoe1	tsɤ24				
簪	簪	tsoe1	tsɤ24				
鑚	鑚	tsoe1	tsɤ24	動詞			
早	早	tsoe3	tsɤ445				
灶	竈	tsoe5	tsɤ53				
荐	薦	tsoe5	tsɤ53	稻稈~：稻草床墊			
鑚	鑚	tsoe5	tsɤ53	車~：鑚，名詞			
参	參	tshoe1	tsʰɤ24	~加			
惨	慘	tshoe1	tsʰɤ24				
汆	汆	tshoe1	tsʰɤ24	焯			
村	村	tshoe1	tsʰɤ24				
草	草	tshoe3	tsʰɤ445				
寸	寸	tshoe5	tsʰɤ53				
操	操	tshoe5	tsʰɤ53	曹~			
酸	酸	soe1	sɤ24				
深	深	soe1	sɤ24	~坑：地名			
孙	孫	soe1	sɤ24	孫子；侄子			
扫	掃	soe3	sɤ445	~地			
嫂	嫂	soe3	sɤ445				
些	些	soe5	sɤ53				
燥	燥	soe5	sɤ53				
算	算	soe5	sɤ53				
蒜	蒜	soe5	sɤ53				
曹	曹	zoe2	zɤ423				
槽	槽	zoe2	zɤ423				
蚕	蠶	zoe2	zɤ423				
皂	皂	zoe4	zɤ334				
造	造	zoe4	zɤ334				
錾	鏨	zoe4	zɤ334				
杂	雜	zoe4	zɤ334				
高	高	koe1	kɤ24				
膏	膏	koe1	kɤ24				
篙	篙	koe1	kɤ24				
糕	糕	koe1	kɤ24				
甘	甘	koe1	kɤ24	~蔗			
干	干	koe1	kɤ24	若~：很多；ȵie445~：上下，左右			
干	乾	koe1	kɤ24	~菜			
肝	肝	koe1	kɤ24				
稿	稿	koe3	kɤ445				
感	感	koe3	kɤ445				
敢	敢	koe3	kɤ445				
杆	桿	koe3	kɤ445				
秆	稈	koe3	kɤ445				
赶	趕	koe3	kɤ445				
泔	泔	koe3	kɤ445	米~水			
告	告	koe5	kɤ53				
干	幹	koe5	kɤ53	~部			
鸽	鴿	koe5	kɤ53				
合	合	koe5	kɤ53	眼睛~xa24罷：睡著了			
割	割	koe5	kɤ53				
葛	葛	koe5	kɤ53				
刊	刊	khoe3	kʰɤ445	~物			
烤	烤	khoe5	kʰɤ53				
靠	靠	khoe5	kʰɤ53				
磡	磡	khoe5	kʰɤ53	高埂			
𢷒	𢷒	goe4	ɡɤ334	挑擔			
安	安	ngoe1	ŋɤ24				
鞍	鞍	ngoe1	ŋɤ24				
按	按	ngoe1	ŋɤ24				
熬	熬	ngoe2	ŋɤ423				
寒	寒	ngoe2	ŋɤ423				
韩	韓	ngoe2	ŋɤ423				
啮	嚙	ngoe4	ŋɤ334	咬			
庵	庵	ngoe5	ŋɤ53				
暗	暗	ngoe5	ŋɤ53				
案	案	ngoe5	ŋɤ53				
傲	傲	ngoe6	ŋɤ31				
鏊	鏊	ngoe6	ŋɤ31	~盤：平底鍋			
旱	旱	ngoe6	ŋɤ31				
岸	岸	ngoe6	ŋɤ31				
汗	汗	ngoe6	ŋɤ31				
焊	焊	ngoe6	ŋɤ31				
翰	翰	ngoe	ŋɤ33	~林			
鼾	鼾	hoe1	xɤ24				
好	好	hoe3	xɤ445	形容詞			
耗	耗	hoe5	xɤ53				
汉	漢	hoe5	xɤ53				
熯	熯	hoe5	xɤ53	再蒸熱			
许	許	hoe5	xɤ53	幾~：多少			
爊	爊	oe1	ɤ24	煮			
袄	襖	oe3	ɤ445				
豪	豪	oe2	ɤ423				
壕	壕	oe2	ɤ423				
合	合	oe4	ɤ334	~八字			
舀	舀	oe5	ɤ53	~水			
号	號	oe6	ɤ31				
标	標	pie1	pie24				
彪	彪	pie1	pie24				
表	表	pie3	pie445				
表	錶	pie3	pie445				
裱	裱	pie3	pie445				
婊	婊	pie5	pie53	~子兒			
批	批	phie1	pʰie24				
飘	飄	phie1	pʰie24				
偏	偏	phie1	pʰie24				
漂	漂	phie5	pʰie53	~白			
票	票	phie5	pʰie53				
骗	騙	phie5	pʰie53				
片	片	phie5	pʰie53				
撇	撇	phie5	pʰie53				
篇	篇	phie5	pʰie53	一~			
嫖	嫖	bie2	bie423				
缏	緶	bie2	bie423	繰~：繰邊			
辨	辨	bie4	bie334				
辩	辯	bie4	bie334				
别	別	bie4	bie334	區~			
弊	弊	bie6	bie31				
币	幣	bie6	bie31				
鐾	鐾	bie6	bie31				
便	便	bie6	bie31	隨~			
辫	辮	bie6	bie31				
便	便	bie	bie21	~宜			
鞭	鞭	mie1	mie24				
编	編	mie1	mie24				
边	邊	mie1	mie24				
苗	苗	mie2	mie423				
棉	棉	mie2	mie423				
棉	棉	mie2	mie423				
眠	眠	mie2	mie423				
扁	扁	mie3	mie445				
匾	匾	mie3	mie445				
米	米	mie4	mie334				
免	免	mie4	mie334				
勉	勉	mie4	mie334				
娩	娩	mie4	mie334				
缅	緬	mie4	mie334				
灭	滅	mie4	mie334				
搣	搣	mie4	mie334	捻			
篾	篾	mie4	mie334				
变	變	mie5	mie53				
遍	遍	mie5	mie53	一~			
面	面	mie6	mie31				
面	麵	mie6	mie31				
废	廢	fie5	fie53				
肺	肺	fie5	fie53				
费	費	fie5	fie53				
佃	佃	tie3	tie445	~戶			
挑	挑	thie1	tʰie24	剔；牙~：牙籤			
添	添	thie1	tʰie24				
天	天	thie1	tʰie24				
体	體	thie3	tʰie445				
舔	舔	thie3	tʰie445				
替	替	thie5	tʰie53	代~			
涕	涕	thie5	tʰie53				
剃	剃	thie5	tʰie53				
屉	屜	thie5	tʰie53				
粜	糶	thie5	tʰie53				
堤	堤	die2	die423				
题	題	die2	die423				
提	提	die2	die423				
蹄	蹄	die2	die423				
啼	啼	die2	die423				
条	條	die2	die423				
调	調	die2	die423	~整			
甜	甜	die2	die423				
钱	錢	die2	die423	姓			
田	田	die2	die423				
钿	鈿	die2	die423	銅~：錢			
弟	弟	die4	die334				
填	填	die4	die334				
簟	簟	die4	die334	曬糧食用的竹席			
第	第	die6	die31				
递	遞	die6	die31				
掉	掉	die6	die31				
调	調	die6	die31	~動			
电	電	die6	die31				
殿	殿	die6	die31				
奠	奠	die6	die31				
垫	墊	die6	die31				
靛	靛	die6	die31				
癫	癲	nie1	nie24				
廉	廉	nie2	nie423				
帘	簾	nie2	nie423				
联	聯	nie2	nie423				
莲	蓮	nie2	nie423				
恋	戀	nie2	nie423				
点	點	nie3	nie445	~心			
典	典	nie3	nie445				
荔	荔	nie3	nie445	~枝			
点	點	nie5	nie53	兩~			
踮	踮	nie5	nie53				
店	店	nie5	nie53				
练	練	nie6	nie31				
低	低	lie1	lie24				
雕	雕	lie1	lie24				
犁	犁	lie2	lie423				
疗	療	lie2	lie423				
辽	遼	lie2	lie423				
撩	撩	lie2	lie423				
捞	撈	lie2	lie423				
底	底	lie3	lie445				
抵	抵	lie3	lie445				
礼	禮	lie4	lie334				
李	李	lie4	lie334	行~			
躐	躐	lie4	lie334	走			
帝	帝	lie5	lie53				
钓	釣	lie5	lie53				
吊	吊	lie5	lie53				
璃	璃	lie5	lie53	玻~			
滤	濾	lie6	lie31				
例	例	lie6	lie31				
励	勵	lie6	lie31				
丽	麗	lie6	lie31				
料	料	lie6	lie31				
廖	廖	lie6	lie31				
鸡	雞	cie1	ʨie24				
焦	焦	cie1	ʨie24				
蕉	蕉	cie1	ʨie24				
招	招	cie1	ʨie24				
骄	驕	cie1	ʨie24				
召	召	cie1	ʨie24				
浇	澆	cie1	ʨie24				
尖	尖	cie1	ʨie24				
兼	兼	cie1	ʨie24				
煎	煎	cie1	ʨie24				
肩	肩	cie1	ʨie24				
坚	堅	cie1	ʨie24				
检	檢	cie3	ʨie445				
剪	剪	cie3	ʨie445				
笕	筧	cie3	ʨie445				
𢄺	𢄺	cie3	ʨie445	擦			
祭	祭	cie5	ʨie53				
际	際	cie5	ʨie53				
制	制	cie5	ʨie53				
制	製	cie5	ʨie53				
济	濟	cie5	ʨie53				
计	計	cie5	ʨie53	會~			
髻	髻	cie5	ʨie53				
照	照	cie5	ʨie53				
占	佔	cie5	ʨie53	~領			
接	接	cie5	ʨie53				
折	摺	cie5	ʨie53				
褶	褶	cie5	ʨie53				
剑	劍	cie5	ʨie53				
劫	劫	cie5	ʨie53				
箭	箭	cie5	ʨie53				
溅	濺	cie5	ʨie53				
战	戰	cie5	ʨie53				
哲	哲	cie5	ʨie53				
浙	浙	cie5	ʨie53				
建	建	cie5	ʨie53				
键	鍵	cie5	ʨie53				
羯	羯	cie5	ʨie53	閹			
牮	牮	cie5	ʨie53	使正			
见	見	cie5	ʨie53				
结	結	cie5	ʨie53				
洁	潔	cie5	ʨie53				
藠	藠	cie5	ʨie53	老~頭：藠頭			
展	展	cie5	ʨie53	~覽			
䥛	䥛	cie5	ʨie53	釤~：鐮刀			
妻	妻	chie1	ʨʰie24				
栖	棲	chie1	ʨʰie24				
溪	溪	chie1	ʨʰie24				
锹	鍬	chie1	ʨʰie24	洋~；飯~：飯勺			
缲	繰	chie1	ʨʰie24				
超	超	chie1	ʨʰie24				
签	籤	chie1	ʨʰie24	求~書：抽籤			
谦	謙	chie1	ʨʰie24				
迁	遷	chie1	ʨʰie24				
牵	牽	chie1	ʨʰie24				
启	啟	chie3	ʨʰie445				
浅	淺	chie3	ʨʰie445				
遣	遣	chie3	ʨʰie445				
契	契	chie5	ʨʰie53				
妾	妾	chie5	ʨʰie53				
欠	欠	chie5	ʨʰie53				
歉	歉	chie5	ʨʰie53				
彻	徹	chie5	ʨʰie53				
撤	撤	chie5	ʨʰie53				
辙	轍	chie5	ʨʰie53				
千	千	chie5	ʨʰie53				
挈	挈	chie5	ʨʰie53	拿起來			
騲	騲	chie5	ʨʰie53	~雞：母雞			
朝	朝	jie2	ʥie423	宋~			
潮	潮	jie2	ʥie423				
侨	僑	jie2	ʥie423				
桥	橋	jie2	ʥie423				
荞	蕎	jie2	ʥie423				
钳	鉗	jie2	ʥie423				
椽	椽	jie2	ʥie423				
赵	趙	jie4	ʥie334				
兆	兆	jie4	ʥie334				
俭	儉	jie4	ʥie334				
涉	涉	jie4	ʥie334				
件	件	jie4	ʥie334	案~			
舌	舌	jie4	ʥie334				
杰	杰	jie4	ʥie334				
桀	桀	jie4	ʥie334				
轿	轎	jie6	ʥie31				
健	健	jie6	ʥie31				
干	乾	jie	ʥie21	~坤			
黏	黏	gnie1	ȵie24				
蔫	蔫	gnie1	ȵie24	不新鮮			
研	研	gnie1	ȵie24				
烟	煙	gnie1	ȵie24				
胭	胭	gnie1	ȵie24				
泥	泥	gnie2	ȵie423				
倪	倪	gnie2	ȵie423				
饶	饒	gnie2	ȵie423	討~			
炎	炎	gnie2	ȵie423				
盐	鹽	gnie2	ȵie423	名詞			
阎	閻	gnie2	ȵie423				
严	嚴	gnie2	ȵie423				
嫌	嫌	gnie2	ȵie423				
延	延	gnie2	ȵie423				
筵	筵	gnie2	ȵie423				
言	言	gnie2	ȵie423				
年	年	gnie2	ȵie423				
贤	賢	gnie2	ȵie423				
弦	弦	gnie2	ȵie423				
厣	厴	gnie3	ȵie445	鱗			
燕	燕	gnie3	ȵie445	~窩			
染	染	gnie4	ȵie334				
聂	聶	gnie4	ȵie334				
业	業	gnie4	ȵie334				
碾	碾	gnie4	ȵie334				
热	熱	gnie4	ȵie334				
孽	孽	gnie4	ȵie334				
厌	厭	gnie5	ȵie53				
䞁	䞁	gnie5	ȵie53	比量			
宴	宴	gnie5	ȵie53				
沿	沿	gnie5	ȵie53	邊兒~：旁邊			
验	驗	gnie6	ȵie31				
盐	鹽	gnie6	ȵie31	醃			
念	念	gnie6	ȵie31				
廿	廿	gnie6	ȵie31	二十			
现	現	gnie6	ȵie31				
芫	芫	gnie	ȵie21	~荽：香菜			
檐	簷	gnie	ȵie11	屋~頭：簷端			
西	西	shie1	ɕie24				
犀	犀	shie1	ɕie24				
消	消	shie1	ɕie24				
宵	宵	shie1	ɕie24				
硝	硝	shie1	ɕie24				
销	銷	shie1	ɕie24				
烧	燒	shie1	ɕie24				
萧	蕭	shie1	ɕie24				
苫	苫	shie1	ɕie24	稻稈~：草簾子			
仙	仙	shie1	ɕie24				
鲜	鮮	shie1	ɕie24	新~			
轩	軒	shie1	ɕie24				
掀	掀	shie1	ɕie24				
锨	鍁	shie1	ɕie24	火~：火鏟			
先	先	shie1	ɕie24				
洗	洗	shie3	ɕie445				
少	少	shie3	ɕie445	多~			
晓	曉	shie3	ɕie445				
险	險	shie3	ɕie445				
癣	癬	shie3	ɕie445				
选	選	shie3	ɕie445				
世	世	shie5	ɕie53				
势	勢	shie5	ɕie53				
细	細	shie5	ɕie53	粗~			
婿	婿	shie5	ɕie53				
岁	歲	shie5	ɕie53				
笑	笑	shie5	ɕie53				
肖	肖	shie5	ɕie53				
闪	閃	shie5	ɕie53	霍~：閃電			
线	線	shie5	ɕie53				
搧	搧	shie5	ɕie53				
扇	扇	shie5	ɕie53				
薛	薛	shie5	ɕie53				
泄	洩	shie5	ɕie53				
设	設	shie5	ɕie53				
宪	憲	shie5	ɕie53				
献	獻	shie5	ɕie53				
歇	歇	shie5	ɕie53				
蝎	蠍	shie5	ɕie53				
显	顯	shie5	ɕie53				
小	小	shie5	ɕie53	~說			
齐	齊	zhie2	ʑie423				
脐	臍	zhie2	ʑie423				
蟾	蟾	zhie2	ʑie423				
然	然	zhie2	ʑie423				
前	前	zhie2	ʑie423				
全	全	zhie2	ʑie423				
泉	泉	zhie2	ʑie423				
善	善	zhie4	ʑie334				
折	折	zhie4	ʑie334	虧本			
绝	絕	zhie4	ʑie334				
蚬	蜆	zhie4	ʑie334	~殼：蚌			
邵	邵	zhie6	ʑie31				
践	踐	zhie6	ʑie31				
贱	賤	zhie6	ʑie31				
旋	旋	zhie6	ʑie31	頭髮旋			
荠	薺	zhie6	ʑie31	荸薺			
绍	紹	zhie	ʑie33	~興			
妖	妖	ie1	ie24				
腰	腰	ie1	ie24				
窑	窯	ie2	ie423				
姚	姚	ie2	ie423				
要	要	ie3	ie445	~緊			
叶	葉	ie4	ie334				
叫	叫	ie5	ie53	哭			
艳	艷	ie5	ie53				
系	係	ie5	ie53	關~			
杳	杳	ie5	ie53	~渠：地名			
翼	翼	ie5	ie53	~膀：翅膀			
易	易	ie6	ie31	容~			
鹞	鷂	ie6	ie31				
勚	勩	ie6	ie31	磨損			
谣	謠	ie	ie21	~言			
波	波	puo1	puo24				
玻	玻	puo1	puo24				
鹁	鵓	puo3	puo445	~鴿：鴿子			
潘	潘	phuo1	pʰuo24				
判	判	phuo5	pʰuo53				
襻	襻	phuo5	pʰuo53				
婆	婆	buo2	buo423				
盘	盤	buo2	buo423				
搬	搬	buo2	buo423				
丬	爿	buo2	buo423				
瓣	瓣	buo4	buo334				
伴	伴	buo4	buo334				
拌	拌	buo4	buo334				
钹	鈸	buo4	buo334				
雹	雹	buo4	buo334				
办	辦	buo6	buo31				
盘	磐	buo	buo21	~安			
般	般	muo1	muo24				
班	班	muo1	muo24				
斑	斑	muo1	muo24				
颁	頒	muo1	muo24				
扳	扳	muo1	muo24				
磨	磨	muo2	muo423	~刀			
摩	摩	muo2	muo423				
毛	毛	muo2	muo423				
茅	茅	muo2	muo423				
鳗	鰻	muo2	muo423				
蛮	蠻	muo2	muo423				
明	明	muo2	muo423	~日			
板	板	muo3	muo445				
版	版	muo3	muo445				
拚	拚	muo3	muo445	~箕：挑東西用的簸箕			
满	滿	muo4	muo334				
末	末	muo4	muo334				
沫	沫	muo4	muo334				
扮	扮	muo5	muo53				
半	半	muo5	muo53				
绊	絆	muo5	muo53				
粪	糞	muo5	muo53	欄~：廄肥			
波	波	muo5	muo53	寧~			
晚	晚	muo5	muo53	~孃：後母			
磨	磨	muo6	muo31	麥~：石磨			
帽	帽	muo6	muo31				
慢	慢	muo6	muo31				
漫	漫	muo6	muo31				
万	萬	muo6	muo31	麻將牌裡的一種花色			
问	問	muo6	muo31				
馒	饅	muo	muo21	~頭			
翻	翻	fuo1	fuo24				
番	番	fuo1	fuo24	~瓜：西紅柿			
反	反	fuo3	fuo445				
贩	販	fuo5	fuo53				
畈	畈	fuo5	fuo53	田~：田野，田地			
凡	凡	vuo2	vuo423				
帆	帆	vuo2	vuo423				
烦	煩	vuo2	vuo423				
繁	繁	vuo2	vuo423				
矾	礬	vuo2	vuo423				
范	范	vuo4	vuo334	姓			
范	範	vuo4	vuo334				
犯	犯	vuo4	vuo334				
饭	飯	vuo6	vuo31				
万	萬	vuo6	vuo31	數詞			
拖	拖	thuo1	tʰuo24				
滩	灘	thuo1	tʰuo24				
摊	攤	thuo1	tʰuo24				
椭	橢	thuo3	tʰuo445				
毯	毯	thuo3	tʰuo445				
坦	坦	thuo3	tʰuo445	履~：地名			
唾	唾	thuo5	tʰuo53				
炭	炭	thuo5	tʰuo53				
叹	歎	thuo5	tʰuo53				
驼	駝	duo2	duo423				
驮	馱	duo2	duo423	拿			
舵	舵	duo2	duo423				
痰	痰	duo2	duo423				
谈	談	duo2	duo423				
檀	檀	duo2	duo423				
坛	壇	duo2	duo423				
弹	彈	duo2	duo423	動詞			
淡	淡	duo4	duo334				
大	大	duo6	duo31	形容詞			
但	但	duo6	duo31				
弹	彈	duo6	duo31	炸~			
担	擔	nuo1	nuo24	拿			
丹	丹	nuo1	nuo24				
单	單	nuo1	nuo24				
蓝	藍	nuo2	nuo423				
篮	籃	nuo2	nuo423				
难	難	nuo2	nuo423	形容詞			
兰	蘭	nuo2	nuo423				
拦	攔	nuo2	nuo423				
朵	朵	nuo3	nuo445	耳~			
胆	膽	nuo3	nuo445				
掸	撣	nuo3	nuo445				
懒	懶	nuo4	nuo334				
担	擔	nuo5	nuo53	名詞			
旦	旦	nuo5	nuo53				
栏	欄	nuo5	nuo53	豬~			
糯	糯	nuo6	nuo31	~米			
览	覽	nuo6	nuo31	展~			
难	難	nuo6	nuo31	逃~			
烂	爛	nuo6	nuo31				
多	多	luo1	luo24				
罗	羅	luo2	luo423				
锣	鑼	luo2	luo423				
萝	蘿	luo2	luo423				
螺	螺	luo2	luo423				
虏	虜	luo4	luo334				
萝	蘿	luo5	luo53	天~：絲瓜			
斩	斬	tsuo3	tsuo445				
灶	竈	tsuo3	tsuo445	鑊~老爺：竈神			
左	左	tsuo5	tsuo53				
佐	佐	tsuo5	tsuo53				
做	做	tsuo5	tsuo53				
蘸	蘸	tsuo5	tsuo53				
赞	贊	tsuo5	tsuo53				
盏	盞	tsuo5	tsuo53	量詞			
搓	搓	tshuo1	tsʰuo24				
餐	餐	tshuo1	tsʰuo24				
铲	鏟	tshuo3	tsʰuo445				
产	產	tshuo3	tsʰuo445				
锉	銼	tshuo5	tsʰuo53				
措	措	tshuo5	tsʰuo53				
灿	燦	tshuo5	tsʰuo53				
惭	慚	dzuo2	dzuo423				
残	殘	dzuo2	dzuo423				
赚	賺	dzuo4	dzuo334				
啄	啄	dzuo4	dzuo334				
镯	鐲	dzuo4	dzuo334				
站	站	dzuo6	dzuo31	車~			
栈	棧	dzuo6	dzuo31				
𧸖	𧸖	dzuo6	dzuo31	錯			
蓑	蓑	suo1	suo24				
三	三	suo1	suo24				
杉	杉	suo1	suo24				
衫	衫	suo1	suo24				
山	山	suo1	suo24				
锁	鎖	suo3	suo445				
所	所	suo3	suo445				
散	散	suo3	suo445	~碎：零錢			
伞	傘	suo3	suo445				
产	產	suo3	suo445	~母：產婦			
散	散	suo5	suo53	雲~去罷			
昨	昨	suo5	suo53	~日			
坐	坐	zuo4	zuo334				
座	座	zuo6	zuo31				
歌	歌	kuo1	kuo24				
哥	哥	kuo1	kuo24				
奸	奸	kuo1	kuo24				
官	官	kuo1	kuo24				
棺	棺	kuo1	kuo24				
观	觀	kuo1	kuo24	參~			
冠	冠	kuo1	kuo24	雞~花			
关	關	kuo1	kuo24	開~			
果	果	kuo3	kuo445				
裹	裹	kuo3	kuo445				
减	減	kuo3	kuo445				
管	管	kuo3	kuo445				
馆	館	kuo3	kuo445				
个	個	kuo5	kuo53				
过	過	kuo5	kuo53				
碱	鹼	kuo5	kuo53				
鉴	鑒	kuo5	kuo53				
间	間	kuo5	kuo53	~諜			
谏	諫	kuo5	kuo53				
涧	澗	kuo5	kuo53				
贯	貫	kuo5	kuo53				
灌	灌	kuo5	kuo53				
罐	罐	kuo5	kuo53				
惯	慣	kuo5	kuo53				
馃	餜	kuo5	kuo53	~印：一種做餜的器具			
间	間	kuo5	kuo53	房~			
简	簡	kuo5	kuo53	~陋			
髁	髁	khuo1	kʰuo24	腳~頭：膝蓋			
科	科	khuo1	kʰuo24				
窠	窠	khuo1	kʰuo24				
宽	寬	khuo1	kʰuo24				
可	可	khuo3	kʰuo445				
㦿	㦿	khuo3	kʰuo445	窗戶			
舰	艦	khuo3	kʰuo445				
款	款	khuo3	kʰuo445				
课	課	khuo5	kʰuo53				
困	睏	khuo5	kʰuo53	睡			
衔	銜	guo2	ɡuo423	動物銜			
弯	彎	nguo1	ŋuo24				
湾	灣	nguo1	ŋuo24				
还	還	nguo1	ŋuo24	副詞			
蛾	蛾	nguo2	ŋuo423				
鹅	鵝	nguo2	ŋuo423				
俄	俄	nguo2	ŋuo423				
函	函	nguo2	ŋuo423				
咸	鹹	nguo2	ŋuo423				
闲	閒	nguo2	ŋuo423				
桓	桓	nguo2	ŋuo423				
完	完	nguo2	ŋuo423				
玩	玩	nguo2	ŋuo423				
顽	頑	nguo2	ŋuo423				
还	還	nguo2	ŋuo423	動詞			
环	環	nguo2	ŋuo423				
碗	碗	nguo3	ŋuo445	一口~：一個碗			
瓦	瓦	nguo4	ŋuo334	硯~：硯台			
馅	餡	nguo4	ŋuo334				
眼	眼	nguo4	ŋuo334				
限	限	nguo4	ŋuo334				
缓	緩	nguo4	ŋuo334				
猢	猢	nguo5	ŋuo53	~猻：猴子			
腕	腕	nguo5	ŋuo53	手~背：手背			
饿	餓	nguo6	ŋuo31				
卧	臥	nguo6	ŋuo31				
陷	陷	nguo6	ŋuo31				
换	換	nguo6	ŋuo31				
幻	幻	nguo6	ŋuo31				
患	患	nguo6	ŋuo31				
咸	咸	nguo	ŋuo21	~豐			
欢	歡	huo1	xuo24				
火	火	huo3	xuo445				
下	下	huo3	xuo445	~穀籽：撒穀種			
货	貨	huo5	xuo53				
苋	莧	huo5	xuo53				
焕	煥	huo5	xuo53				
寣	寣	huo5	xuo53	睏一~：睡一會兒			
伙	夥	huo5	xuo53	~計			
霍	霍	huo5	xuo53	~閃：閃電			
窝	窩	uo1	uo24				
河	河	uo2	uo423				
何	何	uo2	uo423				
荷	荷	uo2	uo423				
和	和	uo2	uo423				
禾	禾	uo2	uo423				
𤖱	𤖱	uo2	uo423	~頭：棺材的兩頭			
祸	禍	uo4	uo334				
镬	鑊	uo4	uo334	鍋			
涴	涴	uo5	uo53	屎			
猢	猢	uo5	uo53	~猻：猴子			
贺	賀	uo6	uo31				
专	專	ciue1	ʨye24				
砖	磚	ciue1	ʨye24				
捐	捐	ciue1	ʨye24				
转	轉	ciue3	ʨye445	~身			
娟	娟	ciue5	ʨye53				
卷	卷	ciue5	ʨye53				
绢	絹	ciue5	ʨye53				
蕨	蕨	ciue5	ʨye53				
决	決	ciue5	ʨye53				
诀	訣	ciue5	ʨye53				
川	川	chiue1	ʨʰye24				
穿	穿	chiue1	ʨʰye24				
圈	圈	chiue1	ʨʰye24				
犬	犬	chiue3	ʨʰye445				
劝	勸	chiue5	ʨʰye53				
券	券	chiue5	ʨʰye53				
缺	缺	chiue5	ʨʰye53				
出	出	chiue5	ʨʰye53				
传	傳	jiue2	ʥye423	~話			
椽	椽	jiue2	ʥye423				
拳	拳	jiue2	ʥye423				
权	權	jiue2	ʥye423				
篆	篆	jiue6	ʥye31				
传	傳	jiue6	ʥye31	水滸~			
倦	倦	jiue6	ʥye31				
缠	纏	jiue6	ʥye31	盤~			
冤	冤	gniue1	ȵye24				
渊	淵	gniue1	ȵye24				
丸	丸	gniue2	ȵye423				
员	員	gniue2	ȵye423				
缘	緣	gniue2	ȵye423				
元	元	gniue2	ȵye423				
原	原	gniue2	ȵye423				
源	源	gniue2	ȵye423				
袁	袁	gniue2	ȵye423				
园	園	gniue2	ȵye423				
援	援	gniue2	ȵye423				
阮	阮	gniue2	ȵye423				
玄	玄	gniue2	ȵye423				
转	轉	gniue3	ȵye445	~身			
砚	硯	gniue3	ȵye445	~瓦：硯台			
软	軟	gniue4	ȵye334				
远	遠	gniue4	ȵye334				
月	月	gniue4	ȵye334				
怨	怨	gniue5	ȵye53				
院	院	gniue6	ȵye31				
愿	願	gniue6	ȵye31				
县	縣	gniue6	ȵye31				
靴	靴	shiue1	ɕye24				
宣	宣	shiue1	ɕye24				
喧	喧	shiue1	ɕye24				
楦	楦	shiue3	ɕye445	~頭			
税	稅	shiue5	ɕye53				
陕	陝	shiue5	ɕye53	~西			
船	船	zhiue2	ʑye423				
旋	旋	zhiue6	ʑye31	頭髮旋			
锯	鋸	kou5	kɯ53				
去	去	kou0	kɯ0	補語			
去	去	khou5	kʰɯ53				
渠	渠	gou4	ɡɯ334	他			
去	去	hou0	xɯ0	補語。常讀得接近[xə0]			
包	包	pau1	pɑo24				
胞	胞	pau1	pɑo24				
保	保	pau3	pɑo445				
堡	堡	pau3	pɑo445				
宝	寶	pau3	pɑo445				
饱	飽	pau3	pɑo445				
菠	菠	pau3	pɑo445	~薐菜			
报	報	pau5	pɑo53				
豹	豹	pau5	pɑo53				
趵	趵	pau5	pɑo53	球彈			
脬	脬	phau1	pʰɑo24	大卵~：疝氣			
炮	炮	phau5	pʰɑo53				
泡	泡	phau5	pʰɑo53	起~			
袍	袍	bau2	bɑo423				
暴	暴	bau6	bɑo31				
鲍	鮑	bau6	bɑo31				
爆	爆	bau6	bɑo31				
刨	鉋	bau6	bɑo31	名詞			
卯	卯	mau4	mɑo334				
谋	謀	mau5	mɑo53	陰~			
冒	冒	mau6	mɑo31				
貌	貌	mau6	mɑo31				
亩	畝	mau6	mɑo31				
茂	茂	mau6	mɑo31				
贸	貿	mau6	mɑo31				
牡	牡	mau	mɑo33	~丹			
矛	矛	mau	mɑo21	~盾			
梦	夢	mau	mɑo21	~眠：做夢			
负	負	vau4	vɑo334				
戊	戊	vau6	vɑo31				
骰	骰	tau5	tɑo53	~子			
偷	偷	thau1	tʰɑo24				
㪗	㪗	thau3	tʰɑo445	展開			
透	透	thau5	tʰɑo53				
头	頭	dau2	dɑo423				
投	投	dau2	dɑo423				
豆	豆	dau6	dɑo31				
逗	逗	dau6	dɑo31	~號			
痘	痘	dau6	dɑo31				
楼	樓	lau2	lɑo423				
抖	抖	lau3	lɑo445				
斗	鬥	lau3	lɑo445	~爭			
落	落	lau4	lɑo334				
洛	洛	lau4	lɑo334				
乐	樂	lau4	lɑo334	音~			
乐	樂	lau4	lɑo334	快~			
斗	斗	lau5	lɑo53	一~			
骆	駱	lau5	lɑo53				
络	絡	lau5	lɑo53	~麻：麻的一種			
了	了	lau6	lɑo31	補語			
漏	漏	lau6	lɑo31				
陋	陋	lau6	lɑo31				
抓	抓	tsau1	tsɑo24	~癢			
邹	鄒	tsau1	tsɑo24				
爪	爪	tsau3	tsɑo445				
找	找	tsau3	tsɑo445				
罩	罩	tsau5	tsɑo53				
奏	奏	tsau5	tsɑo53				
皱	皺	tsau5	tsɑo53				
走	走	tsau5	tsɑo53	~狗			
操	操	tshau1	tsʰɑo24	體~			
抄	抄	tshau1	tsʰɑo24				
钞	鈔	tshau1	tsʰɑo24				
炒	炒	tshau3	tsʰɑo445				
吵	吵	tshau3	tsʰɑo445				
剿	剿	tshau3	tsʰɑo445	~匪			
糙	糙	tshau5	tsʰɑo53				
耖	耖	tshau5	tsʰɑo53				
凑	湊	tshau5	tsʰɑo53				
骚	騷	sau1	sɑo24				
梢	梢	sau1	sɑo24				
搜	搜	sau1	sɑo24				
嗽	嗽	sau5	sɑo53				
愁	愁	zau2	zɑo423				
凿	鑿	zau4	zɑo334				
𠀊	𠀊	zau6	zɑo31	豬~：半大小的豬。約50-60公斤			
交	交	kau1	kɑo24	交子：硬币			
郊	郊	kau1	kɑo24				
胶	膠	kau1	kɑo24				
勾	勾	kau1	kɑo24				
钩	鉤	kau1	kɑo24				
沟	溝	kau1	kɑo24				
购	購	kau1	kɑo24				
绞	絞	kau3	kɑo445				
狡	狡	kau3	kɑo445				
狗	狗	kau3	kɑo445				
枸	枸	kau3	kɑo445				
教	教	kau5	kɑo53	動詞			
校	校	kau5	kɑo53	~對			
较	較	kau5	kɑo53				
够	夠	kau5	kɑo53				
茭	茭	kau5	kɑo53	~筍：茭白			
铰	鉸	kau5	kɑo53	~剪：剪刀			
敲	敲	khau1	kʰɑo24				
考	考	khau3	kʰɑo445				
考	攷	khau3	kʰɑo445				
口	口	khau3	kʰɑo445	~嘴：嘴巴			
扣	扣	khau5	kʰɑo53				
寇	寇	khau5	kʰɑo53				
蔻	蔻	khau5	kʰɑo53				
厚	厚	gau4	ɡɑo334				
藕	藕	ngau4	ŋɑo334				
偶	偶	ngau4	ŋɑo334				
后	后	ngau4	ŋɑo334	皇~			
鄂	鄂	ngau4	ŋɑo334				
鹤	鶴	ngau4	ŋɑo334				
岳	岳	ngau4	ŋɑo334	~飛			
乐	樂	ngau5	ŋɑo53	要			
喉	喉	ngau5	ŋɑo53	~嚨：喉嚨			
乐	樂	ngau6	ŋɑo31	要			
呴	呴	hau1	xɑo24	~muo53：氣喘			
孝	孝	hau5	xɑo53				
鲎	鱟	hau5	xɑo53	虹			
欧	歐	au1	ɑo24				
瓯	甌	au1	ɑo24				
讴	謳	au1	ɑo24	叫			
侯	侯	au2	ɑo423				
后	後	au4	ɑo334				
学	學	au4	ɑo334				
喉	喉	au5	ɑo53	~嚨：喉嚨			
效	效	au6	ɑo31				
候	候	au6	ɑo31				
藐	藐	miau6	miɑo31				
渺	渺	miau6	miɑo31				
秒	秒	miau6	miɑo31				
刁	刁	liau1	liɑo24				
略	略	liau4	liɑo334				
掠	掠	liau4	liɑo334	梳~：梳子			
了	了	liau5	liɑo53	~解			
饺	餃	ciau5	ʨiɑo53	~子			
着	着	jiau4	ʥiɑo334	火~；補語			
尧	堯	gniau2	ȵiɑo423				
箬	箬	gniau4	ȵiɑo334	竹葉			
芍	芍	shiau5	ɕiɑo53	~藥			
勺	勺	zhiau4	ʑiɑo334				
若	若	zhiau4	ʑiɑo334	~干：很多			
弱	弱	zhiau4	ʑiɑo334				
摇	搖	iau2	iɑo423				
邀	邀	iau3	iɑo445	~請			
要	要	iau3	iɑo445	~求			
药	藥	iau4	iɑo334				
箬	箬	iau5	iɑo53	~帽：斗笠			
耀	耀	iau6	iɑo31				
跃	躍	iau6	iɑo31				
丢	丟	lieu1	liu24	丟棄			
流	流	lieu2	liu423				
刘	劉	lieu2	liu423				
留	留	lieu2	liu423				
榴	榴	lieu2	liu423				
硫	硫	lieu2	liu423				
琉	琉	lieu2	liu423				
瘤	瘤	lieu2	liu423				
柳	柳	lieu4	liu334				
溜	溜	lieu6	liu31	逃			
周	周	cieu1	ʨiu24				
舟	舟	cieu1	ʨiu24				
州	州	cieu1	ʨiu24				
洲	洲	cieu1	ʨiu24				
阄	鬮	cieu1	ʨiu24				
酒	酒	cieu3	ʨiu445				
帚	帚	cieu3	ʨiu445				
九	九	cieu3	ʨiu445				
久	久	cieu3	ʨiu445				
韭	韭	cieu3	ʨiu445				
咒	咒	cieu5	ʨiu53				
灸	灸	cieu5	ʨiu53				
救	救	cieu5	ʨiu53				
究	究	cieu5	ʨiu53				
鸠	鳩	cieu5	ʨiu53	斑~			
纠	糾	cieu5	ʨiu53	~正			
秋	秋	chieu1	ʨʰiu24				
鳅	鰍	chieu1	ʨʰiu24				
抽	抽	chieu1	ʨʰiu24				
邱	邱	chieu1	ʨʰiu24				
取	取	chieu3	ʨʰiu445	贖			
丑	丑	chieu3	ʨʰiu445				
丑	醜	chieu3	ʨʰiu445				
臭	臭	chieu5	ʨʰiu53				
丘	丘	chieu5	ʨʰiu53	一~田			
绸	綢	jieu2	ʥiu423				
仇	仇	jieu2	ʥiu423				
酬	酬	jieu2	ʥiu423				
求	求	jieu2	ʥiu423				
球	球	jieu2	ʥiu423				
裘	裘	jieu2	ʥiu423				
臼	臼	jieu4	ʥiu334				
舅	舅	jieu4	ʥiu334				
售	售	jieu6	ʥiu31				
旧	舊	jieu6	ʥiu31				
柩	柩	jieu6	ʥiu31				
纣	紂	jieu	ʥiu33	~王			
筹	籌	jieu	ʥiu21	~備			
扭	扭	gnieu1	ȵiu24	擰			
牛	牛	gnieu2	ȵiu423				
纽	紐	gnieu4	ȵiu334	秤~			
修	修	shieu1	ɕiu24				
馊	餿	shieu1	ɕiu24	~臭：餿			
收	收	shieu1	ɕiu24				
休	休	shieu1	ɕiu24				
手	手	shieu3	ɕiu445				
首	首	shieu3	ɕiu445				
守	守	shieu3	ɕiu445				
朽	朽	shieu5	ɕiu53				
秀	秀	shieu5	ɕiu53				
锈	銹	shieu5	ɕiu53				
绣	繡	shieu5	ɕiu53				
兽	獸	shieu5	ɕiu53				
瘦	瘦	shieu5	ɕiu53				
受	受	zhieu4	ʑiu334				
授	授	zhieu4	ʑiu334				
就	就	zhieu6	ʑiu31				
袖	袖	zhieu6	ʑiu31				
寿	壽	zhieu6	ʑiu31				
周	周	ieu1	iu24	~歲			
忧	憂	ieu1	iu24				
优	優	ieu1	iu24				
幽	幽	ieu1	iu24				
尤	尤	ieu2	iu423				
邮	郵	ieu2	iu423				
由	由	ieu2	iu423				
油	油	ieu2	iu423				
游	游	ieu2	iu423				
游	遊	ieu2	iu423				
犹	猶	ieu2	iu423				
有	有	ieu4	iu334				
友	友	ieu4	iu334				
酉	酉	ieu4	iu334				
幼	幼	ieu5	iu53				
诱	誘	ieu6	iu31				
又	又	ieu6	iu31				
右	右	ieu6	iu31				
佑	佑	ieu6	iu31				
釉	釉	ieu6	iu31				
圭	圭	kui1	kui24				
闺	閨	kui1	kui24				
归	歸	kui1	kui24				
癸	癸	kui3	kui445				
鬼	鬼	kui3	kui445				
规	規	kui3	kui445	~矩			
会	會	kui5	kui53	~計			
桂	桂	kui5	kui53				
亏	虧	khui1	kʰui24				
愧	愧	khui5	kʰui53				
逵	逵	gui2	ɡui423				
轨	軌	gui2	ɡui423				
葵	葵	gui	ɡui21	~花			
灰	灰	hui1	xui24				
挥	揮	hui1	xui24				
辉	輝	hui1	xui24				
徽	徽	hui1	xui24				
毁	毀	hui3	xui445				
悔	悔	hui5	xui53				
讳	諱	hui5	xui53				
煨	煨	ui1	ui24				
威	威	ui1	ui24				
回	回	ui2	ui423				
茴	茴	ui2	ui423				
违	違	ui2	ui423				
围	圍	ui2	ui423				
委	委	ui3	ui445				
慰	慰	ui3	ui445				
危	危	ui3	ui445	~險			
畏	畏	ui5	ui53	食~：喫膩			
汇	匯	ui6	ui31				
汇	彙	ui6	ui31				
会	會	ui6	ui31	開~			
卫	衛	ui6	ui31				
惠	惠	ui6	ui31				
慧	慧	ui6	ui31				
伪	偽	ui6	ui31				
为	為	ui6	ui31	介詞			
位	位	ui6	ui31				
魏	魏	ui6	ui31				
胃	胃	ui6	ui31				
谓	謂	ui6	ui31				
猬	猬	ui6	ui31				
为	為	ui6	ui31	行~			
蛔	蛔	ui	ui21	~蟲			
伟	偉	ui	ui21	~大			
膀	膀	phan3	pʰaŋ445				
胖	胖	phan5	pʰaŋ53				
旁	旁	ban2	baŋ423				
庞	龐	ban2	baŋ423				
棒	棒	ban4	baŋ334				
帮	幫	man1	maŋ24				
邦	邦	man1	maŋ24				
忙	忙	man2	maŋ423				
芒	芒	man2	maŋ423	~種			
榜	榜	man3	maŋ445				
莽	莽	man3	maŋ445				
膀	膀	man3	maŋ445				
绑	綁	man3	maŋ445				
网	網	man4	maŋ334				
蟒	蟒	man5	maŋ53	~蛇			
望	望	man6	maŋ31	看			
忘	忘	man	maŋ33	~記			
方	方	fan1	faŋ24				
芳	芳	fan1	faŋ24				
纺	紡	fan3	faŋ445				
仿	仿	fan3	faŋ445				
访	訪	fan3	faŋ445				
彷	彷	fan3	faŋ445	~彿			
放	放	fan5	faŋ53				
坊	坊	fan5	faŋ53	牌~			
望	望	fan5	faŋ53	希~			
妨	妨	van2	vaŋ423				
房	房	van2	vaŋ423				
防	防	van2	vaŋ423				
亡	亡	van2	vaŋ423				
忘	忘	van2	vaŋ423				
汤	湯	than1	tʰaŋ24				
躺	躺	than3	tʰaŋ445				
耥	耥	than3	tʰaŋ445				
烫	燙	than5	tʰaŋ53				
慷	慷	than5	tʰaŋ53	~慨			
堂	堂	dan2	daŋ423				
棠	棠	dan2	daŋ423				
唐	唐	dan2	daŋ423				
糖	糖	dan2	daŋ423				
塘	塘	dan2	daŋ423				
荡	盪	dan4	daŋ334	漱口			
蛋	蛋	dan46	daŋ431				
荡	蕩	dan46	daŋ431	逛			
当	當	nan1	naŋ24	相~			
党	黨	nan3	naŋ445				
当	當	nan5	naŋ53	~官			
当	當	nan5	naŋ53	~店			
郎	郎	lan2	laŋ423				
廊	廊	lan2	laŋ423				
狼	狼	lan2	laŋ423				
莨	莨	lan2	laŋ423	~萁：蕨			
朗	朗	lan6	laŋ31	明~			
浪	浪	lan6	laŋ31				
㫰	㫰	lan6	laŋ31	晾			
螂	螂	lan	laŋ21	~ɡaŋ31：螳螂			
榔	榔	lan	laŋ21	~頭			
赃	贓	tsan1	tsaŋ24				
葬	葬	tsan5	tsaŋ53				
仓	倉	tshan1	tsʰaŋ24				
苍	蒼	tshan1	tsʰaŋ24				
桑	桑	san1	saŋ24				
丧	喪	san1	saŋ24	~事			
藏	藏	san5	saŋ53	西~			
脏	臟	san5	saŋ53	心~			
磉	磉	zan	zaŋ33	柱~盤：柱子底下的石墩			
冈	岡	kan1	kaŋ24				
刚	剛	kan1	kaŋ24				
纲	綱	kan1	kaŋ24				
钢	鋼	kan1	kaŋ24				
缸	缸	kan1	kaŋ24				
江	江	kan1	kaŋ24				
扛	扛	kan1	kaŋ24				
豇	豇	kan1	kaŋ24				
讲	講	kan3	kaŋ445				
港	港	kan3	kaŋ445				
岗	崗	kan5	kaŋ53				
杠	杠	kan5	kaŋ53				
降	降	kan5	kaŋ53	~神：一種搞迷信的男人			
康	康	khan1	kʰaŋ24				
糠	糠	khan1	kʰaŋ24				
抗	抗	khan5	kʰaŋ53				
囥	囥	khan5	kʰaŋ53	放			
圹	壙	khan5	kʰaŋ53	ʨie53~：墓穴			
慷	慷	khan5	kʰaŋ53	~慨			
行	行	an2	aŋ423	茶葉~			
航	航	an2	aŋ423				
杭	杭	an2	aŋ423				
绗	絎	an2	aŋ423				
蟥	蟥	an2	aŋ423	螞~			
降	降	an2	aŋ423	投~			
项	項	an4	aŋ334				
笐	笐	an6	aŋ31	竹~：曬衣服用的竹竿			
巷	巷	an6	aŋ31				
昂	昂	an6	aŋ31	馬~：地名			
辆	輛	nian5	niaŋ53				
帐	帳	nian5	niaŋ53				
账	賬	nian5	niaŋ53				
良	良	lian2	liaŋ423				
凉	涼	lian2	liaŋ423				
量	量	lian2	liaŋ423	~米			
粮	糧	lian2	liaŋ423				
梁	梁	lian2	liaŋ423				
梁	梁	lian2	liaŋ423				
杨	楊	lian3	liaŋ445	~柳樹			
两	兩	lian4	liaŋ334	數詞			
亮	亮	lian6	liaŋ31				
谅	諒	lian6	liaŋ31				
量	量	lian6	liaŋ31	質~			
两	兩	lian6	liaŋ31	重量單位			
将	將	cian1	ʨiaŋ24	~來			
浆	漿	cian1	ʨiaŋ24				
张	張	cian1	ʨiaŋ24	姓			
章	章	cian1	ʨiaŋ24				
樟	樟	cian1	ʨiaŋ24				
蟑	蟑	cian1	ʨiaŋ24				
疆	疆	cian1	ʨiaŋ24				
僵	僵	cian1	ʨiaŋ24				
姜	姜	cian1	ʨiaŋ24	姓			
姜	薑	cian1	ʨiaŋ24				
蒋	蔣	cian1	ʨiaŋ24				
奖	獎	cian3	ʨiaŋ445				
桨	槳	cian3	ʨiaŋ445				
长	長	cian3	ʨiaŋ445	部~			
掌	掌	cian3	ʨiaŋ445				
上	上	cian3	ʨiaŋ445	~頂面：上面			
仗	仗	cian5	ʨiaŋ53	打~			
酱	醬	cian5	ʨiaŋ53				
将	將	cian5	ʨiaŋ53	名詞			
障	障	cian5	ʨiaŋ53				
丈	丈	cian5	ʨiaŋ53	~人			
绱	緔	cian5	ʨiaŋ53	~鞋兒			
枪	槍	chian1	ʨʰiaŋ24				
昌	昌	chian1	ʨʰiaŋ24				
菖	菖	chian1	ʨʰiaŋ24				
腔	腔	chian1	ʨʰiaŋ24				
抢	搶	chian3	ʨʰiaŋ445				
厂	廠	chian3	ʨʰiaŋ445				
强	強	chian3	ʨʰiaŋ445	勉~			
畅	暢	chian5	ʨʰiaŋ53				
唱	唱	chian5	ʨʰiaŋ53				
倡	倡	chian5	ʨʰiaŋ53				
呛	嗆	chian5	ʨʰiaŋ53				
长	長	jian2	ʥiaŋ423	形容詞			
肠	腸	jian2	ʥiaŋ423				
场	場	jian2	ʥiaŋ423				
强	強	jian2	ʥiaŋ423	~固			
像	像	jian4	ʥiaŋ334	相~			
上	上	jian4	ʥiaŋ334	動詞			
丈	丈	jian6	ʥiaŋ31	一~			
娘	娘	gnian2	ȵiaŋ423				
娘	孃	gnian4	ȵiaŋ334				
仰	仰	gnian6	ȵiaŋ31				
让	讓	shian1	ɕiaŋ24				
相	相	shian1	ɕiaŋ24	~信			
箱	箱	shian1	ɕiaŋ24				
厢	廂	shian1	ɕiaŋ24				
镶	鑲	shian1	ɕiaŋ24				
商	商	shian1	ɕiaŋ24				
伤	傷	shian1	ɕiaŋ24				
香	香	shian1	ɕiaŋ24				
乡	鄉	shian1	ɕiaŋ24				
偿	償	shian3	ɕiaŋ445				
想	想	shian3	ɕiaŋ445				
鲞	鲞	shian3	ɕiaŋ445				
赏	賞	shian3	ɕiaŋ445				
晌	晌	shian3	ɕiaŋ445				
享	享	shian3	ɕiaŋ445				
响	響	shian3	ɕiaŋ445				
相	相	shian5	ɕiaŋ53	宰~			
向	嚮	shian5	ɕiaŋ53				
襄	襄	shian5	ɕiaŋ53	~陽			
裳	裳	shian5	ɕiaŋ53	衣~			
墙	牆	zhian2	ʑiaŋ423				
详	詳	zhian2	ʑiaŋ423				
祥	祥	zhian2	ʑiaŋ423				
常	常	zhian2	ʑiaŋ423				
尝	嘗	zhian2	ʑiaŋ423				
像	像	zhian4	ʑiaŋ334				
象	象	zhian4	ʑiaŋ334				
壤	壤	zhian6	ʑiaŋ31				
匠	匠	zhian6	ʑiaŋ31				
尚	尚	zhian6	ʑiaŋ31				
剩	剩	zhian6	ʑiaŋ31				
上	上	zhian4	ʑiaŋ334	~年：去年			
央	央	ian1	iaŋ24				
秧	秧	ian1	iaŋ24				
殃	殃	ian1	iaŋ24				
羊	羊	ian2	iaŋ423				
洋	洋	ian2	iaŋ423				
烊	烊	ian2	iaŋ423				
杨	楊	ian2	iaŋ423	姓			
阳	陽	ian2	iaŋ423				
扬	揚	ian2	iaŋ423				
蛘	蛘	ian2	iaŋ423	蛀~：蛀蟲			
养	養	ian4	iaŋ334				
痒	癢	ian4	iaŋ334				
样	樣	ian6	iaŋ31				
光	光	kuan1	kuaŋ24				
广	廣	kuan3	kuaŋ445				
筐	筐	khuan5	kʰuaŋ53				
匡	匡	khuan5	kʰuaŋ53				
矿	礦	khuan5	kʰuaŋ53				
旷	曠	khuan5	kʰuaŋ53				
掼	摜	guan6	ɡuaŋ31	扔			
慌	慌	huan1	xuaŋ24				
荒	荒	huan1	xuaŋ24				
谎	謊	huan3	xuaŋ445				
晃	晃	huan3	xuaŋ445				
况	況	huan5	xuaŋ53				
黄	黃	uan2	uaŋ423				
簧	簧	uan2	uaŋ423				
皇	皇	uan2	uaŋ423				
隍	隍	uan2	uaŋ423				
王	王	uan2	uaŋ423				
枉	枉	uan3	uaŋ445				
往	往	uan4	uaŋ334				
旺	旺	uan6	uaŋ31				
庄	莊	ciuan1	ʨyaŋ24				
装	裝	ciuan1	ʨyaŋ24				
妆	妝	ciuan1	ʨyaŋ24				
壮	壯	ciuan5	ʨyaŋ53				
疮	瘡	chiuan1	ʨʰyaŋ24				
闯	闖	chiuan3	ʨʰyaŋ445				
创	創	chiuan5	ʨʰyaŋ53				
狂	狂	jiuan2	ʥyaŋ423				
状	狀	jiuan6	ʥyaŋ31	形~			
撞	撞	jiuan6	ʥyaŋ31				
重	重	jiuan6	ʥyaŋ31	一~碗：一摞碗			
霜	霜	shiuan1	ɕyaŋ24				
双	雙	shiuan1	ɕyaŋ24				
舂	舂	shiuan1	ɕyaŋ24				
爽	爽	shiuan3	ɕyaŋ445				
双	雙	shiuan3	ɕyaŋ445	~生：雙胞胎			
床	牀	zhiuan2	ʑyaŋ423				
状	狀	zhiuan6	ʑyaŋ31	告~			
庄	莊	iuan1	yaŋ24	坐~			
桩	樁	iuan1	yaŋ24				
喷	噴	phen1	pʰen24	~漆			
盆	盆	ben2	ben423				
朋	朋	ben2	ben423				
笨	笨	ben6	ben31				
𡊄	𡊄	men1	men24	用簸箕摟在一起			
门	門	men2	men423				
本	本	men3	men445	日~			
闷	悶	men6	men31				
焖	燜	men6	men31				
分	分	fen1	fen24				
芬	芬	fen1	fen24				
纷	紛	fen1	fen24				
吩	吩	fen1	fen24				
粉	粉	fen3	fen445				
尾	尾	fen3	fen445	三~魚：金魚			
奋	奮	fen5	fen53				
文	文	ven2	ven423				
纹	紋	ven2	ven423				
闻	聞	ven2	ven423				
刎	刎	ven4	ven334				
份	份	ven6	ven31				
问	問	ven	ven33	~題			
坟	墳	ven	ven21	~頭：墳			
吞	吞	then3	tʰen445	溫~暖：溫水			
褪	褪	then5	tʰen53	脫，~帽：脫帽			
囤	囤	den2	den423				
腾	騰	den2	den423				
藤	藤	den2	den423				
疼	疼	den2	den423				
断	斷	den4	den334	斷絕			
段	段	den6	den31				
盾	盾	den6	den31				
遁	遁	den6	den31				
邓	鄧	den6	den31				
饨	飩	den6	den31	餛~			
砧	砧	nen1	nen24	板~：砧板			
敦	敦	nen1	nen24				
炖	燉	nen1	nen24				
登	登	nen1	nen24				
灯	燈	nen1	nen24				
能	能	nen2	nen423				
等	等	nen3	nen445				
颠	顛	nen3	nen445	~倒畈：地名			
暖	暖	nen4	nen334				
暖	暖	nen5	nen53	溫吞~：溫水			
吨	噸	nen5	nen53				
顿	頓	nen5	nen53				
凳	凳	nen5	nen53				
墩	墩	nen5	nen53	橋~			
橙	橙	nen5	nen53	甜~：一種橙子			
伦	倫	len2	len423				
沦	淪	len2	len423				
乱	亂	len3	len445	~kuen53念：亂說話			
卵	卵	len4	len334	蛋			
仑	崙	len5	len53	崑~			
戥	戥	len5	len53	~秤			
薐	薐	len5	len53	菠~菜			
论	論	len6	len31				
针	針	tsen1	tsen24				
斟	斟	tsen1	tsen24				
櫼	櫼	tsen1	tsen24	楔子			
珍	珍	tsen1	tsen24				
榛	榛	tsen1	tsen24				
臻	臻	tsen1	tsen24				
真	真	tsen1	tsen24				
尊	尊	tsen1	tsen24				
遵	遵	tsen1	tsen24				
曾	曾	tsen1	tsen24	姓			
增	增	tsen1	tsen24				
贞	貞	tsen1	tsen24				
侦	偵	tsen1	tsen24				
桢	楨	tsen3	tsen445	擠			
诊	診	tsen3	tsen445	~所			
浸	浸	tsen5	tsen53				
镇	鎮	tsen5	tsen53				
振	振	tsen5	tsen53				
震	震	tsen5	tsen53				
枕	枕	tsen5	tsen53	~頭			
趁	趁	tshen5	tsʰen53				
衬	襯	tshen5	tsʰen53				
沉	沉	dzen2	dzen423				
陈	陳	dzen2	dzen423				
尘	塵	dzen2	dzen423				
存	存	dzen2	dzen423				
阵	陣	dzen6	dzen31				
赠	贈	dzen6	dzen31				
森	森	sen1	sen24				
参	參	sen1	sen24	人~			
深	深	sen1	sen24				
删	刪	sen1	sen24	間苗			
身	身	sen1	sen24				
申	申	sen1	sen24				
伸	伸	sen1	sen24				
孙	孫	sen1	sen24	姓			
狲	猻	sen1	sen24				
沈	沈	sen3	sen445				
审	審	sen3	sen445				
损	損	sen3	sen445				
笋	筍	sen3	sen445				
榫	榫	sen3	sen445				
僧	僧	sen5	sen53	唐~			
寻	尋	zen2	zen423				
神	神	zen2	zen423				
辰	辰	zen2	zen423				
晨	晨	zen2	zen423				
臣	臣	zen2	zen423				
层	層	zen2	zen423				
尽	盡	zen4	zen334	~大：最大			
慎	慎	zen6	zen31				
跟	跟	ken1	ken24				
根	根	ken1	ken24				
桊	桊	ken5	ken53	牛鼻頭~			
啃	啃	khen1	kʰen24				
垦	墾	khen3	kʰen445				
恳	懇	khen3	kʰen445				
肯	肯	khen3	kʰen445				
揿	撳	khen5	kʰen53	按			
狠	狠	hen3	xen445				
很	很	hen5	xen53				
恩	恩	en1	en24				
含	含	en2	en423				
恒	恆	en2	en423				
恨	恨	en6	en31				
苹	蘋	pin3	pin445	~果			
拼	拼	phin1	pʰin24				
品	品	phin3	pʰin445				
姘	姘	phin3	pʰin445	~頭			
聘	聘	phin5	pʰin53				
贫	貧	bin2	bin423				
频	頻	bin2	bin423				
凭	憑	bin2	bin423				
平	平	bin2	bin423				
坪	坪	bin2	bin423				
评	評	bin2	bin423				
瓶	瓶	bin2	bin423				
屏	屏	bin2	bin423				
病	病	bin6	bin31				
并	並	bin	bin33	~立			
彬	彬	min1	min24				
斌	斌	min1	min24				
宾	賓	min1	min24				
冰	冰	min1	min24				
兵	兵	min1	min24				
民	民	min2	min423				
明	明	min2	min423				
名	名	min2	min423				
铭	銘	min2	min423				
禀	稟	min3	min445				
闽	閩	min3	min445				
丙	丙	min3	min445				
炳	炳	min3	min445				
殡	殯	min5	min53				
命	命	min6	min31				
眠	眠	min6	min31	夢~：做夢			
蚊	蚊	min	min21	~蟲			
庭	庭	tin5	tin53	家~			
蜓	蜓	tin5	tin53	蜻~			
厅	廳	thin1	tʰin24				
汀	汀	thin1	tʰin24				
艇	艇	thin3	tʰin445				
听	聽	thin5	tʰin53				
桯	桯	thin5	tʰin53	牀~：牀兩邊的木條			
亭	亭	din2	din423				
停	停	din2	din423				
廷	廷	din2	din423				
定	定	din6	din31				
丁	丁	nin1	nin24				
钉	釘	nin1	nin24	名詞			
疔	疔	nin1	nin24				
叮	叮	nin1	nin24	蚊子咬			
顶	頂	nin3	nin445	顶好：最好			
钉	釘	nin5	nin53	動詞			
订	訂	nin5	nin53				
林	林	lin2	lin423				
淋	淋	lin2	lin423				
临	臨	lin2	lin423				
邻	鄰	lin2	lin423				
鳞	鱗	lin2	lin423				
磷	磷	lin2	lin423				
凌	凌	lin2	lin423				
菱	菱	lin2	lin423				
灵	靈	lin2	lin423				
零	零	lin2	lin423				
铃	鈴	lin2	lin423				
领	領	lin4	lin334				
岭	嶺	lin4	lin334				
令	令	lin6	lin31				
另	另	lin6	lin31				
轮	輪	lin	lin21	~盤：輪子			
今	今	cin1	ʨin24				
金	金	cin1	ʨin24				
襟	襟	cin1	ʨin24				
巾	巾	cin1	ʨin24				
筋	筋	cin1	ʨin24				
征	徵	cin1	ʨin24				
惩	懲	cin1	ʨin24				
蒸	蒸	cin1	ʨin24				
京	京	cin1	ʨin24				
荆	荊	cin1	ʨin24				
精	精	cin1	ʨin24				
晶	晶	cin1	ʨin24				
经	經	cin1	ʨin24				
锦	錦	cin3	ʨin445				
紧	緊	cin3	ʨin445				
景	景	cin3	ʨin445				
警	警	cin3	ʨin445				
井	井	cin3	ʨin445				
整	整	cin3	ʨin445				
颈	頸	cin3	ʨin445				
鲫	鯽	cin3	ʨin445	~ȵie445：鯽魚			
惊	驚	cin3	ʨin445	~蟄			
正	正	cin3	ʨin445	~月			
禁	禁	cin5	ʨin53	~止			
进	進	cin5	ʨin53				
晋	晉	cin5	ʨin53				
斤	斤	cin5	ʨin53				
甑	甑	cin5	ʨin53				
证	證	cin5	ʨin53				
症	症	cin5	ʨin53				
境	境	cin5	ʨin53				
敬	敬	cin5	ʨin53				
竟	竟	cin5	ʨin53				
镜	鏡	cin5	ʨin53				
正	正	cin5	ʨin53	反~			
政	政	cin5	ʨin53				
竞	競	cin5	ʨin53				
憎	憎	cin5	ʨin53	叮農~：討人嫌			
征	征	cin5	ʨin53	長~			
中	中	cin5	ʨin53	當~：中間			
钦	欽	chin1	ʨʰin24				
亲	親	chin1	ʨʰin24	~戚			
称	稱	chin1	ʨʰin24	~呼			
卿	卿	chin1	ʨʰin24				
清	清	chin1	ʨʰin24				
轻	輕	chin1	ʨʰin24				
青	青	chin1	ʨʰin24				
蜻	蜻	chin1	ʨʰin24				
请	請	chin3	ʨʰin445				
侵	侵	chin3	ʨʰin445	~略			
称	稱	chin5	ʨʰin53	對~			
秤	秤	chin5	ʨʰin53				
庆	慶	chin5	ʨʰin53				
磬	磬	chin5	ʨʰin53				
琴	琴	jin2	ʥin423				
禽	禽	jin2	ʥin423				
擒	擒	jin2	ʥin423				
勤	勤	jin2	ʥin423				
芹	芹	jin2	ʥin423				
擎	擎	jin2	ʥin423	舉；兩臂向左右伸展的長度			
呈	呈	jin2	ʥin423				
程	程	jin2	ʥin423				
诚	誠	jin2	ʥin423				
近	近	jin4	ʥin334				
谨	謹	jin6	ʥin31				
仅	僅	jin6	ʥin31				
劲	勁	jin6	ʥin31				
郑	鄭	jin6	ʥin31				
妗	妗	jin6	ʥin31	~~：舅母			
壬	壬	gnin2	ȵin423				
人	人	gnin2	ȵin423	丈~			
银	銀	gnin2	ȵin423				
迎	迎	gnin2	ȵin423				
盈	盈	gnin2	ȵin423				
赢	贏	gnin2	ȵin423				
忍	忍	gnin4	ȵin334				
蝇	蠅	gnin5	ȵin53	蒼~			
认	認	gnin6	ȵin31				
仁	仁	gnin	ȵin21	~村：地名			
宁	寧	gnin	ȵin21	~波：地名			
心	心	shin1	ɕin24				
辛	辛	shin1	ɕin24				
薪	薪	shin1	ɕin24				
欣	欣	shin1	ɕin24				
升	昇	shin1	ɕin24				
兴	興	shin1	ɕin24	紹~			
声	聲	shin1	ɕin24	~音			
星	星	shin1	ɕin24				
腥	腥	shin1	ɕin24				
擤	擤	shin3	ɕin445				
醒	醒	shin3	ɕin445				
信	信	shin5	ɕin53				
讯	訊	shin5	ɕin53				
胜	勝	shin5	ɕin53				
兴	興	shin5	ɕin53	人多熱鬧；高~			
性	性	shin5	ɕin53				
姓	姓	shin5	ɕin53				
圣	圣	shin5	ɕin53				
升	升	shin5	ɕin53	一~			
秦	秦	zhin2	ʑin423				
仁	仁	zhin2	ʑin423				
人	人	zhin2	ʑin423	~民			
乘	乘	zhin2	ʑin423				
绳	繩	zhin2	ʑin423				
塍	塍	zhin2	ʑin423				
承	承	zhin2	ʑin423				
丞	丞	zhin2	ʑin423				
情	情	zhin2	ʑin423				
晴	晴	zhin2	ʑin423				
成	成	zhin2	ʑin423				
城	城	zhin2	ʑin423				
蕈	蕈	zhin4	ʑin334	蘑菇			
尽	盡	zhin4	ʑin334				
静	靜	zhin4	ʑin334				
赁	賃	zhin6	ʑin31	租			
任	任	zhin6	ʑin31				
剩	剩	zhin6	ʑin31				
盛	盛	zhin6	ʑin31	茂~			
音	音	in1	in24				
阴	陰	in1	in24				
因	因	in1	in24				
姻	姻	in1	in24				
殷	殷	in1	in24				
鹰	鷹	in1	in24				
樱	櫻	in1	in24				
英	英	in1	in24				
缨	纓	in1	in24				
萤	螢	in1	in24				
寅	寅	in2	in423				
形	形	in2	in423				
型	型	in2	in423				
刑	刑	in2	in423				
营	營	in2	in423				
隐	隱	in3	in445				
影	影	in3	in445				
鹦	鸚	in3	in445	~鵡			
引	引	in4	in334				
瘾	癮	in4	in334				
印	印	in5	in53				
应	應	in5	in53	答~			
荫	蔭	in5	in53	烏~干兒：傍晚			
瘾	癮	in5	in53	~頭			
关	關	kuen1	kuen24	~門			
管	管	kuen3	kuen445	水竹~：竹舀子			
滚	滾	kuen3	kuen445				
灌	灌	kuen5	kuen53	膿腫			
棍	棍	kuen5	kuen53				
昆	昆	khuen1	kʰuen24				
昆	崑	khuen1	kʰuen24				
捆	捆	khuen3	kʰuen445				
困	困	khuen5	kʰuen53				
坤	坤	khuen5	kʰuen53	乾~			
昏	昏	huen1	xuen24				
婚	婚	huen1	xuen24				
荤	葷	huen1	xuen24				
温	溫	uen1	uen24				
瘟	瘟	uen1	uen24				
魂	魂	uen2	uen423				
浑	渾	uen2	uen423				
稳	穩	uen3	uen445				
混	混	uen6	uen31				
馄	餛	uen	uen21	~飩			
钧	鈞	ciun1	ʨyin24				
均	均	ciun1	ʨyin24				
军	軍	ciun1	ʨyin24				
君	君	ciun1	ʨyin24				
卷	捲	ciun3	ʨyin445				
准	準	ciun3	ʨyin445				
准	准	ciun3	ʨyin445				
俊	俊	ciun5	ʨyin53				
津	津	ciun5	ʨyin53	天~			
穿	穿	chiun1	ʨʰyin24				
春	春	chiun1	ʨʰyin24				
菌	菌	chiun3	ʨʰyin445				
串	串	chiun5	ʨʰyin53				
蠢	蠢	chiun5	ʨʰyin53				
顷	頃	chiun5	ʨʰyin53				
群	群	jiun2	ʥyin423				
裙	裙	jiun2	ʥyin423				
琼	瓊	jiun2	ʥyin423				
郡	郡	jiun6	ʥyin31				
熏	熏	shiun1	ɕyin24				
熏	薰	shiun1	ɕyin24				
勋	勛	shiun1	ɕyin24				
迅	迅	shiun5	ɕyin53				
殉	殉	shiun5	ɕyin53				
舜	舜	shiun5	ɕyin53				
训	訓	shiun5	ɕyin53				
循	循	zhiun2	ʑyin423				
巡	巡	zhiun2	ʑyin423				
纯	純	zhiun2	ʑyin423				
醇	醇	zhiun2	ʑyin423				
仍	仍	zhiun2	ʑyin423	~舊			
顺	順	zhiun6	ʑyin31				
闰	閏	zhiun6	ʑyin31				
润	潤	zhiun6	ʑyin31				
唇	唇	zhiun	ʑyin21	~中：人中			
肫	肫	iun1	yin24				
匀	勻	iun2	yin423				
云	雲	iun2	yin423				
允	允	iun4	yin334				
永	永	iun4	yin334				
韵	韻	iun6	yin31				
运	運	iun6	yin31				
晕	暈	iun6	yin31				
捧	捧	phon3	pʰɔŋ445	動詞			
篷	篷	bon2	bɔŋ423				
冯	馮	bon2	bɔŋ423				
芒	芒	mon2	mɔŋ423	麥~			
蒙	蒙	mon2	mɔŋ423				
梦	夢	mon6	mɔŋ31				
风	風	fon1	fɔŋ24				
枫	楓	fon1	fɔŋ24				
疯	瘋	fon1	fɔŋ24	半身不遂			
丰	豐	fon1	fɔŋ24				
讽	諷	fon1	fɔŋ24				
封	封	fon1	fɔŋ24				
锋	鋒	fon1	fɔŋ24				
峰	峰	fon1	fɔŋ24				
蜂	蜂	fon1	fɔŋ24				
烽	烽	fon1	fɔŋ24				
缝	縫	von2	vɔŋ423	裁~			
奉	奉	von4	vɔŋ334				
凤	鳳	von6	vɔŋ31				
缝	縫	von6	vɔŋ31	名詞			
通	通	thon1	tʰɔŋ24				
捅	捅	thon3	tʰɔŋ445				
统	統	thon3	tʰɔŋ445				
痛	痛	thon5	tʰɔŋ53				
同	同	don2	dɔŋ423				
铜	銅	don2	dɔŋ423				
筒	筒	don2	dɔŋ423				
桶	桶	don4	dɔŋ334				
动	動	don4	dɔŋ334				
洞	洞	don6	dɔŋ31				
桐	桐	don6	dɔŋ31	梧~			
童	童	don6	dɔŋ31	兒~			
东	東	non1	nɔŋ24				
冬	冬	non1	nɔŋ24				
农	農	non2	nɔŋ423	人			
脓	膿	non2	nɔŋ423				
懂	懂	non3	nɔŋ445				
董	董	non3	nɔŋ445				
中	中	non3	nɔŋ445	~央指：中指			
冻	凍	non5	nɔŋ53				
栋	棟	non5	nɔŋ53				
脓	膿	non6	nɔŋ31				
奴	奴	non	nɔŋ21	~才			
笼	籠	lon2	lɔŋ423				
聋	聾	lon2	lɔŋ423				
砻	礱	lon2	lɔŋ423				
隆	隆	lon2	lɔŋ423				
龙	龍	lon2	lɔŋ423				
陇	隴	lon2	lɔŋ423				
拢	攏	lon4	lɔŋ334				
窿	窿	lon4	lɔŋ334				
弄	弄	lon6	lɔŋ31	動詞			
弄	弄	lon6	lɔŋ31	名詞			
咙	嚨	lon	lɔŋ21	~喉：喉嚨			
棕	棕	tson1	tsɔŋ24				
宗	宗	tson1	tsɔŋ24				
中	中	tson1	tsɔŋ24	~間			
忠	忠	tson1	tsɔŋ24				
终	終	tson1	tsɔŋ24				
钟	鐘	tson1	tsɔŋ24	廟裡的鐘			
钟	鍾	tson1	tsɔŋ24	姓			
盅	盅	tson1	tsɔŋ24				
鬃	鬃	tson3	tsɔŋ445	~頭毛：鬃			
粽	粽	tson5	tsɔŋ53				
中	中	tson5	tsɔŋ53	~狀元			
众	眾	tson5	tsɔŋ53				
种	種	tson5	tsɔŋ53	芒~			
总	總	tson5	tsɔŋ53	~理			
聪	聰	tshon1	tsʰɔŋ24				
匆	匆	tshon1	tsʰɔŋ24				
葱	蔥	tshon1	tsʰɔŋ24				
囱	囪	tshon1	tsʰɔŋ24				
充	充	tshon1	tsʰɔŋ24				
冲	衝	tshon1	tsʰɔŋ24				
楤	楤	tshon1	tsʰɔŋ24	稻稈~：尖頭扁擔			
铳	銃	tshon5	tsʰɔŋ53				
虫	蟲	dzon2	dzɔŋ423				
重	重	dzon2	dzɔŋ423	~複			
重	重	dzon4	dzɔŋ334	形容詞			
仲	仲	dzon6	dzɔŋ31				
松	鬆	son1	sɔŋ24				
嵩	嵩	son1	sɔŋ24				
松	松	son1	sɔŋ24	~香			
送	送	son5	sɔŋ53				
宋	宋	son5	sɔŋ53				
丛	叢	zon2	zɔŋ423				
崇	崇	zon2	zɔŋ423				
丛	叢	zon2	zɔŋ423	介詞			
绒	絨	zon2	zɔŋ423				
茸	茸	zon2	zɔŋ423				
鳙	鳙	zon2	zɔŋ423	大頭~：胖頭魚			
㞞	㞞	zon2	zɔŋ423	無能			
诵	誦	zon6	zɔŋ31				
颂	頌	zon6	zɔŋ31				
讼	訟	zon6	zɔŋ31				
松	松	zon	zɔŋ21	~樹			
公	公	kon1	kɔŋ24				
工	工	kon1	kɔŋ24				
功	功	kon1	kɔŋ24				
弓	弓	kon1	kɔŋ24				
躬	躬	kon1	kɔŋ24				
宫	宮	kon1	kɔŋ24				
恭	恭	kon1	kɔŋ24				
巩	鞏	kon3	kɔŋ445				
拱	拱	kon3	kɔŋ445	~兵			
赣	贛	kon5	kɔŋ53				
汞	汞	kon5	kɔŋ53				
贡	貢	kon5	kɔŋ53				
蚣	蚣	kon5	kɔŋ53	mɔŋ21~：蜈蚣			
空	空	khon1	kʰɔŋ24	~氣			
孔	孔	khon3	kʰɔŋ445				
孔	孔	khon5	kʰɔŋ53	冷水~：泉水			
控	控	khon5	kʰɔŋ53				
空	空	khon5	kʰɔŋ53	閑			
共	共	gon6	ɡɔŋ31				
烘	烘	hon1	xɔŋ24				
哄	哄	hon3	xɔŋ445				
蕻	蕻	hon5	xɔŋ53	菜~：菜的分支			
翁	翁	on1	ɔŋ24				
弘	弘	on2	ɔŋ423				
宏	宏	on2	ɔŋ423				
红	紅	on2	ɔŋ423				
洪	洪	on2	ɔŋ423				
鸿	鴻	on2	ɔŋ423				
塕	塕	on3	ɔŋ445	灰塵			
瓮	甕	on5	ɔŋ53				
供	供	cion1	ʨiɔŋ24	~爺娘：供養父母			
穷	窮	jion2	ʥiɔŋ423				
共	共	jion6	ʥiɔŋ31	~一個：同一個			
凶	兇	shion1	ɕiɔŋ24				
胸	胸	shion1	ɕiɔŋ24				
凶	凶	shion1	ɕiɔŋ24				
雍	雍	ion1	iɔŋ24				
痈	癰	ion1	iɔŋ24				
熊	熊	ion2	iɔŋ423				
雄	雄	ion2	iɔŋ423				
融	融	ion2	iɔŋ423				
浓	濃	ion2	iɔŋ423				
容	容	ion2	iɔŋ423				
种	種	ion3	iɔŋ445	名詞			
肿	腫	ion3	iɔŋ445				
拥	擁	ion4	iɔŋ334				
种	種	ion5	iɔŋ53	~田			
荣	榮	ion5	iɔŋ53	光~			
庸	庸	ion5	iɔŋ53	中~			
蓉	蓉	ion5	iɔŋ53	芙~花			
勇	勇	ion5	iɔŋ53	~敢			
用	用	ion6	iɔŋ31				
百	百	paeq7	paʔ5				
柏	柏	paeq7	paʔ5				
伯	伯	paeq7	paʔ5				
迫	迫	paeq7	paʔ5				
拍	拍	phaeq7	pʰaʔ5				
魄	魄	phaeq7	pʰaʔ5				
𤖼	𤖼	phaeq7	pʰaʔ5	掰；撕			
摘	摘	laeq7	laʔ5				
宰	宰	tsaeq7	tsaʔ5	~相			
宅	宅	tsaeq7	tsaʔ5	陶~：地名			
责	責	tsaeq7	tsaʔ5				
只	隻	tsaeq7	tsaʔ5				
拆	拆	tshaeq7	tsʰaʔ5				
坼	坼	tshaeq7	tsʰaʔ5	裂縫兒			
策	策	tshaeq7	tsʰaʔ5				
册	冊	tshaeq7	tsʰaʔ5				
赤	赤	tshaeq7	tsʰaʔ5	~腳			
萨	薩	saeq7	saʔ5				
格	格	kaeq7	kaʔ5				
革	革	kaeq7	kaʔ5				
隔	隔	kaeq7	kaʔ5				
慨	慨	khaeq7	kʰaʔ5	慷~			
客	客	khaeq7	kʰaʔ5				
轭	軛	ngaeq7	ŋaʔ5				
吓	嚇	haeq7	xaʔ5				
压	壓	aeq7	aʔ5				
扼	扼	aeq7	aʔ5				
帖	帖	thiaeq7	tʰiaʔ5				
贴	貼	thiaeq7	tʰiaʔ5				
铁	鐵	thiaeq7	tʰiaʔ5				
跌	跌	liaeq7	liaʔ5				
个	個	ciaeq7	ʨiaʔ5	一~			
姐	姐	ciaeq7	ʨiaʔ5	~~：伯母			
蔗	蔗	ciaeq7	ʨiaʔ5				
介	介	ciaeq7	ʨiaʔ5				
界	界	ciaeq7	ʨiaʔ5				
芥	芥	ciaeq7	ʨiaʔ5				
疥	疥	ciaeq7	ʨiaʔ5				
届	屆	ciaeq7	ʨiaʔ5				
戒	戒	ciaeq7	ʨiaʔ5				
解	解	ciaeq7	ʨiaʔ5	起~			
眨	眨	ciaeq7	ʨiaʔ5				
夹	夾	ciaeq7	ʨiaʔ5	頭髮~			
挟	挾	ciaeq7	ʨiaʔ5	~菜			
节	節	ciaeq7	ʨiaʔ5				
蚱	蚱	ciaeq7	ʨiaʔ5	~蜢			
𥰾	𥰾	ciaeq7	ʨiaʔ5	~酒：壓酒			
切	切	chiaeq7	ʨʰiaʔ5				
㶁	㶁	kuaq7	kuɑʔ5	開裂			
划	劃	nguaq8	ŋuɑʔ3	漢字的一筆			
获	獲	uaq8	uɑʔ3				
获	穫	uaq8	uɑʔ3				
划	劃	uaq8	uɑʔ3	計~			
八	八	puaq7	puɑʔ5				
法	法	fuaq7	fuɑʔ5				
髪	髪	fuaq7	fuɑʔ5				
发	發	fuaq7	fuɑʔ5				
拓	拓	thuaq7	tʰuɑʔ5	按手印			
塔	塔	thuaq7	tʰuɑʔ5				
獭	獺	thuaq7	tʰuɑʔ5				
搭	搭	luaq7	luɑʔ5				
褡	褡	luaq7	luɑʔ5	肚~：兜肚			
榨	榨	tsuaq7	tsuɑʔ5	~菜			
炸	炸	tsuaq7	tsuɑʔ5				
插	插	tshuaq7	tsʰuɑʔ5				
擦	擦	tshuaq7	tsʰuɑʔ5				
察	察	tshuaq7	tsʰuɑʔ5				
撒	撒	suaq7	suɑʔ5				
杀	殺	suaq7	suɑʔ5				
夹	夾	kuaq7	kuɑʔ5	地~：兩邊的夾子			
夹	裌	kuaq7	kuɑʔ5				
荚	莢	kuaq7	kuɑʔ5				
甲	甲	kuaq7	kuɑʔ5				
刮	刮	kuaq7	kuɑʔ5				
括	括	kuaq7	kuɑʔ5				
扩	擴	khuaq7	kʰuɑʔ5				
阔	闊	khuaq7	kʰuɑʔ5				
喝	喝	huaq7	xuɑʔ5	啜			
豁	豁	huaq7	xuɑʔ5				
挜	掗	uaq7	uɑʔ5	強迫給人			
鸭	鴨	uaq7	uɑʔ5				
押	押	uaq7	uɑʔ5				
挖	挖	uaq7	uɑʔ5				
博	博	poq7	pɔʔ5				
剥	剝	poq7	pɔʔ5				
驳	駁	poq7	pɔʔ5				
壁	壁	poq7	pɔʔ5	吸~虎兒：壁虎			
薄	薄	poq7	pɔʔ5	~荷			
朴	樸	phoq7	pʰɔʔ5				
仆	仆	phoq7	pʰɔʔ5	前~後繼			
覆	覆	phoq7	pʰɔʔ5	趴			
薄	薄	boq8	bɔʔ3	形容詞			
箔	箔	boq8	bɔʔ3				
缚	縛	boq8	bɔʔ3	捆			
菔	菔	boq8	bɔʔ3	蘆~：蘿蔔			
莫	莫	moq8	mɔʔ3				
摸	摸	moq8	mɔʔ3				
木	木	moq8	mɔʔ3				
目	目	moq8	mɔʔ3				
穆	穆	moq8	mɔʔ3				
牧	牧	moq8	mɔʔ3				
复	復	foq7	fɔʔ5	~興			
福	福	foq7	fɔʔ5				
复	複	foq7	fɔʔ5	~雜			
服	服	voq8	vɔʔ3				
伏	伏	voq8	vɔʔ3				
秃	禿	thoq7	tʰɔʔ5				
独	獨	doq8	dɔʔ3				
读	讀	doq8	dɔʔ3				
渎	瀆	doq8	dɔʔ3	溝渠			
牍	牘	doq8	dɔʔ3				
毒	毒	doq8	dɔʔ3				
督	督	loq7	lɔʔ5				
竹	竹	loq7	lɔʔ5				
芦	蘆	loq7	lɔʔ5	~菔：蘿蔔			
鹿	鹿	loq8	lɔʔ3				
簏	簏	loq8	lɔʔ3	盒子			
禄	祿	loq8	lɔʔ3				
六	六	loq8	lɔʔ3				
陆	陸	loq8	lɔʔ3				
绿	綠	loq8	lɔʔ3				
录	錄	loq8	lɔʔ3				
筑	筑	tsoq7	tsɔʔ5				
祝	祝	tsoq7	tsɔʔ5				
粥	粥	tsoq7	tsɔʔ5				
足	足	tsoq7	tsɔʔ5				
烛	燭	tsoq7	tsɔʔ5				
嘱	囑	tsoq7	tsɔʔ5				
捉	捉	tshoq7	tsʰɔʔ5	讀字			
畜	畜	tshoq7	tsʰɔʔ5	~牲			
促	促	tshoq7	tsʰɔʔ5				
触	觸	tshoq7	tsʰɔʔ5				
轴	軸	dzoq8	dzɔʔ3				
蜀	蜀	dzoq8	dzɔʔ3				
速	速	soq7	sɔʔ5				
肃	肅	soq7	sɔʔ5				
缩	縮	soq7	sɔʔ5				
宿	宿	soq7	sɔʔ5				
叔	叔	soq7	sɔʔ5				
淑	淑	soq7	sɔʔ5				
粟	粟	soq7	sɔʔ5				
族	族	zoq8	zɔʔ3				
熟	熟	zoq8	zɔʔ3				
塾	塾	zoq8	zɔʔ3				
俗	俗	zoq8	zɔʔ3				
续	續	zoq8	zɔʔ3				
属	屬	zoq8	zɔʔ3				
辱	辱	zoq8	zɔʔ3				
褥	褥	zoq8	zɔʔ3				
谷	穀	koq7	kɔʔ5				
谷	谷	koq7	kɔʔ5				
窟	窟	khoq7	kʰɔʔ5				
哭	哭	khoq7	kʰɔʔ5				
酷	酷	khoq7	kʰɔʔ5				
握	握	oq7	ɔʔ5				
屋	屋	oq7	ɔʔ5				
菊	菊	cioq7	ʨiɔʔ5				
鞠	鞠	cioq7	ʨiɔʔ5				
曲	曲	chioq7	ʨʰiɔʔ5				
曲	麯	chioq7	ʨʰiɔʔ5				
局	局	jioq8	ʥiɔʔ3				
肉	肉	gnioq8	ȵiɔʔ3				
玉	玉	gnioq8	ȵiɔʔ3				
狱	獄	gnioq8	ȵiɔʔ3				
畜	畜	shioq7	ɕiɔʔ5	~牧			
蓄	蓄	shioq7	ɕiɔʔ5	儲~			
斲	斲	ioq7	iɔʔ5	砍			
育	育	ioq8	iɔʔ3				
欲	慾	ioq8	iɔʔ3				
浴	浴	ioq8	iɔʔ3				
笔	筆	peq7	pəʔ5				
滗	潷	peq7	pəʔ5				
毕	畢	peq7	pəʔ5				
必	必	peq7	pəʔ5				
不	不	peq7	pəʔ5				
北	北	peq7	pəʔ5				
逼	逼	peq7	pəʔ5				
檗	檗	peq7	pəʔ5	黃~			
碧	碧	peq7	pəʔ5				
壁	壁	peq7	pəʔ5				
璧	璧	peq7	pəʔ5				
䏘	䏘	pheq7	pʰəʔ5	女陰			
鼻	鼻	beq8	bəʔ3				
别	別	beq8	bəʔ3	~個：別的			
𧼱	𧼱	beq8	bəʔ3	~鴨：趕鴨子			
密	密	meq8	məʔ3				
蜜	蜜	meq8	məʔ3				
墨	墨	meq8	məʔ3				
默	默	meq8	məʔ3				
弗	弗	feq7	fəʔ5	不			
佛	彿	feq7	fəʔ5				
勿	勿	feq7	fəʔ5				
佛	佛	veq8	vəʔ3				
物	物	veq8	vəʔ3				
的	的	teq7	təʔ5	讀字			
脱	脫	theq7	tʰəʔ5				
忒	忒	theq7	tʰəʔ5				
踢	踢	theq7	tʰəʔ5				
剔	剔	theq7	tʰəʔ5				
夺	奪	deq8	dəʔ3				
突	突	deq8	dəʔ3				
特	特	deq8	dəʔ3				
笛	笛	deq8	dəʔ3				
敌	敵	deq8	dəʔ3				
狄	狄	deq8	dəʔ3				
籴	糴	deq8	dəʔ3				
日	日	neq7	nəʔ5	明~			
吶	吶	neq7	nəʔ5	無，沒有			
日	日	neq8	nəʔ3				
呢	呢	neq8	nəʔ3	助詞			
得	得	leq7	ləʔ5				
德	德	leq7	ləʔ5				
了	了	leq8	ləʔ3	助詞			
猎	獵	leq8	ləʔ3				
立	立	leq8	ləʔ3				
列	列	leq8	ləʔ3				
烈	烈	leq8	ləʔ3				
裂	裂	leq8	ləʔ3				
捋	捋	leq8	ləʔ3				
劣	劣	leq8	ləʔ3				
栗	栗	leq8	ləʔ3				
律	律	leq8	ləʔ3				
率	率	leq8	ləʔ3	效~			
肋	肋	leq8	ləʔ3				
力	力	leq8	ləʔ3				
历	歷	leq8	ləʔ3				
历	曆	leq8	ləʔ3				
疬	癧	leq8	ləʔ3				
只	只	tseq7	tsəʔ5	副詞			
执	執	tseq7	tsəʔ5				
汁	汁	tseq7	tsəʔ5				
质	質	tseq7	tsəʔ5				
则	則	tseq7	tsəʔ5				
侧	側	tseq7	tsəʔ5				
织	織	tseq7	tsəʔ5				
职	職	tseq7	tsəʔ5				
积	積	tseq7	tsəʔ5				
迹	跡	tseq7	tsəʔ5				
绩	績	tseq7	tsəʔ5				
撮	撮	tsheq7	tsʰəʔ5				
塞	塞	tsheq7	tsʰəʔ5	塞子			
测	測	tsheq7	tsʰəʔ5				
秩	秩	dzeq8	dzəʔ3				
卒	卒	dzeq8	dzəʔ3	棋子之一			
殖	殖	dzeq8	dzəʔ3				
植	植	dzeq8	dzəʔ3				
涩	澀	seq7	səʔ5				
屑	屑	seq7	səʔ5	風~：頭皮			
虱	虱	seq7	səʔ5				
失	失	seq7	səʔ5				
室	室	seq7	səʔ5				
色	色	seq7	səʔ5				
识	識	seq7	səʔ5				
十	十	zeq8	zəʔ3				
拾	拾	zeq8	zəʔ3				
实	實	zeq8	zəʔ3				
贼	賊	zeq8	zəʔ3				
个	個	keq7	kəʔ5	的			
蛤	蛤	keq7	kəʔ5	~pɑo445：癩蛤蟆			
今	今	keq7	kəʔ5	~日			
结	結	keq7	kəʔ5	~舌：口吃			
磕	磕	kheq7	kʰəʔ5				
掐	掐	kheq7	kʰəʔ5	兼指用指甲按			
刻	刻	kheq7	kʰəʔ5				
克	克	kheq7	kʰəʔ5				
个	個	geq0	ɡəʔ0	的			
核	覈	geq8	ɡəʔ3	審～			
黑	黑	heq7	xəʔ5				
赫	赫	heq7	xəʔ5				
急	急	cieq7	ʨiəʔ5				
级	級	cieq7	ʨiəʔ5				
给	給	cieq7	ʨiəʔ5				
吉	吉	cieq7	ʨiəʔ5				
雀	雀	cieq7	ʨiəʔ5	麻~			
侧	側	cieq7	ʨiəʔ5				
织	織	cieq7	ʨiəʔ5				
识	識	cieq7	ʨiəʔ5	~著：知道			
剧	劇	cieq7	ʨiəʔ5	~烈			
脊	脊	cieq7	ʨiəʔ5				
击	擊	cieq7	ʨiəʔ5				
缉	緝	chieq7	ʨʰiəʔ5				
辑	輯	chieq7	ʨʰiəʔ5				
泣	泣	chieq7	ʨʰiəʔ5				
七	七	chieq7	ʨʰiəʔ5				
漆	漆	chieq7	ʨʰiəʔ5				
迄	迄	chieq7	ʨʰiəʔ5				
乞	乞	chieq7	ʨʰiəʔ5				
赤	赤	chieq7	ʨʰiəʔ5				
斥	斥	chieq7	ʨʰiəʔ5				
尺	尺	chieq7	ʨʰiəʔ5				
戚	戚	chieq7	ʨʰiəʔ5				
吃	喫	chieq7	ʨʰiəʔ5	~力			
蛰	蟄	jieq8	ʥiəʔ3				
及	及	jieq8	ʥiəʔ3				
侄	侄	jieq8	ʥiəʔ3				
秩	秩	jieq8	ʥiəʔ3				
直	直	jieq8	ʥiəʔ3				
值	值	jieq8	ʥiəʔ3				
极	極	jieq8	ʥiəʔ3				
剧	劇	jieq8	ʥiəʔ3	婺~			
屐	屐	jieq8	ʥiəʔ3				
入	入	gnieq8	ȵiəʔ3	塞進去			
逆	逆	gnieq8	ȵiəʔ3				
吸	吸	shieq7	ɕiəʔ5				
㽺	㽺	shieq7	ɕiəʔ5	壞，不好			
戌	戌	shieq7	ɕiəʔ5				
息	息	shieq7	ɕiəʔ5				
识	識	shieq7	ɕiəʔ5				
式	式	shieq7	ɕiəʔ5				
饰	飾	shieq7	ɕiəʔ5				
惜	惜	shieq7	ɕiəʔ5	可~			
释	釋	shieq7	ɕiəʔ5				
锡	錫	shieq7	ɕiəʔ5				
析	析	shieq7	ɕiəʔ5				
集	集	zhieq8	ʑiəʔ3				
入	入	zhieq8	ʑiəʔ3				
日	日	zhieq8	ʑiəʔ3	~本			
食	食	zhieq8	ʑiəʔ3				
蚀	蝕	zhieq8	ʑiəʔ3				
籍	籍	zhieq8	ʑiəʔ3				
席	席	zhieq8	ʑiəʔ3				
席	蓆	zhieq8	ʑiəʔ3				
石	石	zhieq8	ʑiəʔ3				
揖	揖	ieq7	iəʔ5				
乙	乙	ieq7	iəʔ5				
一	一	ieq7	iəʔ5				
逸	逸	ieq7	iəʔ5				
益	益	ieq7	iəʔ5				
页	頁	ieq7	iəʔ5				
越	越	ieq7	iəʔ5	~講~多			
翼	翼	ieq7	iəʔ5	鰭			
亦	亦	ieq7	iəʔ5				
译	譯	ieq7	iəʔ5				
易	易	ieq7	iəʔ5	交~			
国	國	kueq7	kuəʔ5				
忽	忽	hueq7	xuəʔ5				
核	核	ueq8	uəʔ3	果核			
或	或	ueq8	uəʔ3				
惑	惑	ueq8	uəʔ3				
㰵	㰵	ciueq7	ʨyəʔ5	吮吸			
橘	橘	ciueq7	ʨyəʔ5				
屈	屈	chiueq7	ʨʰyəʔ5				
朮	朮	jiueq8	ʥyəʔ3	白~			
浞	浞	jiueq8	ʥyəʔ3	淋雨			
悉	悉	shiueq7	ɕyəʔ5				
蟋	蟋	shiueq7	ɕyəʔ5				
习	習	zhiueq8	ʑyəʔ3				
术	術	zhiueq8	ʑyəʔ3				
悦	悅	iueq8	yəʔ3				
阅	閱	iueq8	yəʔ3				
越	越	iueq8	yəʔ3	~南			
穴	穴	iueq8	yəʔ3				
域	域	iueq8	yəʔ3				
疫	疫	iueq8	yəʔ3				
役	役	iueq8	yəʔ3				
粒	粒	loeq8	lɤq3				
些	些	soeq7	sɤq5				
屑	屑	soeq7	sɤq5	lɤ53~：垃圾			
盒	盒	oeq8	ɤq3				
鳖	鱉	piq7	pieʔ5				
瘪	癟	piq7	pieʔ5				
吶	吶	niq7	nieʔ5	無，沒有			
雪	雪	shiq7	ɕieʔ5				
靥	靨	iq7	ieʔ5	凹，山~：較狹小的山谷			
𥣘	𥣘	iq7	ieʔ5	xuo53~：秕穀			
钵	缽	puoq7	puoʔ5				
拨	撥	puoq7	puoʔ5				
泼	潑	phuoq7	pʰuoʔ5				
桌	桌	luoq7	luoʔ5				
卓	卓	tsuoq7	tsuoʔ5				
戳	戳	tshuoq7	tsʰuoʔ5				
监	監	kuoq7	kuoʔ5	太~			
骨	骨	kuoq7	kuoʔ5				
郭	郭	kuoq7	kuoʔ5				
屈	屈	khuoq7	kʰuoʔ5	彎			
𩑦	𩑦	uoq7	uoʔ5	淹			
刷	刷	shiuq7	ɕyeʔ5				
说	說	shiuq7	ɕyeʔ5				
血	血	shiuq7	ɕyeʔ5				
恤	恤	shiuq7	ɕyeʔ5				
托	託	thaoq7	tʰɑoʔ5				
托	托	thaoq7	tʰɑoʔ5				
落	落	laoq7	lɑoʔ5	dəʔ3~：那裡			
作	作	tsaoq7	tsɑoʔ5				
索	索	saoq7	sɑoʔ5				
各	各	kaoq7	kɑoʔ5				
阁	閣	kaoq7	kɑoʔ5				
搁	擱	kaoq7	kɑoʔ5				
觉	覺	kaoq7	kɑoʔ5				
角	角	kaoq7	kɑoʔ5	動物的角			
确	確	khaoq7	kʰɑoʔ5				
壳	殼	khaoq7	kʰɑoʔ5				
恶	惡	aoq7	ɑoʔ5	~霸			
着	著	liaoq7	liɑoʔ5	~衣裳：穿衣服			
爵	爵	ciaoq7	ʨiɑoʔ5				
脚	腳	ciaoq7	ʨiɑoʔ5				
鹊	鵲	chiaoq7	ʨʰiɑoʔ5				
绰	綽	chiaoq7	ʨʰiɑoʔ5				
却	卻	chiaoq7	ʨʰiɑoʔ5				
削	削	shiaoq7	ɕiɑoʔ5				
惜	惜	shiaoq7	ɕiɑoʔ5	叮儂~：可愛，乖			
约	約	iaoq7	iɑoʔ5				
尾	尾	m5	m53	~巴			
姆	姆	m5	m53	~媽：母親			
吴	吳	n2	n423				
儿	兒	n2	n423				
耳	耳	n3	n445	~朵			
忤	忤	n3	n445	~逆			
五	五	n4	n334				
伍	伍	n4	n334				
午	午	n4	n334				
母	母	n4	n334	丈~			
姆	姆	n4	n334	白~：地名			
二	二	n6	n31				
尔	爾	er4	ɭ334				
耳	耳	er4	ɭ334	黑木~			
而	而	er3	ɭ445	~且			
儿	兒	er	ɭ21	~童			
子	子	tsy5	tsɿ53	子尾，如婊~，包~，棍~			
鸡	雞	cie5	ʨie53	細~			
牛	牛	gnieu5	ȵiu53	細~			
纽	紐	gnieu5	ȵiu53	鍋把兒			
手	手	shieu5	ɕiu53	犁ʨʰie53~：犁上換方向的部位			
猫	貓	man1	maŋ24				
盲	盲	man5	maŋ53	摸烏~：捉迷藏			
发	發	fan5	faŋ53	pʰi445~：劉海			
头	頭	tan5	taŋ53	細ʦəʔ5~：小拇指			
生	生	san3	saŋ445	後~農：年輕男子			
狗	狗	kan5	kaŋ53	細街~：小狗			
鳝	鱔	jian6	ʥiaŋ31	黃~			
夹	裌	kuan5	kuaŋ53	背心~：背心			
虾	蝦	huan1	xuaŋ24				
拐	拐	ciuan5	ʨyaŋ53	拐杖			
钹	鈸	ben6	ben31	ʨʰiaʔ4ʨʰiaʔ53~:鈸			
板	板	men5	men53	衣裳~：洗衣板			
兔	兔	then5	tʰen53				
桃	桃	den4	den334				
女	女	nen6	nen31	女兒			
日	日	nen3	nen445	~頭：太陽			
痣	痣	tsen5	tsen53				
枣	棗	tsen5	tsen53				
蚤	蚤	tsen5	tsen53				
草	草	tshen5	tsʰen53	香~：一種藥草			
嫂	嫂	sen5	sen53	~~			
婶	嬸	sen5	sen53	~~，大~			
柿	柿	zen6	zen31				
干	干	ken5	ken53	靠夜~：傍晚			
盒	盒	en6	en31	香煙~			
薸	薸	bin4	bin334	浮萍			
边	邊	min1	min24	口嘴~：嘴的兩邊			
饼	餅	min5	min53				
弟	弟	din6	din31	~~：年紀不大的弟弟			
簟	簟	din6	din31	桶閘~：架在稻桶上防止稻穀外揚的小簟			
鸟	鳥	lin5	lin53	鳥兒			
李	李	lin6	lin31	李子			
鸡	雞	cin1	ʨin24	細~			
姊	姊	cin5	ʨin53	~~			
茧	繭	cin5	ʨin53				
雀	雀	cin5	ʨin53	麻~			
挈	挈	chin5	ʨʰin53	ɑo53~：小水桶			
厣	厴	gnin5	ȵin53	田螺頭上的圓蓋			
燕	燕	gnin5	ȵin53	子~：燕子			
箫	簫	shin1	ɕin24	簫和笛子的統稱			
蟢	蟢	shin5	ɕin53	~~：蜘蛛			
西	西	shin5	ɕin53	東~			
蟮	蟮	zhin6	ʑin31	蚯蚓			
鞋	鞋	in4	in334				
歌	歌	kuen1	kuen24	大田鄉的讀音			
哥	哥	kuen1	kuen24	八~			
馃	餜	kuen5	kuen53				
鬼	鬼	kuen5	kuen53	細伢~：小孩兒			
虎	虎	huen5	xuen53	辣~：辣椒			
鹅	鵝	uen5	uen53	細~			
碗	碗	uen5	uen53	湊破~：愛管閒事的人			
镬	鑊	uen6	uen31	細銅~：小鍋			
帚	帚	ciun5	ʨyin53	雞毛~：雞毛撣子			
坠	墜	jiun6	ʥyin31	錫~：釣魚竿上用的墜兒			
刷	刷	shiun5	ɕyin53	牙~			
溾	溾	iuaa1	ya24	脏：溾相			
炀	煬	ian2	iaŋ423	融化			
