ʦɿ	1	资姿咨兹滋孜□[内心像抓挠般难受：心里～]	
ʦɿ	3	紫姊子籽梓滓	
ʦɿ	5	巳	
ʦʰɿ	1	疵雌差[参～]	
ʦʰɿ	2	瓷糍慈磁词祠辞	
ʦʰɿ	3	此	
ʦʰɿ	5	刺赐次伺[～候]	
ʦʰɿ	6	自字牸	
sɿ	1	丝司私思斯撕师狮	
sɿ	3	厕[茅～]死	
sɿ	5	四肆似寺事嗣驷饲士	
sɿ	6	寺事伺[服～]	
tʂʅ	1	之芝支枝肢栀知	
tʂʅ	3	纸止址旨指	
tʂʅ	5	制治置智至致志痣雉[～鸡]	
tʂʅ	7	趾[脚～老子]只[～有]织职质执汁蛰指[～甲]	
tʂʰʅ	1	痴哧□[～滑咯]	
tʂʰʅ	2	池迟持弛匙	
tʂʰʅ	3	耻齿侈□[搭理：莫～他]	
tʂʰʅ	5	滞翅稚	
tʂʰʅ	6	柿□[小孩顽皮而执拗：～孽]	
tʂʰʅ	7	侄秩直值殖植掷赤尺斥	
ʂʅ	1	诗尸施	
ʂʅ	2	时	
ʂʅ	3	使史驶始屎矢	
ʂʅ	5	世势誓逝试氏示视嗜式	
ʂʅ	6	痔[～疮]市是豉	
ʂʅ	7	十什石拾适识实室失蚀食湿饰释	
ʐʅ	7	入	
pi	3	比妣	
pi	5	□[将汤药等从容器中倒出液体：～药]	
pi	7	笔毕必泌弼逼碧璧	
pʰi	1	批	
pʰi	2	枇琵皮疲脾啤	
pʰi	3	彼鄙	
pʰi	5	屁庇痹	
pʰi	7	匹僻辟鼻劈霹	
mi	1	眯咪	
mi	3	米	
mi	7	密蜜觅汨	
ti	1	低	
ti	3	底抵	
ti	5	帝缔谛弟地	
ti	7	的嫡滴	
tʰi	1	梯锑	
tʰi	2	堤提题蹄啼	
tʰi	3	体	
tʰi	5	替涕剃屉隶	
tʰi	6	弟第递地	
tʰi	7	笛迪敌狄涤剔惕踢	
li	2	驴梨犁黎厘狸离篱璃漓	
li	3	旅礼李里理鲤娌履	
li	5	厉励例吏荔栗丽俪粒泪	
li	6	例痢	
li	7	率立笠律力历沥雳	
ʨi	3	挤	
ʨi	5	醉聚[团～]	
ʨi	6	剂荠济祭际穄脐[肚～]	
ʨi	7	缉集辑稽疾即鲫脊积迹籍稷	
ʨʰi	1	蛆趋妻凄栖焌[～水]	
ʨʰi	2	徐齐脐[～带]	
ʨʰi	3	取娶	
ʨʰi	5	趣砌	
ʨʰi	6	聚[～伴]	
ʨʰi	7	七漆焌[～黑]火戚寂	
ɕi	1	需须西牺犀绥	
ɕi	3	洗	
ɕi	5	序叙絮细绪	
ɕi	7	习胥婿袭膝悉恤息熄媳席昔惜夕戌析锡	
ci	1	鸡肌基几[茶～]饥讥机羁[～押]稽姬	
ci	2	歧岐鳍	
ci	3	几[～个]纪己	
ci	5	计继系[～带子]髻寄记忌既季	
ci	7	急给吉戟屐[木～]棘击激	
cʰi	1	欺	
cʰi	2	奇骑琦崎其琪棋期旗祈祁	
cʰi	3	启起杞岂	
cʰi	5	契技妓器弃气汽泣企	
cʰi	6	徛	
cʰi	7	乞讫迄及吸极级吃=	
ɲi	1	妮	
ɲi	2	泥倪宜仪谊尼疑呢	
ɲi	3	拟你蚁	
ɲi	5	艺义议腻毅诣刈[~麦]	
ɲi	7	日-匿逆腻昵	
çi	1	奚溪嘻嬉禧熙希稀兮羲	
çi	2	携	
çi	3	喜玺徙	
çi	5	系[联～]戏	
çi	6	繫[(桶子等物的提手)]	
i	1	伊衣依医	
i	2	移姨夷怡贻遗颐沂彝懿[～贵妃]	
i	3	椅已以□[~唧:这儿]	
i	5	冀肄意异亿忆翼	
i	6	易[～得:容易]	
i	7	一易[姓～]揖逸抑液益缢译绎邑亦	
pu	3	补	
pu	5	布怖佈	
pu	6	部步卜	
pu	7	不	
pʰu	1	铺[床～]	
pʰu	2	菩蒲脯葡匍□[一绺：一～]	
pʰu	3	普谱甫哺圃浦捕辅-[～导]	
pʰu	5	铺[～子]埠[河～]	
pʰu	6	簿	
pʰu	7	赴朴扑仆曝瀑勃渤璞濮[～阳]蹼	
ɸu	1	乎呼夫肤敷麸	
ɸu	2	胡湖蝴瑚葫狐俘孵芙扶凫符壶斛[石～]	
ɸu	3	虎唬琥府俯腑拊腐斧抚浒辅	
ɸu	5	父付附咐沪妇负阜副傅赋户护互瓠[～瓜]	
ɸu	6	户-护-互-	
ɸu	7	服弗佛拂沸福幅辐蝠匐伏茯袱复腹馥覆勿忽	
ku	1	姑鸪菇轱估=[～计]孤箍	
ku	3	古估-[～下价]钴牯蛊[放～]股鼓贾[商～]	
ku	5	故固雇顾痼[～疾]	
ku	7	骨谷	
kʰu	1	枯骷	
kʰu	2	跍[(蹲着)]	
kʰu	3	苦	
kʰu	5	裤库	
kʰu	7	哭窟酷	
u	1	污乌坞钨邬巫诬兀	
u	2	吴蜈吾梧无芜毋	
u	3	五伍捂舞午忤武侮	
u	5	误悟戊务晤恶婺	
u	6	雾	
u	7	物屋勿	
cy	1	猪居車[象棋子]拘驹朱株诛蛛褚渚	
cy	3	举主煮	
cy	5	著巨拒距具惧俱飓句剧据注驻蛀	
cy	6	箸矩	
cy	7	桔局菊掬橘	
cʰy	1	区枢驱躯岖吹	
cʰy	2	除储躇厨橱瞿衢渠	
cʰy	3	相处杵	
cʰy	5	处[～所]	
cʰy	6	苎住拄柱	
cʰy	7	屈出	
ɲy	3	女	
çy	1	书吁输抒舒虚嘘墟殊姝	
çy	2	薯[～粉]	
çy	3	暑署黍鼠许诩水	
çy	5	术=[技～]竖恕庶戍曙	
çy	6	树澍薯[红～]	
çy	7	术-[算～]述秫	
ʐy	7	日=	
y	1	淤	
y	2	鱼渔如茹余于盂迂愚儒虞娱俞渝瑜逾榆愉竽	
y	3	与乳雨宇语羽禹隅	
y	5	预豫誉裕峪喻愈遇玉御郁驭寓	
y	6	芋妪[老～]	
y	7	擩[～进去]域役疫	
pa	1	巴芭疤琶杷	
pa	3	把[～握]	
pa	5	爸罢坝霸把[刀～]	
pa	6	罢[特意：～是]	
pa	7	八伯白柏百帛钵北	
pʰa	1	擘[两腿张开：～开]	
pʰa	2	爬耙扒	
pʰa	3	□[拟声词，炸裂声：气球～了]	
pʰa	5	怕	
pʰa	6	稗	
pʰa	7	拔钹泼跋泊迫拍珀魄	
ma	1	妈□[不爱整洁：～稀]蟆[蛤～]	
ma	2	麻	
ma	3	马码□[偷走东西：～起走]	
ma	5	□[形容很旧：～旧]	
ma	6	骂	
ma	7	抹末-沫-没[～收]墨默陌麦脉	
ɸa	1	花	
ɸa	2	华划[～船]桦筏	
ɸa	5	化	
ɸa	6	画话=划[～线]	
ɸa	7	法乏发伐罚阀	
ta	3	打	
ta	5	大=[智商不高的小孩子：～伢唧]	
ta	7	答搭达耷德得[～到]	
tʰa	1	他她它	
tʰa	7	拓塔踏榻塌遢沓趿[～双拖鞋]獭特	
la	1	拿拉	
la	2	挪[用脚在地上蹭：～泥巴]	
la	3	哪	
la	5	那	
la	6	□[形容粗：～粗的]	
la	7	纳蜡腊辣剌楋[～树]垃捺邋[～遢]勒肋捋	
ʦa	1	渣楂喳	
ʦa	5	诈炸榨蔗栅醡[酒～]	
ʦa	7	杂眨闸吒[哪～]札则摘责啄-[鸡～米]砸窄	
ʦʰa	1	叉杈衩差[～别]	
ʦʰa	2	茶搽查	
ʦʰa	5	岔择-[～菜]	
ʦʰa	6	□[小灌木丛，荆棘丛：～子]	
ʦʰa	7	察贼测侧铡拆宅泽择=[～日]册策插	
sa	1	纱沙莎杉	
sa	3	撒耍傻	
sa	7	涩萨刷虱瑟色塞啬卅飒杀刹煞靸[～鞋]	
tʂa	1	遮	
tʂa	3	者	
tʂa	5	鹧	
tʂa	7	哲蛰=辙只隻炙折	
tʂʰa	1	车	
tʂʰa	3	扯	
tʂʰa	7	尺-赤-彻撤	
ʂa	1	奢赊畬	
ʂa	2	蛇佘	
ʂa	3	舍[～不得]	
ʂa	5	射麝	
ʂa	6	□[口水等流出：～涎（馋）]	
ʂa	7	舌设涉摄石-失-	
ka	1	家-[人～]痂	
ka	5	架-驾-嫁	
ka	6	□[量词，用手指量从拇指尖到中指尖或者两脚跨一步之间的距离都叫一～；动词，跨：～过去]	
ka	7	夹-荚-挟裌[～衣]胳格革隔匣-胛甲[指～]	
kʰa	1	掐[～颈根]	
kʰa	2	蛤-[～蟆]	
kʰa	3	卡	
kʰa	5	胯[～裆]	
kʰa	7	刻克客恰-[～好]掐[～人]	
ŋa	1	丫叉桠□[张开嘴：～口]	
ŋa	2	牙-芽-衙伢	
ŋa	3	哑	
ŋa	5	咬-[～人]	
ŋa	6	砑[～胡椒]	
ŋa	7	砑[～在书里面]压-鸭押-轧额扼轭	
xa	1	虾-[～公]哈[～气]	
xa	3	哈[～巴狗]	
xa	6	下[～哩；都：～有份]	
xa	7	吓瞎核黑赫核	
a	2	而	
a	3	耳饵	
a	6	二贰	
pia	7	壁-	
pʰia	6	瘪-[形容很稀很烂：泥巴～泻咯]	
pʰia	7	劈-	
tia	1	爹-[指爷爷或者老年男性]	
tia	5	滴-[形容很少一点点：～唧]	
tia	7	滴-[～血]	
tʰia	2	提	
tʰia	7	踢-缔-[捆绑：～紧点]	
lia	1	嗲[放～]	
lia	2	□[爬（通常指不太高的地方）：～上去哒]	
lia	3	咧[吐出：～舌子]	
lia	7	□[累：今天很～]	
ʨia	3	姐	
ʨia	5	借□[形容很湿：衣服打的～湿咯]	
ʨia	7	□[很：这小孩～细起就是娭毑带哒；衣服汗湿了，～润咯]	
ʨʰia	5	笡[斜：～眼睛]	
ɕia	1	些	
ɕia	3	写	
ɕia	5	卸泻[～屎]泄[～劲]	
cia	1	加枷嘉袈佳家[～庭]傢	
cia	3	假贾[姓～]	
cia	5	价架=驾=稼=	
cia	7	甲=夹=荚钾□[脾气倔强：发～]	
cʰia	2	茄	
cʰia	7	吃-恰=洽	
ɲia	2	黏	
ɲia	3	惹-	
ɲia	5	肏[性行为，同时指骂娘：～娘]	
çia	1	虾=[～酱]	
çia	2	霞瑕遐	
çia	5	厦下[为人抠门又品行不好：为人～]	
çia	6	夏	
çia	7	辖峡侠狭	
ia	1	鸦=丫[～头]	
ia	2	爷[(父亲)]	
ia	3	也野雅	
ia	5	亚[～洲]	
ia	6	夜	
ia	7	压押	
tʂua	1	抓遮[(又读)]	
tʂua	5	□[～～叫]	
tʂʰua	2	瘸[手发～]	
kua	1	瓜呱	
kua	3	寡剐□[～鸡蛋：没能孵出小鸡的蛋]	
kua	5	褂子卦挂	
kua	7	刮国虢	
kʰua	1	夸	
kʰua	3	垮胯[～骨]	
kʰua	6	□[形容人没精神：～泄咯，没劲]	
kʰua	7	括	
ua	1	鸦-[老～子]蛙娲哇洼	
ua	3	瓦[搲～水：舀水]哕[打～：干呕]	
ua	5	滑=猾=	
ua	6	话-[～媒]	
ua	7	袜挖滑-猾-	
cya	7	掘撅蕨倔决诀	
cʰya	2	瘸[～子]	
cʰya	3	抈[折断，～树丫子]	
cʰya	5	踹	
cʰya	7	缺阙	
çya	1	靴	
çya	7	□[甩,用手抽打：～嘴巴]	
ya	7	越热月粤曰阅悦	
po	1	波玻菠	
po	3	□[物品很次：你这鞋太～了]	
po	5	簸播□[蛋～～,儿语]	
po	7	博搏膊缚驳	
pʰo	1	坡	
pʰo	2	婆	
pʰo	3	剖=[解～]叵颇	
pʰo	5	破剖-[～西瓜]	
pʰo	6	薄[～荷]	
pʰo	7	薄[～被窝]鄱	
mo	1	摸[～～悉悉：做事慢]	
mo	2	魔磨[～刀]蘑摩馍模膜	
mo	3	母拇么摸[拿，偷盗：～起走]	
mo	5	幕慕墓暮募	
mo	6	磨[～子]	
mo	7	目穆牧莫寞沫=末=木沐睦	
to	1	多	
to	3	朵躲垛	
to	5	剁=惰堕	
to	7	夺踱度[忖～]	
tʰo	1	拖	
tʰo	2	驮驼陀坨砣鸵	
tʰo	3	妥椭	
tʰo	5	唾	
tʰo	6	舵□[往下叠放物品：～锅子]	
tʰo	7	脱托拓	
lo	1	啰	
lo	2	罗逻萝箩锣螺骡脶	
lo	3	裸□[将食物用舌头揉搓：咬不动，～下子算了]	
lo	5	烙捋	
lo	6	糯懦□[毒死：～死狗]	
lo	7	诺落洛络骆乐[～趣]□[往上放：～得楼上]	
tso	3	左佐	
tso	7	作桌捉啄=	
tsʰo	1	搓蹉	
tsʰo	2	昨	
tsʰo	5	锉错措柞[～树]	
tsʰo	6	坐座	
tsʰo	7	撮[～箕]	
so	1	蓑梭唆娑嗦[吸面粉之类：～碗粉]	
so	3	所锁琐	
so	7	索缩塑烁蟀-[蟋～]	
tʂo	5	斫-[剁:～肉]	
tʂo	7	酌卓拙浊灼	
tʂʰo	7	着[睡～]绰淖戳□[骗人：～人]镯	
ʂo	5	□[丑：样子～；智障：～愚伢唧；欺骗：莫～我咯]	
ʂo	7	芍勺=朔硕	
ko	1	哥歌戈锅	
ko	3	果裹	
ko	5	过个	
ko	7	鸽割葛各阁郭角箇[这里：～里]佮[～朋友]	
kʰo	1	科柯窠苛轲	
kʰo	3	可颗敤[敲击：～脑壳]	
kʰo	5	课□[～脚：垫脚]	
kʰo	7	磕渴阔廓扩确壳渴	
ŋo	2	鹅-俄-蛾-讹-禾-	
ŋo	3	我=	
ŋo	5	卧-	
ŋo	6	我-饿-	
ŋo	7	握-沃-	
xo	1	□[哄小孩：～细伢唧]□[形容很嫩：～嫩咯]	
xo	2	何河荷[～花]和[～气]	
xo	3	火伙	
xo	5	货荷[负～]贺[祝～]	
xo	6	贺-[～喜]祸嗬[水～～响：水哗哗的响]	
xo	7	合盒活鹤藿豁劐[～开]获或惑喝蠚[～人:蜇人]	
o	1	阿窝倭屙	
o	2	鹅=俄=蛾=讹=禾=	
o	5	卧=焐[～手]	
o	7	恶=握=沃=焐[～汗]	
ʨio	7	爵嚼-	
ʨʰio	5	嚼=	
ʨʰio	7	雀鹊	
ɕio	7	削	
cio	7	脚	
cʰio	7	却觉[察～]	
ɲio	7	虐疟弱略掠	
çio	7	学	
io	7	约药钥跃岳乐[～器]箬[白～铺：地名]	
pie	7	屄[女阴,詈语词]	
pʰie	7	别撇瞥鳖憋	
mie	1	眯-咩[羊～～：蜻蜓]	
mie	7	蔑灭篾□[用手掰开：～桔子]	
tie	7	得[要～]跌	
tʰie	7	叠贴帖蝶碟牒铁迭谍忒	
lie	5	□[歪：字写～哒]戾[脾气不好，瞎吵：发～]	
lie	7	列烈裂猎劣	
ʨie	7	接节疖	
ʨʰie	3	且	
ʨʰie	7	妾捷劫怯切窃截绝	
ɕie	5	谢	
ɕie	7	屑雪薛亵泄泻[拉肚子：肚子～]	
cie	3	弆[把东西藏起来：～哒放柜子里]	
cie	5	锯	
cie	6	□[形容皮肤接触很粗糙：～手]	
cie	7	结洁孑揭竭	
cʰie	5	去	
cʰie	7	杰	
ɲie	7	聂镊蹑业孽嗫捏[～白：无中生有，撒谎]□[凹陷]□[小孩特别顽劣：好～]	
çie	7	协胁血恤穴歇蝎腋[～窝里]	
ie	1	椰	
ie	5	腋[翅膀：～胛]	
ie	6	敥[撒：～灰]	
ie	7	页叶噎乙谒	
pai	1	跛[瘸了一只腿：～子]	
pai	3	摆	
pai	5	拜湃败	
pʰai	2	排牌簰[放～]	
pʰai	5	派	
mai	2	埋霾	
mai	3	买卖	
mai	5	迈	
mai	6	妹-[～唧]	
ɸai	2	怀槐淮	
ɸai	6	坏	
tai	5	戴带怠殆大=[～夫]	
tʰai	1	胎	
tʰai	2	台抬=苔	
tʰai	3	奤[慢慢走：～过来]	
tʰai	5	态太泰	
tʰai	6	大-[～小]贷待[～客]	
lai	1	□[无精打采：～起～起]	
lai	2	来□[遗忘：～塌哒]	
lai	3	乃奶	
lai	5	籁耐=奈=	
lai	6	耐-奈-赖癞	
ʦai	1	灾栽斋哉	
ʦai	3	宰崽载[记～]	
ʦai	5	再债载[～人]	
ʦʰai	1	猜钗差	
ʦʰai	2	才财材裁豺柴侪[同～]	
ʦʰai	3	彩踩采睬	
ʦʰai	5	菜蔡	
ʦʰai	6	在寨浞[～雨]	
sai	1	腮鳃筛酾[～酒]	
sai	3	洒	
sai	5	赛晒率蟀=	
sai	6	□[理睬：不～你]	
kai	1	该皆阶街	
kai	3	改解开	
kai	5	丐盖介界疥芥戒械届诫	
kʰai	1	开揩	
kʰai	3	凯恺铠楷	
kʰai	5	概溉慨	
ŋai	1	唉哀娭[～唧:奶奶或者老年妇人]挨[紧贴：～哒姆妈]	
ŋai	2	埃岩崖涯捱[～打]呆[～滞；拖延：～时间]	
ŋai	3	蔼矮霭	
ŋai	5	爱隘碍艾=	
ŋai	6	艾-[～叶]	
xai	1	嗨	
xai	2	孩鞋谐还[～要]	
xai	3	海蟹	
xai	5	亥骇懈	
xai	6	害懈[松～]解[姓～]	
tʂuai	3	拽	
ʂuai	3	甩摔[～跤]	
ʂuai	5	帅	
kuai	1	乖	
kuai	3	拐□[把事情办砸：～哒场]	
kuai	5	怪	
kuai	6	□[（小物件）贴身放或带：～得书包里]	
kʰuai	3	块蒯傀	
kʰuai	5	会[～计]刽[～子手]筷	
uai	1	歪	
uai	6	外	
çyai	1	衰	
pei	1	篦杯背揹卑碑悲	
pei	5	贝弊蔽敝币毙陛闭辈痹臂备秘泌避[～难]	
pei	6	避-[～风]	
pʰei	1	胚坯披丕	
pʰei	2	培陪赔裴	
pʰei	3	呸[吐口水：～涎]	
pʰei	5	沛佩配譬-[～如]辔	
pʰei	6	倍背[～时]焙被箅[～子]	
mei	1	痗[～相:倒霉相]	
mei	2	迷谜=[～语]糜梅莓霉[发～]枚媒煤眉楣弥靡	
mei	3	每美镁	
mei	5	媚寐妹=昧=	
mei	6	谜-[猜～子]昧-妹-	
ɸei	1	灰恢飞非扉妃挥辉晖徽	
ɸei	2	回茴肥	
ɸei	3	悔诲贿毁匪榧[～树]翡䵋[（小孩）吐：～奶]	
ɸei	5	晦废肺慧惠费讳痱卉吠秽绘汇=	
ɸei	6	汇-会[开～]	
tei	1	堆	
tei	3	趸[（一般用于个人之间）商品批发：～白菜]	
tei	5	对队兑现	
tʰei	1	推	
tʰei	2	抬-	
tʰei	3	腿	
tʰei	5	退蜕	
tʰei	6	袋代	
tʰei	7	腯[腻人：～人]	
lei	1	纍[形容胖、臃肿：～堆]	
lei	2	雷擂蕾	
lei	3	吕铝屡儡累积磊垒	
lei	5	虑滤类酹泪=	
lei	6	内累[～人]	
tsei	3	嘴	
tsei	5	最醉=	
tsei	6	罪	
tsei	7	□[塞：～得口袋里]	
tsʰei	1	催崔	
tsʰei	2	随	
tsʰei	3	璀	
tsʰei	5	脆翠纯粹碎萃淬悴	
tsʰei	7	□[（骂人）乱走动：～到哪里去]	
sei	1	虽	
sei	2	隋髓	
sei	5	岁隧穗	
kei	7	□[这：～边]	
ei	3	哎[(用于答应)]	
ei	5	哎[～呀]	
ei	7	欸[表反问、疑问、感叹等]	
tʂuei	1	锥椎	
tʂuei	5	坠赘缀	
ʂuei	2	谁	
ʂuei	5	税睡瑞	
ʐuei	5	锐睿	
kuei	1	圭硅闺规龟归	
kuei	3	诡轨鬼	
kuei	5	鳜桂癸贵瑰	
kʰuei	1	盔魁亏窥	
kʰuei	2	奎葵逵	
kʰuei	3	跪	
kʰuei	5	溃愧	
kʰuei	6	柜	
uei	1	煨威	
uei	2	桅危为唯维帷惟违围微	
uei	3	伟委尾萎纬苇巍	
uei	5	卫魏畏喂胃谓未渭尉慰伪	
uei	6	位味	
cyei	1	追	
cʰyei	1	吹炊	
cʰyei	2	锤垂捶槌	
çyei	3	水=[～果]	
pau	1	褒包胞苞	
pau	3	保堡宝饱	
pau	5	报鲍[～鱼]齙[～牙齿]豹爆	
pau	6	刨暴[鱼加盐腌制：～盐鱼]	
pʰau	1	抛鳔泡[～松]	
pʰau	2	袍刨浮-炮[过大油炸：～红薯片]	
pʰau	3	跑	
pʰau	5	雹泡[～水]炮[～弹]	
pʰau	6	抱	
mau	1	猫	
mau	2	毛矛茅锚牟眸[～子]	
mau	3	卯铆	
mau	5	冒貌	
mau	6	帽冇[～得]	
mau	7	冇[～事]	
tau	1	刀叨	
tau	3	岛捣祷倒[打～]	
tau	5	倒[～水]到稻导盗道=[黑～]	
tʰau	1	滔掏	
tʰau	2	桃逃淘陶萄涛	
tʰau	3	讨	
tʰau	5	套	
tʰau	6	道	
lau	1	臊[羊～]	
lau	2	劳牢涝痨	
lau	3	老佬脑恼姥	
lau	6	闹捞	
ʦau	1	遭糟	
ʦau	3	早枣蚤澡藻找皂爪	
ʦau	5	灶罩笊	
ʦʰau	1	操抄钞	
ʦʰau	2	曹槽巢嘈䐬[饿：肚子～]	
ʦʰau	3	草炒吵	
ʦʰau	5	躁燥造糙	
sau	1	骚臊[尿～]梢睄艄筲	
sau	3	嫂稍	
sau	5	扫潲哨	
tʂau	1	召昭招朝[～阳]沼	
tʂau	5	照诏兆	
tʂʰau	1	超	
tʂʰau	2	朝[～向]潮	
tʂʰau	6	赵	
ʂau	1	烧	
ʂau	2	韶	
ʂau	3	少[多～]	
ʂau	5	绍邵少[～年]	
ʐau	2	饶尧	
ʐau	3	绕扰	
kau	1	高膏篙羔糕胶[阿～]	
kau	3	稿搞搅[～事棍]	
kau	5	告诰教[～书]窖觉[睏～]	
kʰau	1	敲	
kʰau	3	考烤拷睾[鸡～子]	
kʰau	5	靠犒	
ŋau	1	爊[～菜]	
ŋau	2	熬□[～实：老年人身体好]	
ŋau	3	袄咬=	
ŋau	5	奥傲懊坳拗凹	
xau	1	蒿薅[～草]	
xau	2	豪壕毫号[～叫]	
xau	3	郝好[～坏]	
xau	5	耗好浩皓	
xau	6	号[小～]	
piau	1	膘镖标彪飙[～升]猋[～得快]	
piau	3	表婊俵	
pʰiau	1	飘漂[～浮]	
pʰiau	2	嫖瓢勺=	
pʰiau	3	漂[～洗]	
pʰiau	5	漂[～亮]票[车～]	
miau	2	苗瞄描	
miau	3	秒渺缈邈淼	
miau	5	妙谬缪	
miau	6	庙	
tiau	1	刁貂雕碉凋	
tiau	3	鸟-	
tiau	5	钓吊调[声～]掉=悼[～念]	
tʰiau	1	挑佻	
tʰiau	2	条调[～音]迢	
tʰiau	3	斢[～边：换边]	
tʰiau	5	跳粜眺	
tʰiau	6	掉-[垂下：～手]	
liau	1	撩	
liau	2	燎瞭僚镣缭辽疗聊	
liau	3	寥了[～解]	
liau	5	廖料=	
liau	6	料-	
ʨiau	1	焦蕉椒礁	
ʨʰiau	1	缲[～边]邀[～伴]悄	
ʨʰiau	2	樵憔瞧	
ʨʰiau	5	俏鞘	
ɕiau	1	消宵霄硝销箫	
ɕiau	3	小	
ɕiau	5	笑	
ciau	1	交胶郊娇骄浇	
ciau	3	搅绞铰狡剿缴	
ciau	5	教[～育]叫校[学～]	
cʰiau	1	跷锹	
cʰiau	2	桥乔侨荞矫	
cʰiau	3	巧	
cʰiau	5	翘窍	
cʰiau	6	轿	
ɲiau	1	□[抬起：～嘴巴、～脚]	
ɲiau	2	鲶嬲[发宝气：发～]	
ɲiau	3	杳鸟=	
ɲiau	6	尿	
çiau	1	嚣□[掀翻：～桌子]	
çiau	2	淆	
çiau	3	晓筱	
çiau	5	校[～对]酵啸	
iau	1	夭妖幺吆邀腰要[～求]	
iau	2	窑遥摇谣瑶徭肴爻姚	
iau	3	舀[～水]	
iau	5	要耀鹞[～鹰]	
məu	2	谋	
məu	3	某亩牡	
məu	5	贸茂	
təu	1	都兜逗	
təu	3	赌堵肚斗[北～]抖陡	
təu	5	斗[～争]杜度=渡=镀=	
təu	7	妒笃督毒笃	
tʰəu	1	偷	
tʰəu	2	图涂途徒屠头投	
tʰəu	3	土吐敨[～抻]	
tʰəu	5	兔透	
tʰəu	6	度-渡-镀-豆	
tʰəu	7	突秃读独	
ləu	1	搂[～被窝]□[铁锈：～铁]	
ləu	2	奴卢炉芦庐耧[～车]楼	
ləu	3	努鲁橹卤虏篓搂[～抱]镥[～锅]	
ləu	5	怒	
ləu	6	路露鹭[～鸶]陋漏	
ləu	7	鹿麓漉摝[～渣子]禄绿录六陆赂	
tsəu	1	租诌邹诹[胡～]	
tsəu	3	组祖阻走	
tsəu	5	做皱	
tsəu	7	足卒	
tsʰəu	1	粗初搊[给小孩把尿等：～尿]	
tsʰəu	2	锄愁	
tsʰəu	3	楚础	
tsʰəu	5	醋奏凑助	
tsʰəu	7	促猝族	
səu	1	苏酥馊嗖搜梳蔬	
səu	3	数[动词：～一~]叟艘	
səu	5	素诉数[名词：～字]嗽瘦漱嗉[～子，鸡胃]	
səu	7	速俗续宿[～舍]肃	
tʂəu	1	州周洲舟	
tʂəu	3	肘	
tʂəu	5	纣绉骤咒昼宙	
tʂəu	7	烛嘱竹祝筑粥	
tʂʰəu	1	抽	
tʂʰəu	2	仇绸稠惆酬筹畴售	
tʂʰəu	3	丑醜	
tʂʰəu	5	臭	
tʂʰəu	7	触束畜逐轴曲-[～蟮子]	
ʂəu	1	收	
ʂəu	3	手守首	
ʂəu	5	兽授寿=受=	
ʂəu	6	寿-受-	
ʂəu	7	蜀属孰熟赎叔淑	
kəu	1	勾钩沟	
kəu	2	佝[～起背]	
kəu	3	狗苟枸	
kəu	5	够构购	
kʰəu	1	抠[～痒]眍	
kʰəu	3	口	
kʰəu	5	叩扣寇	
kʰəu	7	抠[～门]	
ŋəu	1	欧殴抠[～钱]	
ŋəu	3	呕藕偶	
ŋəu	5	怄沤	
xəu	1	痚[扯～：哮喘]	
xəu	2	侯喉猴瘊浮䞀[贪心，对财物等想占为己有，~心重]	
xəu	3	吼否	
xəu	5	厚=后=候=	
xəu	6	厚-后-候-	
tiəu	1	丢	
liəu	1	溜[～冰]熘[～黄瓜]	
liəu	2	流刘浏留瘤镏[～金]硫琉	
liəu	3	榴柳	
liəu	5	馏遛溜[滑～、一～房子]	
liəu	6	□[熟悉：玩～哒]	
ʨiəu	1	鬏[～髻]阄	
ʨiəu	3	酒	
ʨiəu	5	□[拧干水或掐人：～被窝]	
ʨʰiəu	1	秋揪	
ʨʰiəu	6	就	
ɕiəu	1	修羞馐	
ɕiəu	5	绣秀袖锈	
ɕiəu	7	粟	
ciəu	1	纠鸠	
ciəu	3	九久韭	
ciəu	5	灸舅=[～唧]臼咎	
ciəu	7	□[空间狭小而没伸展：纸～坏了]	
cʰiəu	1	丘[一～田]	
cʰiəu	2	泅囚求球逑裘酋遒仇[姓～]	
cʰiəu	6	旧柩舅-[小～子]	
cʰiəu	7	曲=[歌～]麴[酒～]麯[力～：一种中药]	
ɲiəu	2	牛柔揉	
ɲiəu	3	扭[～转]纽	
ɲiəu	5	扭[～腰肢]	
ɲiəu	7	肉育	
çiəu	1	休	
çiəu	3	朽宿[一～]	
çiəu	7	畜牧蓄旭宿[宅在家：～得屋里]	
iəu	1	优忧悠幽攸	
iəu	2	由油邮尤犹鱿游	
iəu	3	有友酉牖	
iəu	5	柚釉幼诱莠宥囿佑右=又=祐=	
iəu	6	右-又-祐-	
iəu	7	欲	
põ	1	搬	
põ	2	盘般-	
pʰõ	1	攀-潘	
pʰõ	5	判叛畔	
tõ	1	端	
tõ	3	短	
tõ	5	缎锻煅	
tõ	6	断	
tʰõ	2	团抟	
tʰõ	6	段	
lõ	2	栾銮孪圞鸞	
lõ	3	暖卵	
lõ	6	乱	
ʦõ	1	钻[～研]	
ʦõ	3	纂	
ʦõ	5	钻[～子]	
ʦʰõ	1	汆	
ʦʰõ	3	钻[～烂]	
ʦʰõ	5	篡攥窜=[逃～]	
ʦʰõ	6	窜-[到处乱～]	
sõ	1	酸	
sõ	5	算蒜	
kõ	1	官观棺冠[鸡～]倌	
kõ	3	管馆	
kõ	5	罐灌贯冠[～军]观	
kʰõ	1	宽	
kʰõ	2	□[弯曲（一般指老年人）：～背]	
kʰõ	3	款	
kʰõ	5	墈[田～]	
xõ	1	欢獾	
xõ	2	完=	
xõ	3	缓	
xõ	5	幻宦患焕唤涣	
xõ	6	换	
õ	3	碗皖-腕宛婉	
piĩ	1	鞭边鳊	
piĩ	3	贬蝙扁砭	
piĩ	5	半变卞汴辩辨	
pʰiĩ	1	编篇偏	
pʰiĩ	2	骈便[～宜]	
pʰiĩ	3	匾	
pʰiĩ	5	骗遍片	
pʰiĩ	6	辫伴拌绊	
miĩ	2	棉绵瞒	
miĩ	3	免娩勉冕[皇帝加～]满	
miĩ	5	□[拉扯：～长]面[～子]	
miĩ	6	面[被～]	
tiĩ	1	掂癫颠	
tiĩ	3	点典等-	
tiĩ	5	店电惦奠殿凳-淀甸钿[～子]佃	
tʰiĩ	1	天	
tʰiĩ	2	甜田填恬[(多用于人名)]	
tʰiĩ	3	舔	
tʰiĩ	6	垫簟[篾～]	
liĩ	2	廉镰连莲涟鲢怜帘联	
liĩ	3	脸	
liĩ	5	殓敛潋恋练炼楝[～子树]	
liĩ	6	链	
ʨiĩ	1	尖煎	
ʨiĩ	3	剪戬	
ʨiĩ	5	箭荐溅煎[～油]渐	
ʨʰiĩ	1	签籤千迁阡扦[～子]歼	
ʨʰiĩ	2	潜钱前全泉痊醛[甲～]	
ʨʰiĩ	3	浅践	
ʨʰiĩ	6	贱	
ɕiĩ	1	先仙纤宣喧鲜[～鱼]	
ɕiĩ	2	旋悬眩涎[垂～三尺]	
ɕiĩ	3	癣选鲜[～为人知]	
ɕiĩ	5	线羡	
ciĩ	1	肩坚	
ciĩ	3	检俭-茧	
ciĩ	5	剑腱键建见俭=	
ciĩ	6	健[～旺]	
cʰiĩ	1	兼谦牵	
cʰiĩ	2	钳乾虔掮	
cʰiĩ	3	肯-	
cʰiĩ	5	欠歉	
cʰiĩ	6	件	
ɲiĩ	1	拈研	
ɲiĩ	2	严鲇言年阎闫	
ɲiĩ	3	俨碾撵捻	
ɲiĩ	5	谚彦验	
ɲiĩ	6	念砚酽	
çiĩ	2	嫌贤	
çiĩ	3	险显	
çiĩ	5	献宪	
çiĩ	6	现县	
iĩ	1	阉腌烟燕	
iĩ	2	盐延筵	
iĩ	3	演掩衍	
iĩ	5	宴燕艳厌堰焰=	
iĩ	6	焰-	
cyẽ	1	粘瞻占[～卜]专砖娟涓捐	
cyẽ	3	展转捲卷[～袖子]	
cyẽ	5	战颤转占[～地]眷券倦卷[试～]	
cʰyẽ	1	川穿圈	
cʰyẽ	2	船传拳权颧缠	
cʰyẽ	3	喘犬	
cʰyẽ	5	串劝	
cʰyẽ	6	桊[牛～]传[～记]	
çyẽ	1	膻掀轩搧	
çyẽ	2	蝉玄炫弦眩悬禅[～让]蟾	
çyẽ	3	陕闪□[骂（多指长辈责备）：～人]	
çyẽ	5	扇善膳擅赡鳝蟮	
yẽ	1	冤渊鸳	
yẽ	2	然燃丸完员圆缘沿铅[～笔]元沅原源袁辕援	
yẽ	3	染软远	
yẽ	5	愿院怨	
yẽ	6	垸苑	
pan	1	班斑颁扳癍般=	
pan	3	板版阪坂	
pan	5	□[摔跤：莫～哒]	
pan	6	扮[～相]	
pʰan	1	攀=	
pʰan	5	盼	
pʰan	6	办[～事]瓣	
man	2	蛮馒	
man	3	满[～伢唧（最小的孩子）]	
man	5	蔓漫谩[～佗：长辈批评晚辈]	
man	6	慢	
ɸan	1	藩翻番	
ɸan	2	凡帆矾梵[～文]还[～钱]环烦繁	
ɸan	3	反返□[吵骂：就听他～咯]	
ɸan	5	泛贩范犯	
ɸan	6	饭	
tan	1	耽眈担[～任]丹单	
tan	3	胆掸髧[～头发]	
tan	5	担[～子]诞旦氮	
tan	6	但	
tʰan	1	贪坍贪摊滩	
tʰan	2	谭潭谈痰檀坛昙弹[～琴]	
tʰan	3	毯坦袒	
tʰan	5	探炭碳叹	
tʰan	6	淡蛋弹[～子]锁惮[吓我一～]	
lan	2	男南蓝篮难[～题]栏兰拦楠岚婪	
lan	3	漤[～柿子]揽览榄缆懒	
lan	5	滥	
lan	6	烂难[落～]	
ʦan	1	簪	
ʦan	3	斩崭盏	
ʦan	5	錾站[～立]赞濽[～水]䋎[用针线缝钉：～扣子]	
ʦʰan	1	参搀餐	
ʦʰan	2	蚕惭残馋谗□[刺：～人,~眼睛]	
ʦʰan	3	惨产铲	
ʦʰan	5	灿	
ʦʰan	6	暂赚站[车～]栈	
san	1	三衫珊删山拴闩	
san	3	散[～钱]伞	
san	5	散[～发]疝	
kan	1	甘柑监干[～湿]肝竿艰间[中～]奸尴	
kan	3	敢橄感减碱杆赶秆擀简柬拣	
kan	5	舰监鉴间[～开]谏涧干[肯～]	
kʰan	1	堪龛勘嵌[～花]刊	
kʰan	3	砍侃坎槛	
kʰan	5	看	
ŋan	1	庵淹安鞍桉氨[～气池]	
ŋan	2	岩颜严-[～实]	
ŋan	3	埯眼	
ŋan	5	晏按案暗黯揞[～哒莫动]雁=[回～峰]	
ŋan	6	岸雁-[～鹅]	
xan	1	憨酣鼾	
xan	2	含函涵咸衔寒韩闲邯	
xan	3	喊罕	
xan	5	憾旱汉翰限	
xan	6	陷汗焊苋	
kuan	1	关	
kuan	5	惯	
kʰuan	6	□[磕碰绊：～哒脚]	
uan	1	豌豆湾弯	
uan	2	玩顽	
uan	3	晚挽万=[～～岁]皖=□[舀：～汤]	
uan	6	万[一～]	
pən	1	奔崩	
pən	3	本苯	
pən	5	奔[～头]	
pən	6	笨	
pʰən	1	喷[～饭]	
pʰən	2	盆湓彭	
mən	1	蚊-	
mən	2	们门	
mən	3	扪	
mən	5	焖闷	
mən	6	闷[晕：～车]	
ɸən	1	昏婚荤分纷芬	
ɸən	2	魂浑馄焚坟横	
ɸən	3	混淆粉	
ɸən	5	粪奋愤忿喷[～农药]	
ɸən	6	混[～日子]份	
tən	1	敦灯登	
tən	3	墩等=盹	
tən	5	盾遁吨顿炖凳=瞪	
tʰən	1	吞	
tʰən	2	屯囤沌饨腾藤疼誊	
tʰən	6	邓钝	
lən	2	论语仑轮伦沦	
lən	5	论[～文]	
lən	6	嫩	
ʦən	1	尊遵曾增僧争=	
ʦən	5	俊峻竣憎	
ʦʰən	1	村皴	
ʦʰən	2	岑存曾层	
ʦʰən	3	□[物品老旧而易碎：棉絮～哒咯]	
ʦʰən	5	衬寸蹭	
sən	1	森参[人～]孙生=牲	
sən	2	询旬珣荀巡	
sən	3	损榫隼笋省=[～长]	
sən	5	逊殉渗	
tʂən	1	针斟珍臻蒸正[～月]征真箴贞侦	
tʂən	3	枕拯整	
tʂən	5	镇震圳振正政郑朕	
tʂʰən	1	称[～重]	
tʂʰən	2	沉陈尘臣乘承=丞橙成城诚盛澄呈程	
tʂʰən	3	惩逞	
tʂʰən	5	趁秤称[～心]	
tʂʰən	6	阵澄[～清水]	
ʂən	1	深身申伸升塍	
ʂən	2	神辰晨唇绳承-[～力]	
ʂən	3	沈婶审	
ʂən	5	葚甚慎肾胜圣世盛[～世]	
ʂən	6	剩	
ʐən	2	云雲	
kən	1	跟根耕庚更[～替]羹[调～]	
kən	3	耿哽	
kən	5	更[～多]	
kən	7	□[这么：～多]	
kʰən	3	肯=恳啃	
ŋən	1	恩	
xən	1	哼	
xən	2	痕恒衡	
xən	3	很狠	
xən	5	恨	
pin	1	斌彬宾槟兵滨濒缤冰=	
pin	3	丙秉柄饼=禀	
pin	5	鬓殡並并	
pʰin	1	拼姘	
pʰin	2	贫频凭评瓶屏萍平=坪=	
pʰin	3	品乒牝	
pʰin	5	聘摒	
min	2	民鸣冥瞑	
min	3	闽闵悯皿抿敏	
tin	1	丁砧	
tin	3	鼎顶=	
tin	5	锭	
tʰin	1	厅	
tʰin	2	亭停婷廷庭霆蜓	
tʰin	3	艇挺=	
tʰin	6	定订	
lin	1	□[偷偷地：～哒出去]	
lin	2	林琳淋霖麟鳞磷菱凌陵铃羚龄玲邻伶灵棂酃[～现]临零[(数字)]	
lin	3	檩凛廪[仓～]	
lin	5	赁令吝蔺	
lin	6	另	
ʨin	1	晶津	
ʨin	5	浸进晋靖	
ʨin	6	尽[～量]静	
ʨʰin	1	侵亲蜻青=	
ʨʰin	2	寻秦	
ʨʰin	3	寝	
ʨʰin	5	亲[～家]	
ʨʰin	6	烬尽[～是]	
ɕin	1	心芯新薪辛锌欣猩	
ɕin	3	擤[～鼻子]	
ɕin	5	信性姓讯迅	
cin	1	京鲸金今襟巾斤筋荆经兢	
cin	3	锦紧景警谨	
cin	5	禁境镜竟竞径茎敬劲儆	
cʰin	1	钦卿	
cʰin	2	勤琴禽芹情擒	
cʰin	5	庆磬	
cʰin	6	近噤	
ɲin	2	宁银-凝吟人-	
ɲin	3	忍-	
ɲin	5	佞韧-	
ɲin	6	认-	
çin	1	兴[～旺]欣鑫馨	
çin	2	行型形刑	
çin	3	□[做事冲动不聪明：～头]	
çin	5	衅杏幸兴[～头]	
in	1	音阴因姻茵殷鹰婴缨樱鹦莺英	
in	2	银=淫寅迎营萤盈楹	
in	3	引蚓瘾尹饮隐颖影=郢	
in	5	印=饮花映胤□[量：～米]	
tʂuən	1	均钧军君谆	
tʂuən	5	郡骏浚	
tʂuən	6	菌肫[鸡～子]	
tʂʰuən	1	椿倾春	
tʂʰuən	2	纯莼醇淳鹑群裙琼	
tʂʰuən	3	蠢顷迥	
ʂuən	1	熏薰勋	
ʂuən	5	舜训巽[～卦]	
ʂuən	6	顺	
ʐuən	1	晕	
ʐuən	2	壬人仁匀荣任[姓～]萦[～绕]	
ʐuən	3	忍允永陨尹	
ʐuən	5	任[～务]刃韧靭熨韵泳咏孕妊认=润=	
ʐuən	6	认-润-闰-运-	
kuən	3	滚	
kuən	5	棍	
kʰuən	1	昆坤	
kʰuən	3	捆	
kʰuən	5	困睏	
uən	1	温瘟	
uən	2	闻文纹蚊=	
uən	3	稳吻刎	
uən	5	殟[淹水：～死哒]	
uən	6	问	
paŋ	1	帮邦浜梆弸[～硬]	
paŋ	3	榜绑膀[肩～]	
paŋ	5	谤棒磅	
pʰaŋ	1	滂	
pʰaŋ	2	彷旁螃庞傍	
pʰaŋ	3	膀[～子肉]	
pʰaŋ	5	胖	
pʰaŋ	6	蚌	
maŋ	1	蒙[用薄物包裹：～层膜]	
maŋ	2	忙芒茫牤氓盲	
maŋ	3	蟒莽	
maŋ	5	□[因小而鼓胀：衣服～烂哒]	
ɸaŋ	1	慌慌方芳	
ɸaŋ	2	房=妨肪黄煌皇蝗	
ɸaŋ	3	仿坊舫恍晃谎纺=	
ɸaŋ	5	放=	
taŋ	1	当[～家]裆	
taŋ	3	党挡档	
taŋ	5	宕□[顶端：～头]当[典～]	
tʰaŋ	1	汤	
tʰaŋ	2	糖唐塘搪溏[～毛鸡屎]堂棠膛螳	
tʰaŋ	3	淌躺倘	
tʰaŋ	5	烫荡趟	
tʰaŋ	6	□[晃荡：水在～]凼[一～水:小水坑]	
laŋ	2	囊郎狼廊螂榔[～槺]	
laŋ	3	朗冷琅	
laŋ	6	浪	
ʦaŋ	1	争-庄脏[肮～]桩装妆	
ʦaŋ	5	葬壮藏[西～]脏[内～]	
ʦʰaŋ	1	苍仓舱沧伧疮窗撑-	
ʦʰaŋ	2	藏[躲～]床	
ʦʰaŋ	3	闯创撞[凑钱物等：～100]	
ʦʰaŋ	5	呛	
ʦʰaŋ	6	撞[～人]状	
saŋ	1	桑霜双孀雙生-牲	
saŋ	3	嗓爽省-[节～]	
saŋ	5	丧[～气]	
tʂaŋ	1	张章樟蟑獐	
tʂaŋ	3	长[～大]掌涨诊	
tʂaŋ	5	帐账胀瘴障怅仗杖	
tʂʰaŋ	1	昌菖[～蒲]娼鲳倡	
tʂʰaŋ	2	长[～短]肠场	
tʂʰaŋ	3	厂敞	
tʂʰaŋ	5	畅唱	
tʂʰaŋ	6	丈	
ʂaŋ	1	伤商裳声殇觞[酒～]	
ʂaŋ	2	常尝裳	
ʂaŋ	3	赏晌偿	
ʂaŋ	5	尚=[时～]	
ʂaŋ	6	上尚-[和～]	
ʐaŋ	3	嚷壤攘	
kaŋ	1	岗刚钢纲肛缸	
kaŋ	3	讲港	
kaŋ	5	杠钢[磨刀：～刀]	
kaŋ	6	扛[～哒就走]	
kʰaŋ	1	康糠坑	
kʰaŋ	2	狂	
kʰaŋ	3	慷咳□[谷物等坏了：米～了]	
kʰaŋ	5	抗炕亢	
ŋaŋ	1	肮[～脏]	
ŋaŋ	2	昂	
ŋaŋ	3	□[被硬物顶住：～脚]	
ŋaŋ	5	盎	
ŋaŋ	6	硬	
xaŋ	1	夯[～土]	
xaŋ	2	行[～业]航杭房-	
xaŋ	3	纺-	
xaŋ	5	项放-	
xaŋ	6	巷	
piaŋ	1	冰-	
piaŋ	3	饼-	
pʰiaŋ	2	平-坪-	
pʰiaŋ	3	病	
miaŋ	2	明名	
miaŋ	3	命	
tiaŋ	1	钉疔叮盯	
tiaŋ	3	顶-	
tiaŋ	5	钉	
tʰiaŋ	3	挺-	
tʰiaŋ	5	听	
liaŋ	2	量[～杯]良凉梁粮零-[～碎]	
liaŋ	3	两辆俩岭领	
liaŋ	5	亮[明～]量[数～]谅	
liaŋ	6	亮[点～]量[酒～]	
ʨiaŋ	1	将[～来]浆[米～]精睛	
ʨiaŋ	3	蒋奖桨井	
ʨiaŋ	5	将[～帅]酱浆[用脚踩：～一脚]	
ʨʰiaŋ	1	枪清青-	
ʨʰiaŋ	2	墙蔷[～薇花]详祥翔晴	
ʨʰiaŋ	3	抢请	
ʨʰiaŋ	5	笡[歪斜：～起眼睛]	
ʨʰiaŋ	6	像-[相～]匠净-	
ɕiaŋ	1	相[～信]湘箱厢镶星	
ɕiaŋ	3	想醒	
ɕiaŋ	5	腥象像=[画～]相[面～]橡木	
ciaŋ	1	姜僵江惊-	
ciaŋ	3	颈	
ciaŋ	5	降[～落]	
cʰiaŋ	1	疆缰僵腔羌轻	
cʰiaŋ	2	強[～大]	
cʰiaŋ	3	强[勉～]	
cʰiaŋ	6	犟	
ɲiaŋ	2	娘	
ɲiaŋ	3	仰	
ɲiaŋ	5	酿	
ɲiaŋ	6	让	
çiaŋ	1	香乡	
çiaŋ	2	降[～服]	
çiaŋ	3	响晌饷飨享	
çiaŋ	5	向	
iaŋ	1	央秧殃泱怏鸯萦-[～毛线]	
iaŋ	2	羊阳杨洋扬疡烊飏萤赢-	
iaŋ	3	养氧痒影-	
iaŋ	5	漾恙印-	
iaŋ	6	样	
kuaŋ	1	光胱咣	
kuaŋ	3	广	
kuaŋ	5	□[形容很绿：～绿咯]	
kuaŋ	6	逛	
kʰuaŋ	1	框匡筐眶	
kʰuaŋ	2	狂	
kʰuaŋ	3	□[常形容食物不结实致密：～泻咯]	
kʰuaŋ	5	况矿犷	
kʰuaŋ	6	□[撞着或碰着：骑车莫～哒人]	
uaŋ	1	汪	
uaŋ	2	王亡	
uaŋ	3	网往枉惘[～然]	
uaŋ	5	旺	
uaŋ	6	忘妄望	
pəŋ	1	崩绷嘣	
pəŋ	5	蹦泵	
pʰəŋ	2	棚朋鹏蓬篷	
pʰəŋ	3	捧	
pʰəŋ	5	碰椪喷[～香]	
məŋ	2	蒙	
məŋ	3	猛锰懵	
məŋ	5	孟	
məŋ	6	梦	
təŋ	1	东冬	
təŋ	3	懂董	
təŋ	5	冻栋	
təŋ	7	□[相信别人对自己夸大其词的赞扬而请客显摆等：莫信别个～]□[用力往下压：～藕煤]	
tʰəŋ	1	通	
tʰəŋ	2	同铜桐童瞳潼	
tʰəŋ	3	筒桶捅统	
tʰəŋ	5	痛恸	
tʰəŋ	6	动洞	
ləŋ	1	聋	
ləŋ	2	龙笼珑胧齈[鼻涕～]农浓侬脓隆	
ləŋ	3	拢陇垅	
ləŋ	5	弄	
ʦəŋ	1	综宗棕淙鬃	
ʦəŋ	3	总	
ʦəŋ	5	粽纵	
ʦʰəŋ	1	葱聪囱匆从[～容]	
ʦʰəŋ	2	从[～小]丛枞崇	
ʦʰəŋ	3	搡[推：～我干什么]	
səŋ	1	松淞嵩	
səŋ	2	怂[抠门的人:～老倌唧]	
səŋ	3	耸怂悚	
səŋ	5	送宋诵颂讼	
tʂəŋ	1	中[～间]终忠盅钟	
tʂəŋ	3	肿冢种[～性]	
tʂəŋ	5	中[～标]仲众种[～树]	
tʂʰəŋ	1	冲充舂	
tʂʰəŋ	2	虫重[～复]	
tʂʰəŋ	3	宠	
tʂʰəŋ	5	铳	
tʂʰəŋ	6	重[轻～]	
kəŋ	1	公蚣恭工功攻供[～应]龚弓宫躬	
kəŋ	3	拱[～手]汞巩	
kəŋ	5	供[～品]贡拱[～进洞里]	
kəŋ	6	共	
kʰəŋ	1	空[～间]	
kʰəŋ	3	孔恐	
kʰəŋ	5	控空[～闲]	
ŋəŋ	1	翁嗡	
ŋəŋ	5	瓮甕	
xəŋ	1	轰烘风枫疯峰锋蜂烽丰封	
xəŋ	2	弘红虹冯缝[～扣子]逢宏洪	
xəŋ	3	讽哄	
xəŋ	5	凤奉俸	
xəŋ	6	缝[一条～]蕻[～子菜]	
cʰiŋ	2	穷	
çiŋ	1	兄凶胸匈汹芎	
çiŋ	2	熊雄	
çiŋ	5	嗅	
iŋ	1	拥庸雍臃	
iŋ	2	融容溶熔荣榕蓉茸戎绒	
iŋ	3	永勇咏蛹	
iŋ	6	用佣	
m	6	姆[～妈]	
n	1	嗯[～诺]	
n	6	你-	
