tsɿ	1	55	鸡姿咨资饥=肌
tsɿ	2	13	池弛迟祁(~阳)鳍辞其棋旗期(时~)鬃
tsɿ	3	51	紫纸只(~有)子=(~孙)止趾址纪杞旨指几(~个)
tsɿ	4	213	徛(立)技妓痔
tsɿ	5	33	计继智寄=(~东西)自致掷制记=既=季=
tsɿ	6	41	侄字蛰(惊~)
tsɿ	7	44	执汁急质摺褶击激
tsʰɿ	1	55	嗤(~笑)欺
tsʰɿ	7	44	契次=(~要)器=弃气汽=
tsʰɿ	6	41	秩
sɿ	1	55	斯撕厮屎诗私师狮尸
sɿ	2	13	时拾(~起来)适释
sɿ	3	51	齿始起=
sɿ	4	213	是氏似祀巳(辰~)士仕
sɿ	5	33	世势戏厮(茅~)
sɿ	6	41	豉(豆~)视嗜饲事十实失室悉(熟~)
sɿ	7	44	歇蝎
pi	1	55	跛
pi	2	13	牌排
pi	3	51	摆
pi	5	33	破贝-拜
pi	6	41	稗败
pi	7	44	八
pʰi	6	41	弼
mi	2	13	猫
mi	4	213	买
mi	6	41	卖迈
ti	1	55	□(鸡鸭得瘟病：ti55 tɕi41)
ti	2	13	枱(桌子)苔抬台呈
ti	4	213	待在-
ti	5	33	贷
ti	6	41	代袋
tʰi	1	55	胎猜腮差(~拐子：当差的)
tʰi	3	51	□(钱)
tʰi	5	33	菜蔡
tʰi	7	44	插擦-
ni	2	13	银浓
ni	4	213	忍酽奶
ni	6	41	认而捺
ni	7	44	□(捉)
li	2	13	虫
li	4	213	弟洒(~水)
li	5	33	戴带载
li	6	41	辣瘌赖癞泣
si	1	55	心辛新薪□(锯木头)筛(动词)
si	2	13	筛(~子)材财裁豺
si	7	44	信讯赛哂
si	6	41	昔席夕惜寨
si	7	44	杀
tɕi	1	55	针今-金襟奸津珍真经=巾斤=筋亲(老~:亲家)京=荆惊鲸蒸征精-(~神)贞侦钟(几点~)
tɕi	2	13	秦陈尘承丞程穷勤=辰晨臣
tɕi	3	51	紧谨种-(~子)胂
tɕi	4	213	尽(~管)近静-在=
tɕi	5	33	涧镇(仙子脚~)供-(上~)禁-(-山)
tɕi	6	41	籍藉寂助同
tɕʰi	1	55	亲(~戚)称(~呼)
tɕʰi	5	33	寝渗(~透)称(相~)秤
ɕi	1	55	深身申伸欣升胜=(~任)江兴馨恐河
ɕi	2	13	神鞋
ɕi	3	51	审(~公事)
ɕi	5	33	胜-(~败)
ɕi	6	41	匣(一~烟)剩狭峡习辖
ɕi	7	44	瞎
ki	1	55	街
ki	3	51	讲解
ki	4	213	菌
ki	5	33	介界芥疥届戒-记-饥-既-季-
ki	6	41	集及(~时)极吉级疾绩
ki	7	44	涩(柿子很~口)
kʰi	1	55	挨
kʰi	2	13	器-
kʰi	6	41	起-
kʰi	5	33	汽-
kʰi	7	44	挟擦=触
ŋi	2	13	吟
i	1	55	音阴荫应因姻泅英
i	2	13	鹰(~mə41:老鹰)荣萤恩-
i	3	51	矮
i	4	213	引领-(带~)
i	5	33	镊蹑印影壅(~肥)
i	6	41	辑逸翼译液腋易用
i	7	44	忆亿抑靥-
pu	1	55	疤
pu	2	13	婆把杷耙划(~船)蒲
pu	3	51	把补谱斧
pu	4	213	抱-部簿
pu	7	44	柄醭(生~)把(~柄)薄(~荷)
pu	6	41	薄=(~酒)步捕白帛魄
pu	7	44	百柏
pʰu	1	55	铺
pʰu	3	51	普浦
pʰu	5	33	帕铺(店~)讣
pʰu	6	41	瀑仆(~人)
pʰu	7	44	扑仆(~到)
mu	2	13	麻痳蟆
mu	4	213	卯马码瓦(~片)戊(~时)
mu	5	33	幕
mu	6	41	抹麦目穆牧陌
tu	1	55	楂(山~)渣眨(又音)
tu	5	33	诈榨炸闸躲
tu	6	41	乍大(~病)
tu	7	44	劄(用针~)摘
tʰu	1	55	叉杈差(~不多)
tʰu	5	33	岔
tʰu	6	41	骂(训读)
tʰu	7	44	拆□(开~:皮肤开裂)塔榻塌秃
lu	6	41	陆拉(~屎~尿)腊蜡鹿禄
lu	7	44	答搭
tsu	6	41	浊镯
tsʰu	6	41	族
su	1	55	沙纱杉
su	2	13	茶搽查(调~)察
su	5	33	漱撒
su	6	41	择宅□(村里)
ku	1	55	家加痂嘉傢瓜蜗歌锅戈
ku	3	51	假(真~)贾剐寡(~母)
ku	5	33	过假(放~)架驾嫁稼价
ku	7	44	鸽夹𬡒(~衣)甲胛各搁胳隔-阁
kʰu	1	55	棵桠
kʰu	5	33	货库
kʰu	7	44	酷
xu	1	55	蝦虾哈(~公背:驼背)花
xu	2	13	何荷(~花)和(~气)
xu	3	51	火伙府
xu	4	213	妇负(~责)祸下厦
xu	5	33	副付赋傅荷(薄~)吓卸
xu	6	41	画话佛复服贺夏(立~)付腐合(~作)和(~面)
xu	7	44	客蠚(蜇人)吓(~人)福幅
ŋu	2	13	牙芽
u	1	55	鸦丫
u	2	13	禾蒙-
u	3	51	哑要抚
u	4	213	武雨(落~)
u	5	33	砑
u	3	51	若肉雾芋(~暮：芋头)
u	7	44	鸭押压扼轭(~牛)轧恶(好~)
pa	1	55	碑
pa	2	13	枇袍浮便(~宜)
pa	3	51	彼此保堡宝
pa	4	213	抱=暴(~雨)
pa	5	33	报
pa	6	41	避鼻菢(~小鸡)别-(~开)
pa	7	44	别=(分~)憋笔毕必碧
pʰa	5	33	屁
pʰa	7	44	拍
ma	1	55	□(用嘴含着)
ma	2	13	毛茅矛
ma	3	51	□(讨厌、不喜欢,批评小孩)
ma	4	213	没(~有)
ma	5	33	咪(~~笑)
ma	6	41	冒帽貌蜜茂抹(~掉)
ta	1	55	糟
ta	2	13	掏桃逃淘陶萄涛绹(扎头发)
ta	3	51	姊早枣蚤澡姐
ta	4	213	道
ta	5	33	灶
ta	6	41	地遭跌滴
ta	7	44	眨(常用音)
tʰa	1	55	操踩(一脚踩下去)
tʰa	3	51	讨草
tʰa	4	213	造-(建~)
tʰa	5	33	刺套躁糙(~米)
tʰa	7	44	七漆
na	2	13	铙
na	3	51	脑
na	4	213	恼
na	6	41	闹
la	1	55	刀
la	2	13	劳牢涝厘狸梨
la	3	51	倒(树~了)
la	4	213	礼离篱璃裂李里理鲤老
la	5	33	倒(~水)泪(眼~水)逆-
la	6	41	栗例厉励荔立利痢烈
la	7	44	笠粒
sa	1	55	骚躁(~气)嫂鳃
sa	2	13	曹槽
sa	3	51	死
sa	4	213	踩(指走来走去地踩)
sa	5	33	四肆扫(~地)
sa	6	41	浸
sa	7	44	扫(~帚)
ka	1	55	高膏(药~)篙(竹~)羔糕
ka	3	51	稿杆(高粱~)
ka	5	33	告(~状)
ka	7	44	合(十~一升)
kʰa	1	55	敲打
kʰa	3	51	考
kʰa	5	33	烤(~烟)靠稿
xa	1	55	薅(~田草)
xa	2	13	壕(~沟)毫号(~哭)
xa	3	51	好(很~)
xa	5	33	好(~吃懒做)耗
xa	6	41	篙(茼~)号(几~)
ŋa	1	55	熬(~药)
ŋa	2	13	握
ŋa	5	33	懊(~悔)
lua	2	13	劣(~东西)
lua	6	41	累-(连~)
tsua	1	55	追锥钻
tsua	2	13	槌锉
tsua	3	51	撮(一~米)
tsua	5	33	醉垂=(~眼皮:打瞌睡）
tsua	7	44	啄
tsʰua	1	55	吹炊
sua	3	51	水
sua	7	44	出
kua	1	55	圭闺规龟归
kua	3	51	轨癸鬼诡
kua	4	213	跪
kua	5	33	桂贵
kua	6	41	括(包~,~号)□(刀钝了)
kua	7	44	骨
kʰua	1	55	奎亏愧
kʰua	6	41	柜
kʰua	7	44	说
xua	2	13	肥
xua	3	51	毁
xua	5	33	费(~用)
xua	6	41	划
xua	7	44	窟(窟窿:xua ko)
ua	1	55	萎踒(~脚)
ua	2	13	围(~起来)
ua	5	33	喂
ua	6	41	卫为(~了)未味魏维胃纬伟违位
ua	7	44	□(折起来)
pie	1	55	奔(~跑)坍分(~开)崩
pie	2	13	盆朋彭膨棚篷蓬丛
pie	3	51	本
pie	4	213	蚌-
pie	5	33	奔
pie	6	41	份(一~)
pie	7	44	给(~你)
pʰie	3	51	捧
pʰie	6	41	蜂(蜜~:ma pʰie)
mie	1	55	眯(~眼睛)
mie	2	13	门□(兄弟)
mie	5	33	闻嗅
mie	6	41	闷问璺梦懵
tie	1	55	棕(~树)
tie	2	13	腾誊藤铜桐筒□(扶)
tie	6	41	盾(矛~)邓洞(一~田)
tʰie	1	55	葱
tʰie	3	51	桶
nie	6	41	业孽逆=
lie	1	55	灯东冬
lie	2	13	聋
lie	3	51	等统
lie	5	33	凳冻垂-
sie	2	13	潜沉存曾(~经)层从(跟~)澄(~清)重=(~复)
sie	4	213	重-(轻~)
sie	5	33	赠送宋怂-诵颂讼
ɕie	3	51	□(指米、盐有杂质)
ɕie	6	41	穴设
kie	1	55	吞跟根庚(又音，老~)哽宗(祖~:to kie)弓宫公蚣工功攻贡-天-(昨~)
kie	3	51	垦恳梗(玉米~)拱
kie	5	33	冷粽(~仔粑粑:kiɯ kie sau)
kie	6	41	杰
kie	7	44	廓
kʰie	7	44	扩
xie	1	55	闲空
xie	2	13	弘红洪鸿虹冯熊
xie	3	51	肯
xie	5	33	岸
nye	1	55	软
nye	6	41	嫩
lye	2	13	论伦沦轮
lye	4	213	律率
lye	5	33	顿(一~饭)
tɕʰye	1	55	村
tɕʰye	5	33	寸
ɕye	1	55	孙
ɕye	3	51	损省
kye	1	55	裤
kye	3	51	捆
kye	5	33	棍
kye	6	41	掘倔
kye	7	44	刮滚
kʰye	7	44	撅(折断)
xye	1	55	昏婚浑芬纷焚坟风枫疯丰讽荤封峰敷忽
xye	2	13	魂
xye	3	51	粉
xye	4	213	愤忿
xye	5	33	困睏(~觉)
xye	6	41	缝-(一条~)
ye	1	55	温瘟
ye	2	13	文蚊纹
ye	3	51	稳
ye	4	213	吻勿
ye	6	41	域
ye	7	44	哕(干~)
pə	1	55	杯悲
pə	2	13	培陪赔
pə	3	51	□(指小孩肚子鼓胀不消化)
pə	4	213	倍伯
pə	5	33	背(~部)贝=
pə	6	41	背(~书)□(挡路)
pə	7	44	钵拨北
pə	1	55	丕烹
pʰə	5	33	沛派
pʰə	7	44	泼迫
mə	2	13	梅枚媒煤谋眉嵋霉莫□(~lə:植物的茎)
mə	4	213	不
mə	5	33	□(想)
mə	6	41	媚寐墨默脉
tə	3	51	崽(~~人)
tə	4	213	都(~来了)
tə	5	33	做贷
tə	6	41	他
tə	7	44	□(复秤)
tʰə	3	51	贼
tʰə	5	33	太泰
tʰə	7	44	特
nə	3	51	拿
nə	6	41	纳
lə	5	33	子-(词尾,如李~)
lə	6	41	夺
lə	7	44	得德肋勒
tsə	6	41	则责
sə	1	55	思(想)
sə	5	33	媳
sə	7	44	塞色啬
kə	1	55	该
kə	3	51	改
kə	5	33	盖戒=
kə	7	44	割葛格革隔=
kʰə	5	33	咳
kʰə	7	44	刻克
xə	1	55	开
xə	3	51	海
xə	4	213	亥
xə	6	41	核-害
xə	7	44	核=黑赫
ŋə	3	51	□(询问,什么的意思)
ŋə	6	41	额碍艾
ŋə	7	44	□(杀)
ə	6	41	那
ə	7	44	爱
piə	7	44	膘标彪
piə	3	51	表
piə	7	44	剥驳
pʰiə	1	55	飘
niə	4	213	纽
niə	6	41	尿
liə	1	55	刁貂雕挑(~选)
liə	2	13	燎聊辽撩
liə	5	33	垂-
liə	6	41	鸟
liə	4	213	了(~结)瞭蒌-
liə	7	44	钓(~鱼)弔掉调(~子)廖
liə	6	41	疗料(下~,指砌房子用材料)力
tsiə	1	55	□(指豆角晒痨了）
tsiə	2	13	樵瞧条调(~和)
tsiə	5	33	蕉椒(海~)
tsʰiə	1	55	锹缲(~边)
tsʰiə	5	33	跳
siə	1	55	消宵霄硝销萧箫
siə	5	33	笑
siə	7	44	楔
tɕiə	1	55	浇召昭招沼
tɕiə	2	13	朝(~代)潮乔桥荞茄
tɕiə	5	33	赵兆照诏占
tɕiə	6	41	轿着(睡~)直值
tɕiə	7	44	脚角=(一~钱)觉=织职
tɕʰiə	6	41	憔(牛倒~)
tɕʰiə	5	33	却勺
ɕiə	1	55	烧
ɕiə	2	13	少=(老~)韶
ɕiə	3	51	少-(~多)
ɕiə	6	41	食=(名词)
ɕiə	7	44	识(~字)
xiə	5	33	酌(~酒)
iə	1	55	妖腰要(~求)
iə	2	13	摇谣窑姚
iə	4	213	动
iə	6	41	药钥跃乐(音~)食-(动词,~饭)鹞
iə	7	44	薄-(厚~)约
luə	1	55	堆(~起来)累
luə	2	13	雷
luə	4	213	累=(极困)捋
luə	6	41	队(~长)累=(~积)
tsuə	4	213	罪(受~)
tsʰuə	1	55	推催
tsʰuə	5	33	退褪蜕(~皮)
tsʰuə	7	44	脱
suə	1	55	摔
suə	5	33	碎小
suə	7	44	刷率(~颈）
kuə	7	44	国
xuə	1	55	恢灰挥辉徽
xuə	2	13	回
xuə	3	51	悔否
xuə	6	41	会活或惑获
xuə	7	44	阔
uə	6	41	会(~不~)
po	1	55	□(拟声词)
po	6	41	拔缚
pʰo	1	55	拼-(~命)
pʰo	2	13	□(耍赖)
mo	4	213	亩牡
mo	6	41	膜幕
to	1	55	租
to	2	13	床徒屠途涂图
to	3	51	冢堵祖组阻
to	4	213	杜肚
to	6	41	独读犊毒度渡镀
to	7	44	督
tʰo	1	55	粗初
tʰo	2	13	驼(~子)
tʰo	3	51	土楚
tʰo	5	33	吐兔醋措
tʰo	7	44	□(指车子颠簸)
no	2	13	奴
no	4	213	努
lo	2	13	卢炉芦鸬
lo	3	51	赌
lo	4	213	鲁噜卤滷虏捋-
lo	5	33	啰(~嗦)
lo	6	41	洛络乐路露鹭
so	1	55	苏酥梳疏
so	2	13	锄厨
so	3	51	数(动词)
so	4	213	柱
so	5	33	素戽(~水)数(名词)
so	6	41	箸住
so	7	44	缩
ko	1	55	姑孤
ko	3	51	古估牯股鼓
ko	5	33	雇顾告(~诉)
ko	6	41	故(~事)
ko	1	55	谷
kʰo	1	55	科
kʰo	3	51	苦=(辛~)
kʰo	5	33	课
kʰo	6	41	砍(砍树)
xo	1	55	枯
xo	2	13	胡湖狐壶葫□(双手围抱)
xo	3	51	虎苦-(~瓜)
xo	5	33	去
xo	7	44	哭
xo	2	13	吴鱼虞
o	1	55	乌污挑(~担子)
o	7	44	屋
nio	3	51	女(称呼别人的女孩:nio51 nio51)
nio	4	213	女(称呼自己的女儿:nio213)
lio	3	51	突
lio	6	41	略掠虐绿
lio	7	44	曲-(弯~)
sio	1	55	须
sio	5	33	絮
sio	7	44	粟
tɕio	1	55	诛蛛株朱殊珠猪车(~马炮)锔
tɕio	3	51	肘煮主-(做~)
tɕio	4	213	拄
tɕio	5	33	剧=据锯铸句
tɕio	6	41	嚼鹊
tɕio	7	44	卒烛
tɕʰio	1	55	蛆
tɕʰio	2	13	偷=(明目张胆地偷)
tɕʰio	6	41	戳蔗
ɕio	1	55	书舒墟虚嘘输
ɕio	3	51	暑鼠黍许(~配)
ɕio	4	213	举竖
ɕio	6	41	赎束(一~花)庶恕署薯树
kio	1	55	圈-(~起来)
kio	4	213	着(着色)
kio	5	33	□(在床上滚来滚去)
kʰio	6	41	确
io	6	41	诺浴
pɔ	6	41	卜(萝~)
tɔ	6	41	达
nɔ	7	44	捺
ŋ	1	55	安鞍庵
ŋ	2	13	人仁
ŋ	3	51	□(指做衣服的布)
ŋ	4	213	五伍午
ŋ	6	41	入木日-(几月几日)
m	6	41	姆(~妈)
pioŋ	1	55	宾冰兵彬
pioŋ	2	13	贫频凭平坪评瓶屏(~风)萍
pioŋ	3	51	丙秉饼
pioŋ	6	41	病
mioŋ	2	13	闽民鸣明名铭
mioŋ	4	213	敏抿
mioŋ	6	41	命
nioŋ	2	13	盈嬴□(指老婆、媳妇)
lioŋ	1	55	丁钉(~子)疔
lioŋ	2	13	陵(零~)凌菱灵零铃伶
lioŋ	3	51	顶
lioŋ	4	213	陇垄领=(~取)岭
lioŋ	5	33	钉(~起)订
lioŋ	6	41	令=(一~纸，命~)
tɕioŋ	1	55	晴精=品正(~月)
tɕioŋ	2	13	情晴(眼~)
tɕioŋ	3	51	诊疹境=景=警=井整颈主=
tɕioŋ	4	213	静=
tɕioŋ	5	33	禁(~止)敬(~酒)竟镜竞正政证症中(射~)
tɕioŋ	6	41	净禁=
tɕʰioŋ	1	55	清轻厅青蜻宠
tɕʰioŋ	3	51	请
tɕʰioŋ	5	33	听铳(放~)
tɕʰioŋ	7	44	戚
ɕioŋ	1	55	嗓声星腥胸兄
ɕioŋ	2	13	成城诚盛(~饭)
ɕioŋ	3	51	醒
ɕioŋ	5	33	锈性姓
ioŋ	4	213	涌
poŋ	1	55	般搬帮
poŋ	2	13	盘-(~子)旁螃傍庞(都~岭)
poŋ	3	51	绑
poŋ	4	213	伴
poŋ	5	33	半绊放蚌-
poŋ	6	41	拌
moŋ	2	13	瞒馒忙茫蒙=
moŋ	4	213	满莽蟒网
moŋ	6	41	望
toŋ	1	55	端=庄(~稼)装
toŋ	2	13	潭谭谈痰团檀坛弹(~琴)堂棠膛唐糖塘藏
toŋ	3	51	斩总
toŋ	4	213	淡断(~绝)荡
toŋ	5	33	断(决~)锻葬胀-
toŋ	6	41	段-缎(~子)
tʰoŋ	1	55	通汤仓苍疮
tʰoŋ	3	51	毯
noŋ	1	55	担(~任)
noŋ	2	13	南男囊
noŋ	3	51	胆
noŋ	4	213	暖
noŋ	5	33	担(挑~)
loŋ	1	55	耽当(~时)端-(~午节)
loŋ	2	13	蓝篮笼
loŋ	3	51	短党挡
loŋ	4	213	诞卵蛋
loŋ	5	33	当(~作,~东西)
loŋ	6	41	弄隆乱
tsʰoŋ	1	55	聪怱怂=
soŋ	1	55	三珊删酸桑丧(婚~)嵩霜孀窗双从(~容)
soŋ	2	13	蚕长(~短)肠场爽
soŋ	3	51	嗓(柱下石)闯
soŋ	4	213	丈(一~布)杖
soŋ	5	33	算蒜丧(~失)
soŋ	3	51	錾(~花)状撞
koŋ	1	55	甘柑泔监(~视)肝冈岗刚纲钢缸官恭
koŋ	3	51	橄管馆橄
koŋ	5	33	灌杠虹(彩~)贡=
koŋ	6	41	赶(~走)
kʰoŋ	3	51	孔
xoŋ	1	55	康糠荒慌方-(地~)肪轰(~出去)松棺宽(~裕)欢-
xoŋ	2	13	含函咸衔帆(~布)寒韩房防黄簧皇蝗宏逢缝=(~衣)
xoŋ	3	51	哄
xoŋ	4	213	旱奉
xoŋ	5	33	唤
xoŋ	6	41	汗(出~)焊翰凤
oŋ	3	51	碗
oŋ	5	33	甕
tsuaŋ	5	33	端=
tsuaŋ	6	41	段=
kʰuaŋ	5	33	矿
kʰuaŋ	7	44	橘
niaŋ	2	13	娘=
niaŋ	3	51	壤-
niaŋ	6	41	酿让
liaŋ	2	13	良凉量(~长短)粮梁粱龙
liaŋ	4	213	两仰
liaŋ	6	41	亮谅辆量(数~)
tɕiaŋ	1	55	浆张章樟姜将(大~)供=
tɕiaŋ	2	13	墙详祥强
tɕiaŋ	3	51	展茧蒋(姓)桨长(生~)涨掌
tɕiaŋ	4	213	象(大~)仗(~势欺人)
tɕiaŋ	5	33	蘸帐账胀=障种=(~树)
tɕiaŋ	6	41	像(好~)匠
tɕʰiaŋ	1	55	枪菖(~蒲)
tɕʰiaŋ	3	51	产抢厂
tɕʰiaŋ	4	213	强(勉~)
tɕʰiaŋ	5	33	畅唱倡
ɕiaŋ	1	55	相(互~)箱厢湘镶襄商伤香乡
ɕiaŋ	2	13	常尝偿
ɕiaŋ	3	51	想赏晌(~午)享响饷
ɕiaŋ	4	213	善上(~山)
ɕiaŋ	5	33	相(~貌)向
ɕiaŋ	6	41	尚上(~面)
kiaŋ	1	55	僵
kiaŋ	2	13	□(图)
kiaŋ	3	51	□(一捆东西)
kiaŋ	5	33	降(下~)
kʰiaŋ	5	33	腔(口~)
iaŋ	1	55	央秧殃
iaŋ	2	13	羊洋烊(雪~了：雪化了)杨阳扬疡融瓤绒
iaŋ	4	213	壤=嚷养痒氄
iaŋ	6	41	样
tsuen	1	55	专砖
tsuen	2	13	全(~州)泉传(~达)船纯醇群
tsuen	3	51	转(~送,~眼)
tsuen	5	33	传(~记)
tsuen	6	41	转(~圈圈)旋篆
tsʰuen	1	55	氽(~汤)川穿(~针)迁-
tsʰuen	5	33	串(一~)创
suen	1	55	闩拴宣
suen	3	51	选
suen	5	33	涮训
suen	6	41	眩殉旬循巡
kuen	1	55	关光
kuen	2	13	拳权颧
kuen	3	51	卷广
kuen	5	33	贯惯逛
kʰuen	1	55	圈=(眼~)筐眶昆坤
kʰuen	5	33	劝楦(鞋~)旷况
xuen	1	55	欢=藩翻番方=(~方土,方向)芳妨
xuen	2	13	烦繁
xuen	3	51	仿纺缓反贩
xuen	4	213	犯
xuen	5	33	焕
xuen	6	41	范(模~)饭患宦
uen	1	55	弯湾冤汪(一~水)
uen	2	13	完丸顽亡元原源横(~直)王还(~原)环圆员缘袁辕园援
uen	3	51	宛
uen	4	213	阮远往
uen	5	33	腕院辋
uen	6	41	晚挽万愿怨旺
ɕyen	5	33	舜
kyen	5	33	倦捐君军郡
yen	6	41	铅
paŋ	5	33	棒蚌=笔
pʰaŋ	5	33	胖
pʰaŋ	6	41	盘=(姓)
taŋ	5	33	残
tʰaŋ	1	55	贪
tʰaŋ	5	33	瘫
saŋ	2	13	□(昨天，saŋ kie)
saŋ	5	33	诉
ŋaŋ	6	41	雁(寿~)
pien	5	33	迸
nien	1	55	阉烟
nien	2	13	炎盐阎檐严燃
nien	3	51	魇
nien	5	33	厌堰燕(~子)
nien	6	41	染艳焰扇(~风)
lien	6	41	恋=
tɕien	1	55	笺
tɕien	3	51	碱检笕
tɕien	4	213	件
tɕien	5	33	荐见
tɕien	6	41	战(~士)阵
tɕʰien	1	55	签牵
tɕʰien	5	33	欠
ɕien	2	13	嫌贤弦行(~为)形型刑
ɕien	3	51	险显
ɕien	5	33	扇(~子)献线(禾~.稻穗)圣盛(兴~)
ɕien	6	41	现行(品~)
kien	1	55	简柬拣京-
kien	3	51	境-景-警-
kien	5	33	经建劲健腱
kien	6	41	芹
kʰien	5	33	款庆(~贺)
kʰien	6	41	钳琴勤-
ŋien	2	13	迎
ien	1	55	莺鹦櫻映
ien	2	13	壬颜寅延筵仍扔蝇
ien	4	213	演
ien	5	33	咽
ien	6	41	谚
ien	7	44	靥=
pen	1	55	班斑颁扳攀鞭编边=辫邦
pen	3	51	贬板版榜扁匾
pen	4	213	办=(~事)辩辫
pen	5	33	扮拔变
pen	6	41	办-(法~)便(方~)
pʰen	1	55	篇偏潘喷(~水)拼=
pʰen	5	33	品盼襻(纽~)騙喷(~香)遍=(~地)片判叛并(合~)聘
men	1	55	边-
men	2	13	蛮棉(~纸)芒(~果)盲虻孟
men	3	51	□(把东西丢开)
men	4	213	免勉猛
men	5	33	遍-(一~)
men	6	41	慢漫幔麺面(脸)麵蔓(瓜~子)
ten	1	55	尖歼掂煎墩登征(~求)争筝睁
ten	2	13	甜田填澄
ten	3	51	剪
ten	4	213	簟
ten	5	33	绽溅-瞪箭
ten	6	41	枕电殿奠佃垫震锭定
ten	7	44	鲫(~鱼)
tʰen	1	55	添天=迁-拼-
tʰen	2	13	停蜒
tʰen	3	51	惨舔=坦铲浅躺
tʰen	4	213	挺
tʰen	5	33	炭叹烫趟撑
nen	2	13	难=(~易)年宁(~可)
nen	4	213	撵
nen	6	41	验念另难-(患~)碾
len	1	55	丹单颠癫
len	2	13	林淋临怜莲恋-兰拦栏连联鳞燐邻
len	3	51	点典
len	4	213	览揽榄懒朗
len	6	41	滥缆殓赁烂练炼楝捏浪令-
tsen	1	55	今=
tsen	2	13	惩
tsen	5	33	尊
tsʰen	1	55	千迁=
tsʰen	5	33	衬
sen	1	55	森参(人~)山仙鲜先省(反~)僧生牲笙甥
sen	2	13	钱前橙(~子)
sen	3	51	陕伞癣
sen	5	33	闪散(分~)线
sen	6	41	贱饯
ken	1	55	艰间(中~)肩更(五~天)庚(时辰)粳耕
ken	2	13	□(用索子捆)
ken	3	51	感减秆赶擀港
ken	5	33	监(~牢)干(~部)斤-(~~计较)更(~加)间(~断)埂
kʰen	1	55	坑
kʰen	5	33	抗扛
kʰen	6	41	次-
xen	1	55	憨
xen	2	13	痕行(一~)航杭衡凡还(~有)
xen	3	51	罕
xen	4	213	撼限很项
xen	6	41	陷馅恨汉(~朝)横(~行霸道)苋(~菜)夯
ŋen	2	13	岩
ŋen	5	33	恩=
ŋen	6	41	硬
en	6	41	按案
piu	2	13	爬
piu	7	44	壁
niu	1	55	粘(~在一起)看(~守)
niu	5	33	看(~见)
liu	4	213	舔-
liu	6	41	历
tsʰiu	7	44	侧
siu	5	33	泄
tɕiu	1	55	遮
tɕiu	3	51	耍
tɕiu	5	33	借溅=
tɕiu	6	41	笛逐轴
tɕiu	7	44	积迹脊只(一~手)炙(~火:烤火)
tɕʰiu	1	55	车(马~)
tɕʰiu	3	51	扯
tɕʰiu	5	33	踢笡(斜)
tɕʰiu	6	41	除=
tɕʰiu	7	44	赤斥尺
ɕiu	1	55	奢赊
ɕiu	2	13	蛇佘
ɕiu	3	51	写泻舍
ɕiu	4	213	社
ɕiu	6	41	石射速俗续嘱蜀属麝
ɕiu	7	44	锡
iu	3	51	哪
iu	4	213	我惹野
iu	6	41	育辱褥狱欲夜
iu	7	44	郁
piao	2	13	□(浪费)
piao	5	33	□(掰开)
piao	4	4	热
miao	1	55	摸
miao	4	213	秒
tɕiao	6	41	嚼
tɕʰiao	2	13	吵（~嘴巴)
kiao	3	51	□(丢)
kiao	5	33	□(①官话:~勒话②~叽螺蛳;你说东他说西)
kiao	7	44	饺
kʰiao	3	51	巧
iao	5	33	亚
pao	1	55	飞霸=
pao	2	13	皮疲脾密
pao	3	51	□(猛吃)□(踢)
pao	4	213	被(~子)婢
pao	5	33	簸换(~东西)
pao	7	44	匹
mao	1	55	□(把不属于自己的东西俱为已有)
mao	2	13	糜魔磨(~刀)摩馍□(忘记:mau xu pa)
mao	3	51	□(祖母)
mao	4	213	尾
mao	6	41	磨(石~子)
tao	1	55	早(吃早饭:iə51 tao55)
tao	3	51	爪
tao	4	213	舵惰垛叠
tao	5	33	左哥
tao	7	44	着(~衣)
tʰao	1	55	抄钞拖
tʰao	3	51	炒吵
tʰao	5	33	唾锉错(~误)
tʰao	6	41	□(鞋子没穿进，~着走)
tʰao	7	44	错(~杂)托
nao	1	55	挪搓
nao	2	13	娘-
nao	3	51	朵(一~花)
nao	6	41	糯
nao	7	44	□(肥壮)
lao	1	55	多
lao	2	13	罗锣箩骡螺脶来
lao	3	51	□(难以长大的鸭子：lao51 kiə41  u41)
lao	4	213	裸
lao	5	33	个(一~)
lao	6	41	落烙
tsao	3	51	杂
tsʰao	5	33	造=
sao	1	55	蓑梭唆
sao	3	51	朔(阳~)锁琐
sao	4	213	坐
sao	5	33	潲
sao	6	41	凿□(疼痛)
sao	7	44	索膝(~盖)虱
kʰao	7	44	恰掐
ŋao	2	13	蛾鹅俄
ŋao	6	41	饿卧
piɯ	1	55	包胞
piɯ	2	13	刨
piɯ	3	51	饱埋
piɯ	5	33	豹爆霸-雹
pʰiɯ	1	55	跑抛=漂(~亮)
pʰiɯ	5	33	泡(~在水里)炮漂(~白粉)票
miɯ	2	13	苗描猫(咪~)
niɯ	4	213	咬
niɯ	5	33	□(憨)
liɯ	2	13	流留榴硫琉溜馏
liɯ	4	213	柳
liɯ	6	41	六
tsʰiɯ	3	51	悄(~~地)
siɯ	7	44	削息熄
tɕiɯ	1	55	鬏(~子)周舟州洲纠=
tɕiɯ	2	13	求球
tɕiɯ	3	51	酒帚九久韭炙(针~)
tɕiɯ	4	213	臼舅咎
tɕiɯ	5	33	昼咒救究
tɕiɯ	6	41	就旧柩
tɕʰiɯ	1	55	秋丘
tɕʰiɯ	2	13	绸稠
tɕʰiɯ	3	51	丑醜
tɕʰiɯ	5	33	臭
tɕʰiɯ	6	41	袖
ɕiɯ	1	55	修羞收手首守休
ɕiɯ	2	13	仇酬
ɕiɯ	3	51	朽
ɕiɯ	4	213	受
ɕiɯ	5	33	绣宿(~夜)嗅孝(带~)兽
ɕiɯ	6	41	效校寿授售学熟
ɕiɯ	7	44	叔
kiɯ	1	55	交胶教(~书)觉(睡~)娇(指女养~了)
kiɯ	3	51	绞狡搅搞剿矫纠-
kiɯ	5	33	教(~育)窖校(~对)
kiɯ	7	44	角-(牛~)觉-壳
kʰiɯ	3	51	缴(上~)
kʰiɯ	5	33	窍
kʰiɯ	7	44	磕
iɯ	1	55	忧优
iɯ	2	13	尤邮由油游犹悠
iɯ	4	213	酉莠诱
iɯ	5	33	幼
iɯ	6	41	又右祐弱
pʰəɯ	1	55	抛-
məɯ	4	213	米-
təɯ	1	55	蹲-
təɯ	2	13	题提头投巢
təɯ	3	51	找走
təɯ	5	33	帝皱绉
təɯ	6	41	豆逗
təɯ	7	44	竹筑节结洁接捷
tʰəɯ	1	55	梯搊(~尿)
tʰəɯ	3	51	敨(~气)
tʰəɯ	5	33	替剃透凑
tʰəɯ	7	44	妾铁切(~开)畜帖贴
nəɯ	1	55	□(怕痒)
nəɯ	2	13	泥鲇(~鱼)凝
nəɯ	6	41	砚日=(~头)夏(~天)
ləɯ	1	55	低兜(~着)偷-(指小偷小摸)篓=
ləɯ	2	13	犁楼搂廉镰簾
ləɯ	3	51	底抵斗(一~米)陡
ləɯ	4	213	蒌=眼
ləɯ	6	41	漏
ləɯ	7	44	猪
tsəɯ	5	33	奏
səɯ	1	55	西棲犀搜飕馊
səɯ	2	13	齐脐
səɯ	3	51	洗
səɯ	5	33	细婿嗽
kəɯ	1	55	勾钩沟鸠阉
kəɯ	2	13	□(勾起脑袋，勾起背）
kəɯ	3	51	狗苟
kəɯ	5	33	够构购
kʰəɯ	1	55	抠眍(眼睛~下去了)
kʰəɯ	5	33	扣寇
xəɯ	1	55	□(抓住)
xəɯ	2	13	侯喉猴
xəɯ	3	51	口
xəɯ	4	213	后有友
xəɯ	5	33	候-(~车室)
xəɯ	6	41	候=(时~)
ŋəɯ	1	55	瓯-
ŋəɯ	2	13	牛
əɯ	1	55	瓯=(~子)
əɯ	5	33	沤怄
əɯ	3	51	叶□(溺死)舌
əɯ	1	55	腌日-(~月)
tɕyi	6	41	除-
kyi	1	55	俱
kyi	3	51	矩
kyi	4	213	巨拒距
kyi	6	41	菊局
kyi	7	44	剧-
kʰyi	5	33	区曲=(歌~)
kʰyi	6	41	除-
kʰyi	7	44	屈(~服)
yi	2	13	匀云营
yi	3	51	熨
yi	4	213	允尹
yi	6	41	玉润闰运晕预儒
luei	7	44	虑滤
tsuei	1	55	蹲=
tsuei	2	13	松(~树)
tsuei	3	51	准
tsuei	4	213	促(~雨)
tsuei	5	33	缀
tsuei	6	41	绝(~种)
tsuei	7	44	啄-
tsʰuei	1	55	椿春
tsʰuei	3	51	蠢取
tsʰuei	5	33	脆翠
suei	1	55	熏薰
suei	2	13	悬
suei	3	51	笋榫
suei	5	33	岁税隧迅
suei	6	41	顺巷
suei	7	44	喝(~酒)吸屑(木~)雪(落~)
kuei	1	55	乖(好看)蛙
kuei	2	13	□(眼睁开)
kuei	3	51	拐(~人,骗人)
kuei	5	33	挂卦怪跨
kuei	7	44	蔗(~菜)撅(~子)决诀
kʰuei	5	33	块(一~钱)快筷
kʰuei	7	44	缺
xuei	2	13	怀槐淮
xuei	5	33	废肺鳜(~鱼)
xuei	6	41	劝罚伐筏
xuei	7	44	法乏发血
uei	1	55	宛(~眼睛)挖
uei	6	41	滑猾袜月(~亮)越粤
uei	1	55	月(几~几日)
pei	7	44	逼憋
pʰei	1	55	批僻辟(~地)
pʰei	7	44	撇(~开)劈
mei	1	55	□(吐口水)
mei	2	13	□(盯着,瞄着）
mei	4	213	米=(早禾)
mei	6	41	灭蔑
